job_id,experiment_id,scenario_id,replicate_id,run_id,seeds,output_dir,status,attempt_count,error,authoritative_attempt_dir,source_paths,known_white_noise_transit_snr,computational_gates_passed,scientifically_interpretable
PUB-02__deep_short__rep_0001,PUB-02,deep_short,rep_0001,tcc_campaign_v1__PUB-02__deep_short__rep_0001,"{""generation"": 3185035265, ""inference"": 4100436453, ""predictive"": 1412031472, ""resampling"": 4257832763}",artifacts/publication_campaign/tcc_campaign_v1/runs/PUB-02/deep_short/rep_0001,COMPLETED_REJECTED,1,,artifacts/publication_campaign/tcc_campaign_v1/runs/PUB-02/deep_short/rep_0001/attempt_000,"[""artifacts/publication_campaign/tcc_campaign_v1/runs/PUB-02/deep_short/rep_0001/attempt_000/completion_manifest.json"", ""artifacts/publication_campaign/tcc_campaign_v1/runs/PUB-02/deep_short/rep_0001/attempt_000/environment_preflight.json"", ""artifacts/publication_campaign/tcc_campaign_v1/runs/PUB-02/deep_short/rep_0001/attempt_000/inference_command.json"", ""artifacts/publication_campaign/tcc_campaign_v1/runs/PUB-02/deep_short/rep_0001/attempt_000/inference_config.json"", ""artifacts/publication_campaign/tcc_campaign_v1/runs/PUB-02/deep_short/rep_0001/attempt_000/inference_started.json"", ""artifacts/publication_campaign/tcc_campaign_v1/runs/PUB-02/deep_short/rep_0001/attempt_000/input.csv"", ""artifacts/publication_campaign/tcc_campaign_v1/runs/PUB-02/deep_short/rep_0001/attempt_000/job.json"", ""artifacts/publication_campaign/tcc_campaign_v1/runs/PUB-02/deep_short/rep_0001/attempt_000/predictive_summary.csv"", ""artifacts/publication_campaign/tcc_campaign_v1/runs/PUB-02/deep_short/rep_0001/attempt_000/result.json"", ""artifacts/publication_campaign/tcc_campaign_v1/runs/PUB-02/deep_short/rep_0001/attempt_000/sampler_summary.csv"", ""artifacts/publication_campaign/tcc_campaign_v1/runs/PUB-02/deep_short/rep_0001/attempt_000/trace.nc"", ""artifacts/publication_campaign/tcc_campaign_v1/runs/PUB-02/deep_short/rep_0001/attempt_000/truth.json"", ""artifacts/publication_campaign/tcc_campaign_v1/runs/PUB-02/deep_short/rep_0001/attempt_000/worker_metadata.json""]",77.8117353932514,False,False
PUB-02__deep_short__rep_0009,PUB-02,deep_short,rep_0009,tcc_campaign_v1__PUB-02__deep_short__rep_0009,"{""generation"": 3549126912, ""inference"": 3708423198, ""predictive"": 4016921043, ""resampling"": 4194417816}",artifacts/publication_campaign/tcc_campaign_v1/runs/PUB-02/deep_short/rep_0009,COMPLETED_REJECTED,1,,artifacts/publication_campaign/tcc_campaign_v1/runs/PUB-02/deep_short/rep_0009/attempt_000,"[""artifacts/publication_campaign/tcc_campaign_v1/runs/PUB-02/deep_short/rep_0009/attempt_000/completion_manifest.json"", ""artifacts/publication_campaign/tcc_campaign_v1/runs/PUB-02/deep_short/rep_0009/attempt_000/environment_preflight.json"", ""artifacts/publication_campaign/tcc_campaign_v1/runs/PUB-02/deep_short/rep_0009/attempt_000/inference_command.json"", ""artifacts/publication_campaign/tcc_campaign_v1/runs/PUB-02/deep_short/rep_0009/attempt_000/inference_config.json"", ""artifacts/publication_campaign/tcc_campaign_v1/runs/PUB-02/deep_short/rep_0009/attempt_000/inference_started.json"", ""artifacts/publication_campaign/tcc_campaign_v1/runs/PUB-02/deep_short/rep_0009/attempt_000/input.csv"", ""artifacts/publication_campaign/tcc_campaign_v1/runs/PUB-02/deep_short/rep_0009/attempt_000/job.json"", ""artifacts/publication_campaign/tcc_campaign_v1/runs/PUB-02/deep_short/rep_0009/attempt_000/predictive_summary.csv"", ""artifacts/publication_campaign/tcc_campaign_v1/runs/PUB-02/deep_short/rep_0009/attempt_000/result.json"", ""artifacts/publication_campaign/tcc_campaign_v1/runs/PUB-02/deep_short/rep_0009/attempt_000/sampler_summary.csv"", ""artifacts/publication_campaign/tcc_campaign_v1/runs/PUB-02/deep_short/rep_0009/attempt_000/trace.nc"", ""artifacts/publication_campaign/tcc_campaign_v1/runs/PUB-02/deep_short/rep_0009/attempt_000/truth.json"", ""artifacts/publication_campaign/tcc_campaign_v1/runs/PUB-02/deep_short/rep_0009/attempt_000/worker_metadata.json""]",77.8117353932514,False,False
PUB-02__deep_short__rep_0010,PUB-02,deep_short,rep_0010,tcc_campaign_v1__PUB-02__deep_short__rep_0010,"{""generation"": 3416597734, ""inference"": 1674692926, ""predictive"": 3661759418, ""resampling"": 4027938958}",artifacts/publication_campaign/tcc_campaign_v1/runs/PUB-02/deep_short/rep_0010,COMPLETED_REJECTED,1,,artifacts/publication_campaign/tcc_campaign_v1/runs/PUB-02/deep_short/rep_0010/attempt_000,"[""artifacts/publication_campaign/tcc_campaign_v1/runs/PUB-02/deep_short/rep_0010/attempt_000/completion_manifest.json"", ""artifacts/publication_campaign/tcc_campaign_v1/runs/PUB-02/deep_short/rep_0010/attempt_000/environment_preflight.json"", ""artifacts/publication_campaign/tcc_campaign_v1/runs/PUB-02/deep_short/rep_0010/attempt_000/inference_command.json"", ""artifacts/publication_campaign/tcc_campaign_v1/runs/PUB-02/deep_short/rep_0010/attempt_000/inference_config.json"", ""artifacts/publication_campaign/tcc_campaign_v1/runs/PUB-02/deep_short/rep_0010/attempt_000/inference_started.json"", ""artifacts/publication_campaign/tcc_campaign_v1/runs/PUB-02/deep_short/rep_0010/attempt_000/input.csv"", ""artifacts/publication_campaign/tcc_campaign_v1/runs/PUB-02/deep_short/rep_0010/attempt_000/job.json"", ""artifacts/publication_campaign/tcc_campaign_v1/runs/PUB-02/deep_short/rep_0010/attempt_000/predictive_summary.csv"", ""artifacts/publication_campaign/tcc_campaign_v1/runs/PUB-02/deep_short/rep_0010/attempt_000/result.json"", ""artifacts/publication_campaign/tcc_campaign_v1/runs/PUB-02/deep_short/rep_0010/attempt_000/sampler_summary.csv"", ""artifacts/publication_campaign/tcc_campaign_v1/runs/PUB-02/deep_short/rep_0010/attempt_000/trace.nc"", ""artifacts/publication_campaign/tcc_campaign_v1/runs/PUB-02/deep_short/rep_0010/attempt_000/truth.json"", ""artifacts/publication_campaign/tcc_campaign_v1/runs/PUB-02/deep_short/rep_0010/attempt_000/worker_metadata.json""]",77.8117353932514,False,False
PUB-02__deep_short__rep_0014,PUB-02,deep_short,rep_0014,tcc_campaign_v1__PUB-02__deep_short__rep_0014,"{""generation"": 2548394283, ""inference"": 1440314711, ""predictive"": 1911715442, ""resampling"": 2418168564}",artifacts/publication_campaign/tcc_campaign_v1/runs/PUB-02/deep_short/rep_0014,COMPLETED_REJECTED,1,,artifacts/publication_campaign/tcc_campaign_v1/runs/PUB-02/deep_short/rep_0014/attempt_000,"[""artifacts/publication_campaign/tcc_campaign_v1/runs/PUB-02/deep_short/rep_0014/attempt_000/completion_manifest.json"", ""artifacts/publication_campaign/tcc_campaign_v1/runs/PUB-02/deep_short/rep_0014/attempt_000/environment_preflight.json"", ""artifacts/publication_campaign/tcc_campaign_v1/runs/PUB-02/deep_short/rep_0014/attempt_000/inference_command.json"", ""artifacts/publication_campaign/tcc_campaign_v1/runs/PUB-02/deep_short/rep_0014/attempt_000/inference_config.json"", ""artifacts/publication_campaign/tcc_campaign_v1/runs/PUB-02/deep_short/rep_0014/attempt_000/inference_started.json"", ""artifacts/publication_campaign/tcc_campaign_v1/runs/PUB-02/deep_short/rep_0014/attempt_000/input.csv"", ""artifacts/publication_campaign/tcc_campaign_v1/runs/PUB-02/deep_short/rep_0014/attempt_000/job.json"", ""artifacts/publication_campaign/tcc_campaign_v1/runs/PUB-02/deep_short/rep_0014/attempt_000/predictive_summary.csv"", ""artifacts/publication_campaign/tcc_campaign_v1/runs/PUB-02/deep_short/rep_0014/attempt_000/result.json"", ""artifacts/publication_campaign/tcc_campaign_v1/runs/PUB-02/deep_short/rep_0014/attempt_000/sampler_summary.csv"", ""artifacts/publication_campaign/tcc_campaign_v1/runs/PUB-02/deep_short/rep_0014/attempt_000/trace.nc"", ""artifacts/publication_campaign/tcc_campaign_v1/runs/PUB-02/deep_short/rep_0014/attempt_000/truth.json"", ""artifacts/publication_campaign/tcc_campaign_v1/runs/PUB-02/deep_short/rep_0014/attempt_000/worker_metadata.json""]",77.8117353932514,False,False
PUB-02__deep_short__rep_0016,PUB-02,deep_short,rep_0016,tcc_campaign_v1__PUB-02__deep_short__rep_0016,"{""generation"": 2748155314, ""inference"": 2587503407, ""predictive"": 520696361, ""resampling"": 1166081309}",artifacts/publication_campaign/tcc_campaign_v1/runs/PUB-02/deep_short/rep_0016,COMPLETED_REJECTED,1,,artifacts/publication_campaign/tcc_campaign_v1/runs/PUB-02/deep_short/rep_0016/attempt_000,"[""artifacts/publication_campaign/tcc_campaign_v1/runs/PUB-02/deep_short/rep_0016/attempt_000/completion_manifest.json"", ""artifacts/publication_campaign/tcc_campaign_v1/runs/PUB-02/deep_short/rep_0016/attempt_000/environment_preflight.json"", ""artifacts/publication_campaign/tcc_campaign_v1/runs/PUB-02/deep_short/rep_0016/attempt_000/inference_command.json"", ""artifacts/publication_campaign/tcc_campaign_v1/runs/PUB-02/deep_short/rep_0016/attempt_000/inference_config.json"", ""artifacts/publication_campaign/tcc_campaign_v1/runs/PUB-02/deep_short/rep_0016/attempt_000/inference_started.json"", ""artifacts/publication_campaign/tcc_campaign_v1/runs/PUB-02/deep_short/rep_0016/attempt_000/input.csv"", ""artifacts/publication_campaign/tcc_campaign_v1/runs/PUB-02/deep_short/rep_0016/attempt_000/job.json"", ""artifacts/publication_campaign/tcc_campaign_v1/runs/PUB-02/deep_short/rep_0016/attempt_000/predictive_summary.csv"", ""artifacts/publication_campaign/tcc_campaign_v1/runs/PUB-02/deep_short/rep_0016/attempt_000/result.json"", ""artifacts/publication_campaign/tcc_campaign_v1/runs/PUB-02/deep_short/rep_0016/attempt_000/sampler_summary.csv"", ""artifacts/publication_campaign/tcc_campaign_v1/runs/PUB-02/deep_short/rep_0016/attempt_000/trace.nc"", ""artifacts/publication_campaign/tcc_campaign_v1/runs/PUB-02/deep_short/rep_0016/attempt_000/truth.json"", ""artifacts/publication_campaign/tcc_campaign_v1/runs/PUB-02/deep_short/rep_0016/attempt_000/worker_metadata.json""]",77.8117353932514,False,False
PUB-02__deep_short__rep_0018,PUB-02,deep_short,rep_0018,tcc_campaign_v1__PUB-02__deep_short__rep_0018,"{""generation"": 2417213953, ""inference"": 126879749, ""predictive"": 1187266584, ""resampling"": 951671026}",artifacts/publication_campaign/tcc_campaign_v1/runs/PUB-02/deep_short/rep_0018,COMPLETED_REJECTED,1,,artifacts/publication_campaign/tcc_campaign_v1/runs/PUB-02/deep_short/rep_0018/attempt_000,"[""artifacts/publication_campaign/tcc_campaign_v1/runs/PUB-02/deep_short/rep_0018/attempt_000/completion_manifest.json"", ""artifacts/publication_campaign/tcc_campaign_v1/runs/PUB-02/deep_short/rep_0018/attempt_000/environment_preflight.json"", ""artifacts/publication_campaign/tcc_campaign_v1/runs/PUB-02/deep_short/rep_0018/attempt_000/inference_command.json"", ""artifacts/publication_campaign/tcc_campaign_v1/runs/PUB-02/deep_short/rep_0018/attempt_000/inference_config.json"", ""artifacts/publication_campaign/tcc_campaign_v1/runs/PUB-02/deep_short/rep_0018/attempt_000/inference_started.json"", ""artifacts/publication_campaign/tcc_campaign_v1/runs/PUB-02/deep_short/rep_0018/attempt_000/input.csv"", ""artifacts/publication_campaign/tcc_campaign_v1/runs/PUB-02/deep_short/rep_0018/attempt_000/job.json"", ""artifacts/publication_campaign/tcc_campaign_v1/runs/PUB-02/deep_short/rep_0018/attempt_000/predictive_summary.csv"", ""artifacts/publication_campaign/tcc_campaign_v1/runs/PUB-02/deep_short/rep_0018/attempt_000/result.json"", ""artifacts/publication_campaign/tcc_campaign_v1/runs/PUB-02/deep_short/rep_0018/attempt_000/sampler_summary.csv"", ""artifacts/publication_campaign/tcc_campaign_v1/runs/PUB-02/deep_short/rep_0018/attempt_000/trace.nc"", ""artifacts/publication_campaign/tcc_campaign_v1/runs/PUB-02/deep_short/rep_0018/attempt_000/truth.json"", ""artifacts/publication_campaign/tcc_campaign_v1/runs/PUB-02/deep_short/rep_0018/attempt_000/worker_metadata.json""]",77.8117353932514,False,False
PUB-02__intermediate_long__rep_0000,PUB-02,intermediate_long,rep_0000,tcc_campaign_v1__PUB-02__intermediate_long__rep_0000,"{""generation"": 1830443528, ""inference"": 1049940014, ""predictive"": 402477039, ""resampling"": 1808915071}",artifacts/publication_campaign/tcc_campaign_v1/runs/PUB-02/intermediate_long/rep_0000,COMPLETED_REJECTED,1,,artifacts/publication_campaign/tcc_campaign_v1/runs/PUB-02/intermediate_long/rep_0000/attempt_000,"[""artifacts/publication_campaign/tcc_campaign_v1/runs/PUB-02/intermediate_long/rep_0000/attempt_000/completion_manifest.json"", ""artifacts/publication_campaign/tcc_campaign_v1/runs/PUB-02/intermediate_long/rep_0000/attempt_000/environment_preflight.json"", ""artifacts/publication_campaign/tcc_campaign_v1/runs/PUB-02/intermediate_long/rep_0000/attempt_000/inference_command.json"", ""artifacts/publication_campaign/tcc_campaign_v1/runs/PUB-02/intermediate_long/rep_0000/attempt_000/inference_config.json"", ""artifacts/publication_campaign/tcc_campaign_v1/runs/PUB-02/intermediate_long/rep_0000/attempt_000/inference_started.json"", ""artifacts/publication_campaign/tcc_campaign_v1/runs/PUB-02/intermediate_long/rep_0000/attempt_000/input.csv"", ""artifacts/publication_campaign/tcc_campaign_v1/runs/PUB-02/intermediate_long/rep_0000/attempt_000/job.json"", ""artifacts/publication_campaign/tcc_campaign_v1/runs/PUB-02/intermediate_long/rep_0000/attempt_000/predictive_summary.csv"", ""artifacts/publication_campaign/tcc_campaign_v1/runs/PUB-02/intermediate_long/rep_0000/attempt_000/result.json"", ""artifacts/publication_campaign/tcc_campaign_v1/runs/PUB-02/intermediate_long/rep_0000/attempt_000/sampler_summary.csv"", ""artifacts/publication_campaign/tcc_campaign_v1/runs/PUB-02/intermediate_long/rep_0000/attempt_000/trace.nc"", ""artifacts/publication_campaign/tcc_campaign_v1/runs/PUB-02/intermediate_long/rep_0000/attempt_000/truth.json"", ""artifacts/publication_campaign/tcc_campaign_v1/runs/PUB-02/intermediate_long/rep_0000/attempt_000/worker_metadata.json""]",10.910726077516573,False,False
PUB-02__intermediate_long__rep_0001,PUB-02,intermediate_long,rep_0001,tcc_campaign_v1__PUB-02__intermediate_long__rep_0001,"{""generation"": 2442710428, ""inference"": 1664127535, ""predictive"": 420038494, ""resampling"": 52467959}",artifacts/publication_campaign/tcc_campaign_v1/runs/PUB-02/intermediate_long/rep_0001,COMPLETED_REJECTED,1,,artifacts/publication_campaign/tcc_campaign_v1/runs/PUB-02/intermediate_long/rep_0001/attempt_000,"[""artifacts/publication_campaign/tcc_campaign_v1/runs/PUB-02/intermediate_long/rep_0001/attempt_000/completion_manifest.json"", ""artifacts/publication_campaign/tcc_campaign_v1/runs/PUB-02/intermediate_long/rep_0001/attempt_000/environment_preflight.json"", ""artifacts/publication_campaign/tcc_campaign_v1/runs/PUB-02/intermediate_long/rep_0001/attempt_000/inference_command.json"", ""artifacts/publication_campaign/tcc_campaign_v1/runs/PUB-02/intermediate_long/rep_0001/attempt_000/inference_config.json"", ""artifacts/publication_campaign/tcc_campaign_v1/runs/PUB-02/intermediate_long/rep_0001/attempt_000/inference_started.json"", ""artifacts/publication_campaign/tcc_campaign_v1/runs/PUB-02/intermediate_long/rep_0001/attempt_000/input.csv"", ""artifacts/publication_campaign/tcc_campaign_v1/runs/PUB-02/intermediate_long/rep_0001/attempt_000/job.json"", ""artifacts/publication_campaign/tcc_campaign_v1/runs/PUB-02/intermediate_long/rep_0001/attempt_000/predictive_summary.csv"", ""artifacts/publication_campaign/tcc_campaign_v1/runs/PUB-02/intermediate_long/rep_0001/attempt_000/result.json"", ""artifacts/publication_campaign/tcc_campaign_v1/runs/PUB-02/intermediate_long/rep_0001/attempt_000/sampler_summary.csv"", ""artifacts/publication_campaign/tcc_campaign_v1/runs/PUB-02/intermediate_long/rep_0001/attempt_000/trace.nc"", ""artifacts/publication_campaign/tcc_campaign_v1/runs/PUB-02/intermediate_long/rep_0001/attempt_000/truth.json"", ""artifacts/publication_campaign/tcc_campaign_v1/runs/PUB-02/intermediate_long/rep_0001/attempt_000/worker_metadata.json""]",10.910726077516573,False,False
PUB-02__intermediate_long__rep_0004,PUB-02,intermediate_long,rep_0004,tcc_campaign_v1__PUB-02__intermediate_long__rep_0004,"{""generation"": 3217610838, ""inference"": 2533211113, ""predictive"": 3597062953, ""resampling"": 599196186}",artifacts/publication_campaign/tcc_campaign_v1/runs/PUB-02/intermediate_long/rep_0004,COMPLETED_REJECTED,1,,artifacts/publication_campaign/tcc_campaign_v1/runs/PUB-02/intermediate_long/rep_0004/attempt_000,"[""artifacts/publication_campaign/tcc_campaign_v1/runs/PUB-02/intermediate_long/rep_0004/attempt_000/completion_manifest.json"", ""artifacts/publication_campaign/tcc_campaign_v1/runs/PUB-02/intermediate_long/rep_0004/attempt_000/environment_preflight.json"", ""artifacts/publication_campaign/tcc_campaign_v1/runs/PUB-02/intermediate_long/rep_0004/attempt_000/inference_command.json"", ""artifacts/publication_campaign/tcc_campaign_v1/runs/PUB-02/intermediate_long/rep_0004/attempt_000/inference_config.json"", ""artifacts/publication_campaign/tcc_campaign_v1/runs/PUB-02/intermediate_long/rep_0004/attempt_000/inference_started.json"", ""artifacts/publication_campaign/tcc_campaign_v1/runs/PUB-02/intermediate_long/rep_0004/attempt_000/input.csv"", ""artifacts/publication_campaign/tcc_campaign_v1/runs/PUB-02/intermediate_long/rep_0004/attempt_000/job.json"", ""artifacts/publication_campaign/tcc_campaign_v1/runs/PUB-02/intermediate_long/rep_0004/attempt_000/predictive_summary.csv"", ""artifacts/publication_campaign/tcc_campaign_v1/runs/PUB-02/intermediate_long/rep_0004/attempt_000/result.json"", ""artifacts/publication_campaign/tcc_campaign_v1/runs/PUB-02/intermediate_long/rep_0004/attempt_000/sampler_summary.csv"", ""artifacts/publication_campaign/tcc_campaign_v1/runs/PUB-02/intermediate_long/rep_0004/attempt_000/trace.nc"", ""artifacts/publication_campaign/tcc_campaign_v1/runs/PUB-02/intermediate_long/rep_0004/attempt_000/truth.json"", ""artifacts/publication_campaign/tcc_campaign_v1/runs/PUB-02/intermediate_long/rep_0004/attempt_000/worker_metadata.json""]",10.910726077516573,False,False
PUB-02__intermediate_long__rep_0008,PUB-02,intermediate_long,rep_0008,tcc_campaign_v1__PUB-02__intermediate_long__rep_0008,"{""generation"": 1705498314, ""inference"": 2213169037, ""predictive"": 2500925878, ""resampling"": 2498908900}",artifacts/publication_campaign/tcc_campaign_v1/runs/PUB-02/intermediate_long/rep_0008,COMPLETED_REJECTED,1,,artifacts/publication_campaign/tcc_campaign_v1/runs/PUB-02/intermediate_long/rep_0008/attempt_000,"[""artifacts/publication_campaign/tcc_campaign_v1/runs/PUB-02/intermediate_long/rep_0008/attempt_000/completion_manifest.json"", ""artifacts/publication_campaign/tcc_campaign_v1/runs/PUB-02/intermediate_long/rep_0008/attempt_000/environment_preflight.json"", ""artifacts/publication_campaign/tcc_campaign_v1/runs/PUB-02/intermediate_long/rep_0008/attempt_000/inference_command.json"", ""artifacts/publication_campaign/tcc_campaign_v1/runs/PUB-02/intermediate_long/rep_0008/attempt_000/inference_config.json"", ""artifacts/publication_campaign/tcc_campaign_v1/runs/PUB-02/intermediate_long/rep_0008/attempt_000/inference_started.json"", ""artifacts/publication_campaign/tcc_campaign_v1/runs/PUB-02/intermediate_long/rep_0008/attempt_000/input.csv"", ""artifacts/publication_campaign/tcc_campaign_v1/runs/PUB-02/intermediate_long/rep_0008/attempt_000/job.json"", ""artifacts/publication_campaign/tcc_campaign_v1/runs/PUB-02/intermediate_long/rep_0008/attempt_000/predictive_summary.csv"", ""artifacts/publication_campaign/tcc_campaign_v1/runs/PUB-02/intermediate_long/rep_0008/attempt_000/result.json"", ""artifacts/publication_campaign/tcc_campaign_v1/runs/PUB-02/intermediate_long/rep_0008/attempt_000/sampler_summary.csv"", ""artifacts/publication_campaign/tcc_campaign_v1/runs/PUB-02/intermediate_long/rep_0008/attempt_000/trace.nc"", ""artifacts/publication_campaign/tcc_campaign_v1/runs/PUB-02/intermediate_long/rep_0008/attempt_000/truth.json"", ""artifacts/publication_campaign/tcc_campaign_v1/runs/PUB-02/intermediate_long/rep_0008/attempt_000/worker_metadata.json""]",10.910726077516573,False,False
PUB-02__intermediate_long__rep_0009,PUB-02,intermediate_long,rep_0009,tcc_campaign_v1__PUB-02__intermediate_long__rep_0009,"{""generation"": 2576673152, ""inference"": 1211682962, ""predictive"": 150088462, ""resampling"": 784292503}",artifacts/publication_campaign/tcc_campaign_v1/runs/PUB-02/intermediate_long/rep_0009,COMPLETED_REJECTED,1,,artifacts/publication_campaign/tcc_campaign_v1/runs/PUB-02/intermediate_long/rep_0009/attempt_000,"[""artifacts/publication_campaign/tcc_campaign_v1/runs/PUB-02/intermediate_long/rep_0009/attempt_000/completion_manifest.json"", ""artifacts/publication_campaign/tcc_campaign_v1/runs/PUB-02/intermediate_long/rep_0009/attempt_000/environment_preflight.json"", ""artifacts/publication_campaign/tcc_campaign_v1/runs/PUB-02/intermediate_long/rep_0009/attempt_000/inference_command.json"", ""artifacts/publication_campaign/tcc_campaign_v1/runs/PUB-02/intermediate_long/rep_0009/attempt_000/inference_config.json"", ""artifacts/publication_campaign/tcc_campaign_v1/runs/PUB-02/intermediate_long/rep_0009/attempt_000/inference_started.json"", ""artifacts/publication_campaign/tcc_campaign_v1/runs/PUB-02/intermediate_long/rep_0009/attempt_000/input.csv"", ""artifacts/publication_campaign/tcc_campaign_v1/runs/PUB-02/intermediate_long/rep_0009/attempt_000/job.json"", ""artifacts/publication_campaign/tcc_campaign_v1/runs/PUB-02/intermediate_long/rep_0009/attempt_000/predictive_summary.csv"", ""artifacts/publication_campaign/tcc_campaign_v1/runs/PUB-02/intermediate_long/rep_0009/attempt_000/result.json"", ""artifacts/publication_campaign/tcc_campaign_v1/runs/PUB-02/intermediate_long/rep_0009/attempt_000/sampler_summary.csv"", ""artifacts/publication_campaign/tcc_campaign_v1/runs/PUB-02/intermediate_long/rep_0009/attempt_000/trace.nc"", ""artifacts/publication_campaign/tcc_campaign_v1/runs/PUB-02/intermediate_long/rep_0009/attempt_000/truth.json"", ""artifacts/publication_campaign/tcc_campaign_v1/runs/PUB-02/intermediate_long/rep_0009/attempt_000/worker_metadata.json""]",10.910726077516573,False,False
PUB-02__intermediate_long__rep_0018,PUB-02,intermediate_long,rep_0018,tcc_campaign_v1__PUB-02__intermediate_long__rep_0018,"{""generation"": 2524621186, ""inference"": 565708742, ""predictive"": 3033616718, ""resampling"": 3864925796}",artifacts/publication_campaign/tcc_campaign_v1/runs/PUB-02/intermediate_long/rep_0018,COMPLETED_REJECTED,1,,artifacts/publication_campaign/tcc_campaign_v1/runs/PUB-02/intermediate_long/rep_0018/attempt_000,"[""artifacts/publication_campaign/tcc_campaign_v1/runs/PUB-02/intermediate_long/rep_0018/attempt_000/completion_manifest.json"", ""artifacts/publication_campaign/tcc_campaign_v1/runs/PUB-02/intermediate_long/rep_0018/attempt_000/environment_preflight.json"", ""artifacts/publication_campaign/tcc_campaign_v1/runs/PUB-02/intermediate_long/rep_0018/attempt_000/inference_command.json"", ""artifacts/publication_campaign/tcc_campaign_v1/runs/PUB-02/intermediate_long/rep_0018/attempt_000/inference_config.json"", ""artifacts/publication_campaign/tcc_campaign_v1/runs/PUB-02/intermediate_long/rep_0018/attempt_000/inference_started.json"", ""artifacts/publication_campaign/tcc_campaign_v1/runs/PUB-02/intermediate_long/rep_0018/attempt_000/input.csv"", ""artifacts/publication_campaign/tcc_campaign_v1/runs/PUB-02/intermediate_long/rep_0018/attempt_000/job.json"", ""artifacts/publication_campaign/tcc_campaign_v1/runs/PUB-02/intermediate_long/rep_0018/attempt_000/predictive_summary.csv"", ""artifacts/publication_campaign/tcc_campaign_v1/runs/PUB-02/intermediate_long/rep_0018/attempt_000/result.json"", ""artifacts/publication_campaign/tcc_campaign_v1/runs/PUB-02/intermediate_long/rep_0018/attempt_000/sampler_summary.csv"", ""artifacts/publication_campaign/tcc_campaign_v1/runs/PUB-02/intermediate_long/rep_0018/attempt_000/trace.nc"", ""artifacts/publication_campaign/tcc_campaign_v1/runs/PUB-02/intermediate_long/rep_0018/attempt_000/truth.json"", ""artifacts/publication_campaign/tcc_campaign_v1/runs/PUB-02/intermediate_long/rep_0018/attempt_000/worker_metadata.json""]",10.910726077516573,False,False
PUB-02__shallow_short__rep_0005,PUB-02,shallow_short,rep_0005,tcc_campaign_v1__PUB-02__shallow_short__rep_0005,"{""generation"": 1063143524, ""inference"": 3248889225, ""predictive"": 1595799437, ""resampling"": 978009372}",artifacts/publication_campaign/tcc_campaign_v1/runs/PUB-02/shallow_short/rep_0005,COMPLETED_REJECTED,1,,artifacts/publication_campaign/tcc_campaign_v1/runs/PUB-02/shallow_short/rep_0005/attempt_000,"[""artifacts/publication_campaign/tcc_campaign_v1/runs/PUB-02/shallow_short/rep_0005/attempt_000/completion_manifest.json"", ""artifacts/publication_campaign/tcc_campaign_v1/runs/PUB-02/shallow_short/rep_0005/attempt_000/environment_preflight.json"", ""artifacts/publication_campaign/tcc_campaign_v1/runs/PUB-02/shallow_short/rep_0005/attempt_000/inference_command.json"", ""artifacts/publication_campaign/tcc_campaign_v1/runs/PUB-02/shallow_short/rep_0005/attempt_000/inference_config.json"", ""artifacts/publication_campaign/tcc_campaign_v1/runs/PUB-02/shallow_short/rep_0005/attempt_000/inference_started.json"", ""artifacts/publication_campaign/tcc_campaign_v1/runs/PUB-02/shallow_short/rep_0005/attempt_000/input.csv"", ""artifacts/publication_campaign/tcc_campaign_v1/runs/PUB-02/shallow_short/rep_0005/attempt_000/job.json"", ""artifacts/publication_campaign/tcc_campaign_v1/runs/PUB-02/shallow_short/rep_0005/attempt_000/predictive_summary.csv"", ""artifacts/publication_campaign/tcc_campaign_v1/runs/PUB-02/shallow_short/rep_0005/attempt_000/result.json"", ""artifacts/publication_campaign/tcc_campaign_v1/runs/PUB-02/shallow_short/rep_0005/attempt_000/sampler_summary.csv"", ""artifacts/publication_campaign/tcc_campaign_v1/runs/PUB-02/shallow_short/rep_0005/attempt_000/trace.nc"", ""artifacts/publication_campaign/tcc_campaign_v1/runs/PUB-02/shallow_short/rep_0005/attempt_000/truth.json"", ""artifacts/publication_campaign/tcc_campaign_v1/runs/PUB-02/shallow_short/rep_0005/attempt_000/worker_metadata.json""]",12.53286519422971,False,False
PUB-02__shallow_short__rep_0009,PUB-02,shallow_short,rep_0009,tcc_campaign_v1__PUB-02__shallow_short__rep_0009,"{""generation"": 2103949345, ""inference"": 2627559588, ""predictive"": 2164830350, ""resampling"": 3324077836}",artifacts/publication_campaign/tcc_campaign_v1/runs/PUB-02/shallow_short/rep_0009,COMPLETED_REJECTED,1,,artifacts/publication_campaign/tcc_campaign_v1/runs/PUB-02/shallow_short/rep_0009/attempt_000,"[""artifacts/publication_campaign/tcc_campaign_v1/runs/PUB-02/shallow_short/rep_0009/attempt_000/completion_manifest.json"", ""artifacts/publication_campaign/tcc_campaign_v1/runs/PUB-02/shallow_short/rep_0009/attempt_000/environment_preflight.json"", ""artifacts/publication_campaign/tcc_campaign_v1/runs/PUB-02/shallow_short/rep_0009/attempt_000/inference_command.json"", ""artifacts/publication_campaign/tcc_campaign_v1/runs/PUB-02/shallow_short/rep_0009/attempt_000/inference_config.json"", ""artifacts/publication_campaign/tcc_campaign_v1/runs/PUB-02/shallow_short/rep_0009/attempt_000/inference_started.json"", ""artifacts/publication_campaign/tcc_campaign_v1/runs/PUB-02/shallow_short/rep_0009/attempt_000/input.csv"", ""artifacts/publication_campaign/tcc_campaign_v1/runs/PUB-02/shallow_short/rep_0009/attempt_000/job.json"", ""artifacts/publication_campaign/tcc_campaign_v1/runs/PUB-02/shallow_short/rep_0009/attempt_000/predictive_summary.csv"", ""artifacts/publication_campaign/tcc_campaign_v1/runs/PUB-02/shallow_short/rep_0009/attempt_000/result.json"", ""artifacts/publication_campaign/tcc_campaign_v1/runs/PUB-02/shallow_short/rep_0009/attempt_000/sampler_summary.csv"", ""artifacts/publication_campaign/tcc_campaign_v1/runs/PUB-02/shallow_short/rep_0009/attempt_000/trace.nc"", ""artifacts/publication_campaign/tcc_campaign_v1/runs/PUB-02/shallow_short/rep_0009/attempt_000/truth.json"", ""artifacts/publication_campaign/tcc_campaign_v1/runs/PUB-02/shallow_short/rep_0009/attempt_000/worker_metadata.json""]",12.53286519422971,False,False
PUB-02__shallow_short__rep_0014,PUB-02,shallow_short,rep_0014,tcc_campaign_v1__PUB-02__shallow_short__rep_0014,"{""generation"": 153035433, ""inference"": 2787384877, ""predictive"": 1450748116, ""resampling"": 922984661}",artifacts/publication_campaign/tcc_campaign_v1/runs/PUB-02/shallow_short/rep_0014,COMPLETED_REJECTED,1,,artifacts/publication_campaign/tcc_campaign_v1/runs/PUB-02/shallow_short/rep_0014/attempt_000,"[""artifacts/publication_campaign/tcc_campaign_v1/runs/PUB-02/shallow_short/rep_0014/attempt_000/completion_manifest.json"", ""artifacts/publication_campaign/tcc_campaign_v1/runs/PUB-02/shallow_short/rep_0014/attempt_000/environment_preflight.json"", ""artifacts/publication_campaign/tcc_campaign_v1/runs/PUB-02/shallow_short/rep_0014/attempt_000/inference_command.json"", ""artifacts/publication_campaign/tcc_campaign_v1/runs/PUB-02/shallow_short/rep_0014/attempt_000/inference_config.json"", ""artifacts/publication_campaign/tcc_campaign_v1/runs/PUB-02/shallow_short/rep_0014/attempt_000/inference_started.json"", ""artifacts/publication_campaign/tcc_campaign_v1/runs/PUB-02/shallow_short/rep_0014/attempt_000/input.csv"", ""artifacts/publication_campaign/tcc_campaign_v1/runs/PUB-02/shallow_short/rep_0014/attempt_000/job.json"", ""artifacts/publication_campaign/tcc_campaign_v1/runs/PUB-02/shallow_short/rep_0014/attempt_000/predictive_summary.csv"", ""artifacts/publication_campaign/tcc_campaign_v1/runs/PUB-02/shallow_short/rep_0014/attempt_000/result.json"", ""artifacts/publication_campaign/tcc_campaign_v1/runs/PUB-02/shallow_short/rep_0014/attempt_000/sampler_summary.csv"", ""artifacts/publication_campaign/tcc_campaign_v1/runs/PUB-02/shallow_short/rep_0014/attempt_000/trace.nc"", ""artifacts/publication_campaign/tcc_campaign_v1/runs/PUB-02/shallow_short/rep_0014/attempt_000/truth.json"", ""artifacts/publication_campaign/tcc_campaign_v1/runs/PUB-02/shallow_short/rep_0014/attempt_000/worker_metadata.json""]",12.53286519422971,False,False
