scenario_id,parameter,nominal,known_white_noise_transit_snr_mean,known_white_noise_transit_snr_available_count,numeric_count,missing_or_invalid_count,bias,absolute_bias,relative_bias,mae,rmse,mean_posterior_sd,mean_absolute_calibration_error,covered_count,empirical_coverage_numeric,wilson95_numeric,operational_covered_and_passed_rate_all_declared,operational_wilson95_all_declared,mean_interval_width,relative_bias_nonzero_truth_count,sampler_passed_numeric_count,bias_conditional_on_sampler,rmse_conditional_on_sampler,coverage_conditional_on_sampler,wilson95_conditional_on_sampler,scientific_gate_passed_numeric_count,covered_and_scientific_gate_passed_count,coverage_conditional_on_scientific_gate,wilson95_conditional_on_scientific_gate,calibration_error_numeric,absolute_calibration_error_numeric
completed_fixture,r,0.5,,0,0,1,,,,,,,,0,,,0.0,"[0.0, 0.7934506856227626]",,,,,,,,,,,,,
completed_fixture,r,0.8,,0,0,1,,,,,,,,0,,,0.0,"[0.0, 0.7934506856227626]",,,,,,,,,,,,,
completed_fixture,r,0.94,,0,0,1,,,,,,,,0,,,0.0,"[0.0, 0.7934506856227626]",,,,,,,,,,,,,
completed_fixture,depth,0.5,,0,0,1,,,,,,,,0,,,0.0,"[0.0, 0.7934506856227626]",,,,,,,,,,,,,
completed_fixture,depth,0.8,,0,0,1,,,,,,,,0,,,0.0,"[0.0, 0.7934506856227626]",,,,,,,,,,,,,
completed_fixture,depth,0.94,,0,0,1,,,,,,,,0,,,0.0,"[0.0, 0.7934506856227626]",,,,,,,,,,,,,
completed_fixture,b,0.5,,0,0,1,,,,,,,,0,,,0.0,"[0.0, 0.7934506856227626]",,,,,,,,,,,,,
completed_fixture,b,0.8,,0,0,1,,,,,,,,0,,,0.0,"[0.0, 0.7934506856227626]",,,,,,,,,,,,,
completed_fixture,b,0.94,,0,0,1,,,,,,,,0,,,0.0,"[0.0, 0.7934506856227626]",,,,,,,,,,,,,
completed_fixture,a,0.5,,0,0,1,,,,,,,,0,,,0.0,"[0.0, 0.7934506856227626]",,,,,,,,,,,,,
completed_fixture,a,0.8,,0,0,1,,,,,,,,0,,,0.0,"[0.0, 0.7934506856227626]",,,,,,,,,,,,,
completed_fixture,a,0.94,,0,0,1,,,,,,,,0,,,0.0,"[0.0, 0.7934506856227626]",,,,,,,,,,,,,
completed_fixture,t0,0.5,,0,0,1,,,,,,,,0,,,0.0,"[0.0, 0.7934506856227626]",,,,,,,,,,,,,
completed_fixture,t0,0.8,,0,0,1,,,,,,,,0,,,0.0,"[0.0, 0.7934506856227626]",,,,,,,,,,,,,
completed_fixture,t0,0.94,,0,0,1,,,,,,,,0,,,0.0,"[0.0, 0.7934506856227626]",,,,,,,,,,,,,
completed_fixture,full_duration,0.5,,0,0,1,,,,,,,,0,,,0.0,"[0.0, 0.7934506856227626]",,,,,,,,,,,,,
completed_fixture,full_duration,0.8,,0,0,1,,,,,,,,0,,,0.0,"[0.0, 0.7934506856227626]",,,,,,,,,,,,,
completed_fixture,full_duration,0.94,,0,0,1,,,,,,,,0,,,0.0,"[0.0, 0.7934506856227626]",,,,,,,,,,,,,
completed_fixture,extra_sigma,0.5,,0,0,1,,,,,,,,0,,,0.0,"[0.0, 0.7934506856227626]",,,,,,,,,,,,,
completed_fixture,extra_sigma,0.8,,0,0,1,,,,,,,,0,,,0.0,"[0.0, 0.7934506856227626]",,,,,,,,,,,,,
completed_fixture,extra_sigma,0.94,,0,0,1,,,,,,,,0,,,0.0,"[0.0, 0.7934506856227626]",,,,,,,,,,,,,
delay_checkpoint,r,0.5,,0,0,1,,,,,,,,0,,,0.0,"[0.0, 0.7934506856227626]",,,,,,,,,,,,,
delay_checkpoint,r,0.8,,0,0,1,,,,,,,,0,,,0.0,"[0.0, 0.7934506856227626]",,,,,,,,,,,,,
delay_checkpoint,r,0.94,,0,0,1,,,,,,,,0,,,0.0,"[0.0, 0.7934506856227626]",,,,,,,,,,,,,
delay_checkpoint,depth,0.5,,0,0,1,,,,,,,,0,,,0.0,"[0.0, 0.7934506856227626]",,,,,,,,,,,,,
delay_checkpoint,depth,0.8,,0,0,1,,,,,,,,0,,,0.0,"[0.0, 0.7934506856227626]",,,,,,,,,,,,,
delay_checkpoint,depth,0.94,,0,0,1,,,,,,,,0,,,0.0,"[0.0, 0.7934506856227626]",,,,,,,,,,,,,
delay_checkpoint,b,0.5,,0,0,1,,,,,,,,0,,,0.0,"[0.0, 0.7934506856227626]",,,,,,,,,,,,,
delay_checkpoint,b,0.8,,0,0,1,,,,,,,,0,,,0.0,"[0.0, 0.7934506856227626]",,,,,,,,,,,,,
delay_checkpoint,b,0.94,,0,0,1,,,,,,,,0,,,0.0,"[0.0, 0.7934506856227626]",,,,,,,,,,,,,
delay_checkpoint,a,0.5,,0,0,1,,,,,,,,0,,,0.0,"[0.0, 0.7934506856227626]",,,,,,,,,,,,,
delay_checkpoint,a,0.8,,0,0,1,,,,,,,,0,,,0.0,"[0.0, 0.7934506856227626]",,,,,,,,,,,,,
delay_checkpoint,a,0.94,,0,0,1,,,,,,,,0,,,0.0,"[0.0, 0.7934506856227626]",,,,,,,,,,,,,
delay_checkpoint,t0,0.5,,0,0,1,,,,,,,,0,,,0.0,"[0.0, 0.7934506856227626]",,,,,,,,,,,,,
delay_checkpoint,t0,0.8,,0,0,1,,,,,,,,0,,,0.0,"[0.0, 0.7934506856227626]",,,,,,,,,,,,,
delay_checkpoint,t0,0.94,,0,0,1,,,,,,,,0,,,0.0,"[0.0, 0.7934506856227626]",,,,,,,,,,,,,
delay_checkpoint,full_duration,0.5,,0,0,1,,,,,,,,0,,,0.0,"[0.0, 0.7934506856227626]",,,,,,,,,,,,,
delay_checkpoint,full_duration,0.8,,0,0,1,,,,,,,,0,,,0.0,"[0.0, 0.7934506856227626]",,,,,,,,,,,,,
delay_checkpoint,full_duration,0.94,,0,0,1,,,,,,,,0,,,0.0,"[0.0, 0.7934506856227626]",,,,,,,,,,,,,
delay_checkpoint,extra_sigma,0.5,,0,0,1,,,,,,,,0,,,0.0,"[0.0, 0.7934506856227626]",,,,,,,,,,,,,
delay_checkpoint,extra_sigma,0.8,,0,0,1,,,,,,,,0,,,0.0,"[0.0, 0.7934506856227626]",,,,,,,,,,,,,
delay_checkpoint,extra_sigma,0.94,,0,0,1,,,,,,,,0,,,0.0,"[0.0, 0.7934506856227626]",,,,,,,,,,,,,
retry_technical,r,0.5,,0,0,1,,,,,,,,0,,,0.0,"[0.0, 0.7934506856227626]",,,,,,,,,,,,,
retry_technical,r,0.8,,0,0,1,,,,,,,,0,,,0.0,"[0.0, 0.7934506856227626]",,,,,,,,,,,,,
retry_technical,r,0.94,,0,0,1,,,,,,,,0,,,0.0,"[0.0, 0.7934506856227626]",,,,,,,,,,,,,
retry_technical,depth,0.5,,0,0,1,,,,,,,,0,,,0.0,"[0.0, 0.7934506856227626]",,,,,,,,,,,,,
retry_technical,depth,0.8,,0,0,1,,,,,,,,0,,,0.0,"[0.0, 0.7934506856227626]",,,,,,,,,,,,,
retry_technical,depth,0.94,,0,0,1,,,,,,,,0,,,0.0,"[0.0, 0.7934506856227626]",,,,,,,,,,,,,
retry_technical,b,0.5,,0,0,1,,,,,,,,0,,,0.0,"[0.0, 0.7934506856227626]",,,,,,,,,,,,,
retry_technical,b,0.8,,0,0,1,,,,,,,,0,,,0.0,"[0.0, 0.7934506856227626]",,,,,,,,,,,,,
retry_technical,b,0.94,,0,0,1,,,,,,,,0,,,0.0,"[0.0, 0.7934506856227626]",,,,,,,,,,,,,
retry_technical,a,0.5,,0,0,1,,,,,,,,0,,,0.0,"[0.0, 0.7934506856227626]",,,,,,,,,,,,,
retry_technical,a,0.8,,0,0,1,,,,,,,,0,,,0.0,"[0.0, 0.7934506856227626]",,,,,,,,,,,,,
retry_technical,a,0.94,,0,0,1,,,,,,,,0,,,0.0,"[0.0, 0.7934506856227626]",,,,,,,,,,,,,
retry_technical,t0,0.5,,0,0,1,,,,,,,,0,,,0.0,"[0.0, 0.7934506856227626]",,,,,,,,,,,,,
retry_technical,t0,0.8,,0,0,1,,,,,,,,0,,,0.0,"[0.0, 0.7934506856227626]",,,,,,,,,,,,,
retry_technical,t0,0.94,,0,0,1,,,,,,,,0,,,0.0,"[0.0, 0.7934506856227626]",,,,,,,,,,,,,
retry_technical,full_duration,0.5,,0,0,1,,,,,,,,0,,,0.0,"[0.0, 0.7934506856227626]",,,,,,,,,,,,,
retry_technical,full_duration,0.8,,0,0,1,,,,,,,,0,,,0.0,"[0.0, 0.7934506856227626]",,,,,,,,,,,,,
retry_technical,full_duration,0.94,,0,0,1,,,,,,,,0,,,0.0,"[0.0, 0.7934506856227626]",,,,,,,,,,,,,
retry_technical,extra_sigma,0.5,,0,0,1,,,,,,,,0,,,0.0,"[0.0, 0.7934506856227626]",,,,,,,,,,,,,
retry_technical,extra_sigma,0.8,,0,0,1,,,,,,,,0,,,0.0,"[0.0, 0.7934506856227626]",,,,,,,,,,,,,
retry_technical,extra_sigma,0.94,,0,0,1,,,,,,,,0,,,0.0,"[0.0, 0.7934506856227626]",,,,,,,,,,,,,
scientific_rejection,r,0.5,,0,0,1,,,,,,,,0,,,0.0,"[0.0, 0.7934506856227626]",,,,,,,,,,,,,
scientific_rejection,r,0.8,,0,0,1,,,,,,,,0,,,0.0,"[0.0, 0.7934506856227626]",,,,,,,,,,,,,
scientific_rejection,r,0.94,,0,0,1,,,,,,,,0,,,0.0,"[0.0, 0.7934506856227626]",,,,,,,,,,,,,
scientific_rejection,depth,0.5,,0,0,1,,,,,,,,0,,,0.0,"[0.0, 0.7934506856227626]",,,,,,,,,,,,,
scientific_rejection,depth,0.8,,0,0,1,,,,,,,,0,,,0.0,"[0.0, 0.7934506856227626]",,,,,,,,,,,,,
scientific_rejection,depth,0.94,,0,0,1,,,,,,,,0,,,0.0,"[0.0, 0.7934506856227626]",,,,,,,,,,,,,
scientific_rejection,b,0.5,,0,0,1,,,,,,,,0,,,0.0,"[0.0, 0.7934506856227626]",,,,,,,,,,,,,
scientific_rejection,b,0.8,,0,0,1,,,,,,,,0,,,0.0,"[0.0, 0.7934506856227626]",,,,,,,,,,,,,
scientific_rejection,b,0.94,,0,0,1,,,,,,,,0,,,0.0,"[0.0, 0.7934506856227626]",,,,,,,,,,,,,
scientific_rejection,a,0.5,,0,0,1,,,,,,,,0,,,0.0,"[0.0, 0.7934506856227626]",,,,,,,,,,,,,
scientific_rejection,a,0.8,,0,0,1,,,,,,,,0,,,0.0,"[0.0, 0.7934506856227626]",,,,,,,,,,,,,
scientific_rejection,a,0.94,,0,0,1,,,,,,,,0,,,0.0,"[0.0, 0.7934506856227626]",,,,,,,,,,,,,
scientific_rejection,t0,0.5,,0,0,1,,,,,,,,0,,,0.0,"[0.0, 0.7934506856227626]",,,,,,,,,,,,,
scientific_rejection,t0,0.8,,0,0,1,,,,,,,,0,,,0.0,"[0.0, 0.7934506856227626]",,,,,,,,,,,,,
scientific_rejection,t0,0.94,,0,0,1,,,,,,,,0,,,0.0,"[0.0, 0.7934506856227626]",,,,,,,,,,,,,
scientific_rejection,full_duration,0.5,,0,0,1,,,,,,,,0,,,0.0,"[0.0, 0.7934506856227626]",,,,,,,,,,,,,
scientific_rejection,full_duration,0.8,,0,0,1,,,,,,,,0,,,0.0,"[0.0, 0.7934506856227626]",,,,,,,,,,,,,
scientific_rejection,full_duration,0.94,,0,0,1,,,,,,,,0,,,0.0,"[0.0, 0.7934506856227626]",,,,,,,,,,,,,
scientific_rejection,extra_sigma,0.5,,0,0,1,,,,,,,,0,,,0.0,"[0.0, 0.7934506856227626]",,,,,,,,,,,,,
scientific_rejection,extra_sigma,0.8,,0,0,1,,,,,,,,0,,,0.0,"[0.0, 0.7934506856227626]",,,,,,,,,,,,,
scientific_rejection,extra_sigma,0.94,,0,0,1,,,,,,,,0,,,0.0,"[0.0, 0.7934506856227626]",,,,,,,,,,,,,
tiny_physical,r,0.5,19.09924883061074,1,1,0,-0.007426354643066416,0.007426354643066416,-0.09282943303833019,0.007426354643066416,0.007426354643066416,0.01383594625472305,0.25333333333333335,1,1.0,"[0.20654931437723745, 1.0]",0.0,"[0.0, 0.7934506856227626]",0.019992263697553705,1,0,,,,,0,0,,,0.5,0.5
tiny_physical,r,0.8,19.09924883061074,1,1,0,-0.007426354643066416,0.007426354643066416,-0.09282943303833019,0.007426354643066416,0.007426354643066416,0.01383594625472305,0.25333333333333335,1,1.0,"[0.20654931437723745, 1.0]",0.0,"[0.0, 0.7934506856227626]",0.03167959212712031,1,0,,,,,0,0,,,0.19999999999999996,0.19999999999999996
tiny_physical,r,0.94,19.09924883061074,1,1,0,-0.007426354643066416,0.007426354643066416,-0.09282943303833019,0.007426354643066416,0.007426354643066416,0.01383594625472305,0.25333333333333335,1,1.0,"[0.20654931437723745, 1.0]",0.0,"[0.0, 0.7934506856227626]",0.04892578345177975,1,0,,,,,0,0,,,0.06000000000000005,0.06000000000000005
tiny_physical,depth,0.5,19.09924883061074,1,1,0,-0.0009464184260615368,0.0009464184260615368,-0.1478778790721151,0.0009464184260615368,0.0009464184260615368,0.002131985764663406,0.25333333333333335,1,1.0,"[0.20654931437723745, 1.0]",0.0,"[0.0, 0.7934506856227626]",0.002938793302333669,1,0,,,,,0,0,,,0.5,0.5
tiny_physical,depth,0.8,19.09924883061074,1,1,0,-0.0009464184260615368,0.0009464184260615368,-0.1478778790721151,0.0009464184260615368,0.0009464184260615368,0.002131985764663406,0.25333333333333335,1,1.0,"[0.20654931437723745, 1.0]",0.0,"[0.0, 0.7934506856227626]",0.004694202131939675,1,0,,,,,0,0,,,0.19999999999999996,0.19999999999999996
tiny_physical,depth,0.94,19.09924883061074,1,1,0,-0.0009464184260615368,0.0009464184260615368,-0.1478778790721151,0.0009464184260615368,0.0009464184260615368,0.002131985764663406,0.25333333333333335,1,1.0,"[0.20654931437723745, 1.0]",0.0,"[0.0, 0.7934506856227626]",0.007421747786340863,1,0,,,,,0,0,,,0.06000000000000005,0.06000000000000005
tiny_physical,b,0.5,19.09924883061074,1,1,0,0.151769734402668,0.151769734402668,0.50589911467556,0.151769734402668,0.151769734402668,0.05111980912613722,0.7466666666666667,0,0.0,"[0.0, 0.7934506856227626]",0.0,"[0.0, 0.7934506856227626]",0.07726322126497942,1,0,,,,,0,0,,,-0.5,0.5
tiny_physical,b,0.8,19.09924883061074,1,1,0,0.151769734402668,0.151769734402668,0.50589911467556,0.151769734402668,0.151769734402668,0.05111980912613722,0.7466666666666667,0,0.0,"[0.0, 0.7934506856227626]",0.0,"[0.0, 0.7934506856227626]",0.13715795992988283,1,0,,,,,0,0,,,-0.8,0.8
tiny_physical,b,0.94,19.09924883061074,1,1,0,0.151769734402668,0.151769734402668,0.50589911467556,0.151769734402668,0.151769734402668,0.05111980912613722,0.7466666666666667,0,0.0,"[0.0, 0.7934506856227626]",0.0,"[0.0, 0.7934506856227626]",0.16209431019173687,1,0,,,,,0,0,,,-0.94,0.94
tiny_physical,a,0.5,19.09924883061074,1,1,0,17.027928488063377,17.027928488063377,3.4055856976126755,17.027928488063377,17.027928488063377,9.172267150388866,0.7466666666666667,0,0.0,"[0.0, 0.7934506856227626]",0.0,"[0.0, 0.7934506856227626]",14.652087774057692,1,0,,,,,0,0,,,-0.5,0.5
tiny_physical,a,0.8,19.09924883061074,1,1,0,17.027928488063377,17.027928488063377,3.4055856976126755,17.027928488063377,17.027928488063377,9.172267150388866,0.7466666666666667,0,0.0,"[0.0, 0.7934506856227626]",0.0,"[0.0, 0.7934506856227626]",23.422727789650807,1,0,,,,,0,0,,,-0.8,0.8
tiny_physical,a,0.94,19.09924883061074,1,1,0,17.027928488063377,17.027928488063377,3.4055856976126755,17.027928488063377,17.027928488063377,9.172267150388866,0.7466666666666667,0,0.0,"[0.0, 0.7934506856227626]",0.0,"[0.0, 0.7934506856227626]",28.442948368704876,1,0,,,,,0,0,,,-0.94,0.94
tiny_physical,t0,0.5,19.09924883061074,1,1,0,-0.0020851479401569452,0.0020851479401569452,-2.0851479401569453,0.0020851479401569452,0.0020851479401569452,0.006662111744042713,0.25333333333333335,1,1.0,"[0.20654931437723745, 1.0]",0.0,"[0.0, 0.7934506856227626]",0.009044232157335224,1,0,,,,,0,0,,,0.5,0.5
tiny_physical,t0,0.8,19.09924883061074,1,1,0,-0.0020851479401569452,0.0020851479401569452,-2.0851479401569453,0.0020851479401569452,0.0020851479401569452,0.006662111744042713,0.25333333333333335,1,1.0,"[0.20654931437723745, 1.0]",0.0,"[0.0, 0.7934506856227626]",0.017848185327208367,1,0,,,,,0,0,,,0.19999999999999996,0.19999999999999996
tiny_physical,t0,0.94,19.09924883061074,1,1,0,-0.0020851479401569452,0.0020851479401569452,-2.0851479401569453,0.0020851479401569452,0.0020851479401569452,0.006662111744042713,0.25333333333333335,1,1.0,"[0.20654931437723745, 1.0]",0.0,"[0.0, 0.7934506856227626]",0.022610091654295107,1,0,,,,,0,0,,,0.06000000000000005,0.06000000000000005
tiny_physical,full_duration,0.5,19.09924883061074,1,1,0,-0.0483390776792564,0.0483390776792564,-0.7252199169237199,0.0483390776792564,0.0483390776792564,0.011999396422796474,0.7466666666666667,0,0.0,"[0.0, 0.7934506856227626]",0.0,"[0.0, 0.7934506856227626]",0.010151085159856278,1,0,,,,,0,0,,,-0.5,0.5
tiny_physical,full_duration,0.8,19.09924883061074,1,1,0,-0.0483390776792564,0.0483390776792564,-0.7252199169237199,0.0483390776792564,0.0483390776792564,0.011999396422796474,0.7466666666666667,0,0.0,"[0.0, 0.7934506856227626]",0.0,"[0.0, 0.7934506856227626]",0.02796132011698181,1,0,,,,,0,0,,,-0.8,0.8
tiny_physical,full_duration,0.94,19.09924883061074,1,1,0,-0.0483390776792564,0.0483390776792564,-0.7252199169237199,0.0483390776792564,0.0483390776792564,0.011999396422796474,0.7466666666666667,0,0.0,"[0.0, 0.7934506856227626]",0.0,"[0.0, 0.7934506856227626]",0.03727159220849009,1,0,,,,,0,0,,,-0.94,0.94
tiny_physical,extra_sigma,0.5,19.09924883061074,1,1,0,0.0022305177059941464,0.0022305177059941464,11.152588529970732,0.0022305177059941464,0.0022305177059941464,0.000566485742783739,0.7466666666666667,0,0.0,"[0.0, 0.7934506856227626]",0.0,"[0.0, 0.7934506856227626]",0.0008191435906351376,1,0,,,,,0,0,,,-0.5,0.5
tiny_physical,extra_sigma,0.8,19.09924883061074,1,1,0,0.0022305177059941464,0.0022305177059941464,11.152588529970732,0.0022305177059941464,0.0022305177059941464,0.000566485742783739,0.7466666666666667,0,0.0,"[0.0, 0.7934506856227626]",0.0,"[0.0, 0.7934506856227626]",0.001272823471294496,1,0,,,,,0,0,,,-0.8,0.8
tiny_physical,extra_sigma,0.94,19.09924883061074,1,1,0,0.0022305177059941464,0.0022305177059941464,11.152588529970732,0.0022305177059941464,0.0022305177059941464,0.000566485742783739,0.7466666666666667,0,0.0,"[0.0, 0.7934506856227626]",0.0,"[0.0, 0.7934506856227626]",0.001963506409792702,1,0,,,,,0,0,,,-0.94,0.94
