job_id,experiment_id,scenario_id,replicate_id,run_id,seeds,output_dir,status,attempt_count,error,authoritative_attempt_dir,source_paths,computational_gates_passed,scientifically_interpretable
PUB-04__long_segment_offsets__baseline__rep_0000,PUB-04,long_segment_offsets__baseline,rep_0000,tcc_campaign_v1__PUB-04__long_segment_offsets__baseline__rep_0000,"{""generation"": 321943356, ""inference"": 4056851067, ""predictive"": 997893781, ""resampling"": 3293213010}",artifacts/publication_campaign/tcc_campaign_v1/runs/PUB-04/long_segment_offsets__baseline/rep_0000,COMPLETED_REJECTED,1,,artifacts/publication_campaign/tcc_campaign_v1/runs/PUB-04/long_segment_offsets__baseline/rep_0000/attempt_000,"[""artifacts/publication_campaign/tcc_campaign_v1/runs/PUB-04/long_segment_offsets__baseline/rep_0000/attempt_000/completion_manifest.json"", ""artifacts/publication_campaign/tcc_campaign_v1/runs/PUB-04/long_segment_offsets__baseline/rep_0000/attempt_000/ablation.json"", ""artifacts/publication_campaign/tcc_campaign_v1/runs/PUB-04/long_segment_offsets__baseline/rep_0000/attempt_000/environment_preflight.json"", ""artifacts/publication_campaign/tcc_campaign_v1/runs/PUB-04/long_segment_offsets__baseline/rep_0000/attempt_000/generated.csv"", ""artifacts/publication_campaign/tcc_campaign_v1/runs/PUB-04/long_segment_offsets__baseline/rep_0000/attempt_000/inference_command.json"", ""artifacts/publication_campaign/tcc_campaign_v1/runs/PUB-04/long_segment_offsets__baseline/rep_0000/attempt_000/inference_config.json"", ""artifacts/publication_campaign/tcc_campaign_v1/runs/PUB-04/long_segment_offsets__baseline/rep_0000/attempt_000/inference_started.json"", ""artifacts/publication_campaign/tcc_campaign_v1/runs/PUB-04/long_segment_offsets__baseline/rep_0000/attempt_000/input.csv"", ""artifacts/publication_campaign/tcc_campaign_v1/runs/PUB-04/long_segment_offsets__baseline/rep_0000/attempt_000/job.json"", ""artifacts/publication_campaign/tcc_campaign_v1/runs/PUB-04/long_segment_offsets__baseline/rep_0000/attempt_000/predictive_summary.csv"", ""artifacts/publication_campaign/tcc_campaign_v1/runs/PUB-04/long_segment_offsets__baseline/rep_0000/attempt_000/preprocessing.json"", ""artifacts/publication_campaign/tcc_campaign_v1/runs/PUB-04/long_segment_offsets__baseline/rep_0000/attempt_000/result.json"", ""artifacts/publication_campaign/tcc_campaign_v1/runs/PUB-04/long_segment_offsets__baseline/rep_0000/attempt_000/sampler_summary.csv"", ""artifacts/publication_campaign/tcc_campaign_v1/runs/PUB-04/long_segment_offsets__baseline/rep_0000/attempt_000/trace.nc"", ""artifacts/publication_campaign/tcc_campaign_v1/runs/PUB-04/long_segment_offsets__baseline/rep_0000/attempt_000/truth.json"", ""artifacts/publication_campaign/tcc_campaign_v1/runs/PUB-04/long_segment_offsets__baseline/rep_0000/attempt_000/worker_metadata.json""]",False,False
PUB-04__long_segment_offsets__baseline__rep_0001,PUB-04,long_segment_offsets__baseline,rep_0001,tcc_campaign_v1__PUB-04__long_segment_offsets__baseline__rep_0001,"{""generation"": 1760430103, ""inference"": 4113377349, ""predictive"": 248579014, ""resampling"": 691834413}",artifacts/publication_campaign/tcc_campaign_v1/runs/PUB-04/long_segment_offsets__baseline/rep_0001,COMPLETED_REJECTED,1,,artifacts/publication_campaign/tcc_campaign_v1/runs/PUB-04/long_segment_offsets__baseline/rep_0001/attempt_000,"[""artifacts/publication_campaign/tcc_campaign_v1/runs/PUB-04/long_segment_offsets__baseline/rep_0001/attempt_000/completion_manifest.json"", ""artifacts/publication_campaign/tcc_campaign_v1/runs/PUB-04/long_segment_offsets__baseline/rep_0001/attempt_000/ablation.json"", ""artifacts/publication_campaign/tcc_campaign_v1/runs/PUB-04/long_segment_offsets__baseline/rep_0001/attempt_000/environment_preflight.json"", ""artifacts/publication_campaign/tcc_campaign_v1/runs/PUB-04/long_segment_offsets__baseline/rep_0001/attempt_000/generated.csv"", ""artifacts/publication_campaign/tcc_campaign_v1/runs/PUB-04/long_segment_offsets__baseline/rep_0001/attempt_000/inference_command.json"", ""artifacts/publication_campaign/tcc_campaign_v1/runs/PUB-04/long_segment_offsets__baseline/rep_0001/attempt_000/inference_config.json"", ""artifacts/publication_campaign/tcc_campaign_v1/runs/PUB-04/long_segment_offsets__baseline/rep_0001/attempt_000/inference_started.json"", ""artifacts/publication_campaign/tcc_campaign_v1/runs/PUB-04/long_segment_offsets__baseline/rep_0001/attempt_000/input.csv"", ""artifacts/publication_campaign/tcc_campaign_v1/runs/PUB-04/long_segment_offsets__baseline/rep_0001/attempt_000/job.json"", ""artifacts/publication_campaign/tcc_campaign_v1/runs/PUB-04/long_segment_offsets__baseline/rep_0001/attempt_000/predictive_summary.csv"", ""artifacts/publication_campaign/tcc_campaign_v1/runs/PUB-04/long_segment_offsets__baseline/rep_0001/attempt_000/preprocessing.json"", ""artifacts/publication_campaign/tcc_campaign_v1/runs/PUB-04/long_segment_offsets__baseline/rep_0001/attempt_000/result.json"", ""artifacts/publication_campaign/tcc_campaign_v1/runs/PUB-04/long_segment_offsets__baseline/rep_0001/attempt_000/sampler_summary.csv"", ""artifacts/publication_campaign/tcc_campaign_v1/runs/PUB-04/long_segment_offsets__baseline/rep_0001/attempt_000/trace.nc"", ""artifacts/publication_campaign/tcc_campaign_v1/runs/PUB-04/long_segment_offsets__baseline/rep_0001/attempt_000/truth.json"", ""artifacts/publication_campaign/tcc_campaign_v1/runs/PUB-04/long_segment_offsets__baseline/rep_0001/attempt_000/worker_metadata.json""]",False,False
PUB-04__long_segment_offsets__baseline__rep_0002,PUB-04,long_segment_offsets__baseline,rep_0002,tcc_campaign_v1__PUB-04__long_segment_offsets__baseline__rep_0002,"{""generation"": 4252353686, ""inference"": 4255615761, ""predictive"": 1533881783, ""resampling"": 2289965849}",artifacts/publication_campaign/tcc_campaign_v1/runs/PUB-04/long_segment_offsets__baseline/rep_0002,COMPLETED_REJECTED,1,,artifacts/publication_campaign/tcc_campaign_v1/runs/PUB-04/long_segment_offsets__baseline/rep_0002/attempt_000,"[""artifacts/publication_campaign/tcc_campaign_v1/runs/PUB-04/long_segment_offsets__baseline/rep_0002/attempt_000/completion_manifest.json"", ""artifacts/publication_campaign/tcc_campaign_v1/runs/PUB-04/long_segment_offsets__baseline/rep_0002/attempt_000/ablation.json"", ""artifacts/publication_campaign/tcc_campaign_v1/runs/PUB-04/long_segment_offsets__baseline/rep_0002/attempt_000/environment_preflight.json"", ""artifacts/publication_campaign/tcc_campaign_v1/runs/PUB-04/long_segment_offsets__baseline/rep_0002/attempt_000/generated.csv"", ""artifacts/publication_campaign/tcc_campaign_v1/runs/PUB-04/long_segment_offsets__baseline/rep_0002/attempt_000/inference_command.json"", ""artifacts/publication_campaign/tcc_campaign_v1/runs/PUB-04/long_segment_offsets__baseline/rep_0002/attempt_000/inference_config.json"", ""artifacts/publication_campaign/tcc_campaign_v1/runs/PUB-04/long_segment_offsets__baseline/rep_0002/attempt_000/inference_started.json"", ""artifacts/publication_campaign/tcc_campaign_v1/runs/PUB-04/long_segment_offsets__baseline/rep_0002/attempt_000/input.csv"", ""artifacts/publication_campaign/tcc_campaign_v1/runs/PUB-04/long_segment_offsets__baseline/rep_0002/attempt_000/job.json"", ""artifacts/publication_campaign/tcc_campaign_v1/runs/PUB-04/long_segment_offsets__baseline/rep_0002/attempt_000/predictive_summary.csv"", ""artifacts/publication_campaign/tcc_campaign_v1/runs/PUB-04/long_segment_offsets__baseline/rep_0002/attempt_000/preprocessing.json"", ""artifacts/publication_campaign/tcc_campaign_v1/runs/PUB-04/long_segment_offsets__baseline/rep_0002/attempt_000/result.json"", ""artifacts/publication_campaign/tcc_campaign_v1/runs/PUB-04/long_segment_offsets__baseline/rep_0002/attempt_000/sampler_summary.csv"", ""artifacts/publication_campaign/tcc_campaign_v1/runs/PUB-04/long_segment_offsets__baseline/rep_0002/attempt_000/trace.nc"", ""artifacts/publication_campaign/tcc_campaign_v1/runs/PUB-04/long_segment_offsets__baseline/rep_0002/attempt_000/truth.json"", ""artifacts/publication_campaign/tcc_campaign_v1/runs/PUB-04/long_segment_offsets__baseline/rep_0002/attempt_000/worker_metadata.json""]",False,False
PUB-04__long_segment_offsets__exposure_off__rep_0000,PUB-04,long_segment_offsets__exposure_off,rep_0000,tcc_campaign_v1__PUB-04__long_segment_offsets__exposure_off__rep_0000,"{""generation"": 321943356, ""inference"": 2479570056, ""predictive"": 369126613, ""resampling"": 1662876796}",artifacts/publication_campaign/tcc_campaign_v1/runs/PUB-04/long_segment_offsets__exposure_off/rep_0000,COMPLETED_REJECTED,1,,artifacts/publication_campaign/tcc_campaign_v1/runs/PUB-04/long_segment_offsets__exposure_off/rep_0000/attempt_000,"[""artifacts/publication_campaign/tcc_campaign_v1/runs/PUB-04/long_segment_offsets__exposure_off/rep_0000/attempt_000/completion_manifest.json"", ""artifacts/publication_campaign/tcc_campaign_v1/runs/PUB-04/long_segment_offsets__exposure_off/rep_0000/attempt_000/ablation.json"", ""artifacts/publication_campaign/tcc_campaign_v1/runs/PUB-04/long_segment_offsets__exposure_off/rep_0000/attempt_000/environment_preflight.json"", ""artifacts/publication_campaign/tcc_campaign_v1/runs/PUB-04/long_segment_offsets__exposure_off/rep_0000/attempt_000/generated.csv"", ""artifacts/publication_campaign/tcc_campaign_v1/runs/PUB-04/long_segment_offsets__exposure_off/rep_0000/attempt_000/inference_command.json"", ""artifacts/publication_campaign/tcc_campaign_v1/runs/PUB-04/long_segment_offsets__exposure_off/rep_0000/attempt_000/inference_config.json"", ""artifacts/publication_campaign/tcc_campaign_v1/runs/PUB-04/long_segment_offsets__exposure_off/rep_0000/attempt_000/inference_started.json"", ""artifacts/publication_campaign/tcc_campaign_v1/runs/PUB-04/long_segment_offsets__exposure_off/rep_0000/attempt_000/input.csv"", ""artifacts/publication_campaign/tcc_campaign_v1/runs/PUB-04/long_segment_offsets__exposure_off/rep_0000/attempt_000/job.json"", ""artifacts/publication_campaign/tcc_campaign_v1/runs/PUB-04/long_segment_offsets__exposure_off/rep_0000/attempt_000/predictive_summary.csv"", ""artifacts/publication_campaign/tcc_campaign_v1/runs/PUB-04/long_segment_offsets__exposure_off/rep_0000/attempt_000/preprocessing.json"", ""artifacts/publication_campaign/tcc_campaign_v1/runs/PUB-04/long_segment_offsets__exposure_off/rep_0000/attempt_000/result.json"", ""artifacts/publication_campaign/tcc_campaign_v1/runs/PUB-04/long_segment_offsets__exposure_off/rep_0000/attempt_000/sampler_summary.csv"", ""artifacts/publication_campaign/tcc_campaign_v1/runs/PUB-04/long_segment_offsets__exposure_off/rep_0000/attempt_000/trace.nc"", ""artifacts/publication_campaign/tcc_campaign_v1/runs/PUB-04/long_segment_offsets__exposure_off/rep_0000/attempt_000/truth.json"", ""artifacts/publication_campaign/tcc_campaign_v1/runs/PUB-04/long_segment_offsets__exposure_off/rep_0000/attempt_000/worker_metadata.json""]",False,False
PUB-04__long_segment_offsets__exposure_off__rep_0001,PUB-04,long_segment_offsets__exposure_off,rep_0001,tcc_campaign_v1__PUB-04__long_segment_offsets__exposure_off__rep_0001,"{""generation"": 1760430103, ""inference"": 3111449615, ""predictive"": 513062571, ""resampling"": 3040743543}",artifacts/publication_campaign/tcc_campaign_v1/runs/PUB-04/long_segment_offsets__exposure_off/rep_0001,COMPLETED_REJECTED,1,,artifacts/publication_campaign/tcc_campaign_v1/runs/PUB-04/long_segment_offsets__exposure_off/rep_0001/attempt_000,"[""artifacts/publication_campaign/tcc_campaign_v1/runs/PUB-04/long_segment_offsets__exposure_off/rep_0001/attempt_000/completion_manifest.json"", ""artifacts/publication_campaign/tcc_campaign_v1/runs/PUB-04/long_segment_offsets__exposure_off/rep_0001/attempt_000/ablation.json"", ""artifacts/publication_campaign/tcc_campaign_v1/runs/PUB-04/long_segment_offsets__exposure_off/rep_0001/attempt_000/environment_preflight.json"", ""artifacts/publication_campaign/tcc_campaign_v1/runs/PUB-04/long_segment_offsets__exposure_off/rep_0001/attempt_000/generated.csv"", ""artifacts/publication_campaign/tcc_campaign_v1/runs/PUB-04/long_segment_offsets__exposure_off/rep_0001/attempt_000/inference_command.json"", ""artifacts/publication_campaign/tcc_campaign_v1/runs/PUB-04/long_segment_offsets__exposure_off/rep_0001/attempt_000/inference_config.json"", ""artifacts/publication_campaign/tcc_campaign_v1/runs/PUB-04/long_segment_offsets__exposure_off/rep_0001/attempt_000/inference_started.json"", ""artifacts/publication_campaign/tcc_campaign_v1/runs/PUB-04/long_segment_offsets__exposure_off/rep_0001/attempt_000/input.csv"", ""artifacts/publication_campaign/tcc_campaign_v1/runs/PUB-04/long_segment_offsets__exposure_off/rep_0001/attempt_000/job.json"", ""artifacts/publication_campaign/tcc_campaign_v1/runs/PUB-04/long_segment_offsets__exposure_off/rep_0001/attempt_000/predictive_summary.csv"", ""artifacts/publication_campaign/tcc_campaign_v1/runs/PUB-04/long_segment_offsets__exposure_off/rep_0001/attempt_000/preprocessing.json"", ""artifacts/publication_campaign/tcc_campaign_v1/runs/PUB-04/long_segment_offsets__exposure_off/rep_0001/attempt_000/result.json"", ""artifacts/publication_campaign/tcc_campaign_v1/runs/PUB-04/long_segment_offsets__exposure_off/rep_0001/attempt_000/sampler_summary.csv"", ""artifacts/publication_campaign/tcc_campaign_v1/runs/PUB-04/long_segment_offsets__exposure_off/rep_0001/attempt_000/trace.nc"", ""artifacts/publication_campaign/tcc_campaign_v1/runs/PUB-04/long_segment_offsets__exposure_off/rep_0001/attempt_000/truth.json"", ""artifacts/publication_campaign/tcc_campaign_v1/runs/PUB-04/long_segment_offsets__exposure_off/rep_0001/attempt_000/worker_metadata.json""]",False,False
PUB-04__long_segment_offsets__exposure_off__rep_0002,PUB-04,long_segment_offsets__exposure_off,rep_0002,tcc_campaign_v1__PUB-04__long_segment_offsets__exposure_off__rep_0002,"{""generation"": 4252353686, ""inference"": 4160897828, ""predictive"": 1588412661, ""resampling"": 2614999390}",artifacts/publication_campaign/tcc_campaign_v1/runs/PUB-04/long_segment_offsets__exposure_off/rep_0002,COMPLETED_REJECTED,1,,artifacts/publication_campaign/tcc_campaign_v1/runs/PUB-04/long_segment_offsets__exposure_off/rep_0002/attempt_000,"[""artifacts/publication_campaign/tcc_campaign_v1/runs/PUB-04/long_segment_offsets__exposure_off/rep_0002/attempt_000/completion_manifest.json"", ""artifacts/publication_campaign/tcc_campaign_v1/runs/PUB-04/long_segment_offsets__exposure_off/rep_0002/attempt_000/ablation.json"", ""artifacts/publication_campaign/tcc_campaign_v1/runs/PUB-04/long_segment_offsets__exposure_off/rep_0002/attempt_000/environment_preflight.json"", ""artifacts/publication_campaign/tcc_campaign_v1/runs/PUB-04/long_segment_offsets__exposure_off/rep_0002/attempt_000/generated.csv"", ""artifacts/publication_campaign/tcc_campaign_v1/runs/PUB-04/long_segment_offsets__exposure_off/rep_0002/attempt_000/inference_command.json"", ""artifacts/publication_campaign/tcc_campaign_v1/runs/PUB-04/long_segment_offsets__exposure_off/rep_0002/attempt_000/inference_config.json"", ""artifacts/publication_campaign/tcc_campaign_v1/runs/PUB-04/long_segment_offsets__exposure_off/rep_0002/attempt_000/inference_started.json"", ""artifacts/publication_campaign/tcc_campaign_v1/runs/PUB-04/long_segment_offsets__exposure_off/rep_0002/attempt_000/input.csv"", ""artifacts/publication_campaign/tcc_campaign_v1/runs/PUB-04/long_segment_offsets__exposure_off/rep_0002/attempt_000/job.json"", ""artifacts/publication_campaign/tcc_campaign_v1/runs/PUB-04/long_segment_offsets__exposure_off/rep_0002/attempt_000/predictive_summary.csv"", ""artifacts/publication_campaign/tcc_campaign_v1/runs/PUB-04/long_segment_offsets__exposure_off/rep_0002/attempt_000/preprocessing.json"", ""artifacts/publication_campaign/tcc_campaign_v1/runs/PUB-04/long_segment_offsets__exposure_off/rep_0002/attempt_000/result.json"", ""artifacts/publication_campaign/tcc_campaign_v1/runs/PUB-04/long_segment_offsets__exposure_off/rep_0002/attempt_000/sampler_summary.csv"", ""artifacts/publication_campaign/tcc_campaign_v1/runs/PUB-04/long_segment_offsets__exposure_off/rep_0002/attempt_000/trace.nc"", ""artifacts/publication_campaign/tcc_campaign_v1/runs/PUB-04/long_segment_offsets__exposure_off/rep_0002/attempt_000/truth.json"", ""artifacts/publication_campaign/tcc_campaign_v1/runs/PUB-04/long_segment_offsets__exposure_off/rep_0002/attempt_000/worker_metadata.json""]",False,False
PUB-04__long_segment_offsets__global_normalization__rep_0000,PUB-04,long_segment_offsets__global_normalization,rep_0000,tcc_campaign_v1__PUB-04__long_segment_offsets__global_normalization__rep_0000,"{""generation"": 321943356, ""inference"": 293071603, ""predictive"": 4094093540, ""resampling"": 836030816}",artifacts/publication_campaign/tcc_campaign_v1/runs/PUB-04/long_segment_offsets__global_normalization/rep_0000,COMPLETED_REJECTED,1,,artifacts/publication_campaign/tcc_campaign_v1/runs/PUB-04/long_segment_offsets__global_normalization/rep_0000/attempt_000,"[""artifacts/publication_campaign/tcc_campaign_v1/runs/PUB-04/long_segment_offsets__global_normalization/rep_0000/attempt_000/completion_manifest.json"", ""artifacts/publication_campaign/tcc_campaign_v1/runs/PUB-04/long_segment_offsets__global_normalization/rep_0000/attempt_000/ablation.json"", ""artifacts/publication_campaign/tcc_campaign_v1/runs/PUB-04/long_segment_offsets__global_normalization/rep_0000/attempt_000/environment_preflight.json"", ""artifacts/publication_campaign/tcc_campaign_v1/runs/PUB-04/long_segment_offsets__global_normalization/rep_0000/attempt_000/generated.csv"", ""artifacts/publication_campaign/tcc_campaign_v1/runs/PUB-04/long_segment_offsets__global_normalization/rep_0000/attempt_000/inference_command.json"", ""artifacts/publication_campaign/tcc_campaign_v1/runs/PUB-04/long_segment_offsets__global_normalization/rep_0000/attempt_000/inference_config.json"", ""artifacts/publication_campaign/tcc_campaign_v1/runs/PUB-04/long_segment_offsets__global_normalization/rep_0000/attempt_000/inference_started.json"", ""artifacts/publication_campaign/tcc_campaign_v1/runs/PUB-04/long_segment_offsets__global_normalization/rep_0000/attempt_000/input.csv"", ""artifacts/publication_campaign/tcc_campaign_v1/runs/PUB-04/long_segment_offsets__global_normalization/rep_0000/attempt_000/job.json"", ""artifacts/publication_campaign/tcc_campaign_v1/runs/PUB-04/long_segment_offsets__global_normalization/rep_0000/attempt_000/predictive_summary.csv"", ""artifacts/publication_campaign/tcc_campaign_v1/runs/PUB-04/long_segment_offsets__global_normalization/rep_0000/attempt_000/preprocessing.json"", ""artifacts/publication_campaign/tcc_campaign_v1/runs/PUB-04/long_segment_offsets__global_normalization/rep_0000/attempt_000/result.json"", ""artifacts/publication_campaign/tcc_campaign_v1/runs/PUB-04/long_segment_offsets__global_normalization/rep_0000/attempt_000/sampler_summary.csv"", ""artifacts/publication_campaign/tcc_campaign_v1/runs/PUB-04/long_segment_offsets__global_normalization/rep_0000/attempt_000/trace.nc"", ""artifacts/publication_campaign/tcc_campaign_v1/runs/PUB-04/long_segment_offsets__global_normalization/rep_0000/attempt_000/truth.json"", ""artifacts/publication_campaign/tcc_campaign_v1/runs/PUB-04/long_segment_offsets__global_normalization/rep_0000/attempt_000/worker_metadata.json""]",False,False
PUB-04__long_segment_offsets__global_normalization__rep_0001,PUB-04,long_segment_offsets__global_normalization,rep_0001,tcc_campaign_v1__PUB-04__long_segment_offsets__global_normalization__rep_0001,"{""generation"": 1760430103, ""inference"": 3862709765, ""predictive"": 3406576897, ""resampling"": 779161920}",artifacts/publication_campaign/tcc_campaign_v1/runs/PUB-04/long_segment_offsets__global_normalization/rep_0001,COMPLETED_REJECTED,1,,artifacts/publication_campaign/tcc_campaign_v1/runs/PUB-04/long_segment_offsets__global_normalization/rep_0001/attempt_000,"[""artifacts/publication_campaign/tcc_campaign_v1/runs/PUB-04/long_segment_offsets__global_normalization/rep_0001/attempt_000/completion_manifest.json"", ""artifacts/publication_campaign/tcc_campaign_v1/runs/PUB-04/long_segment_offsets__global_normalization/rep_0001/attempt_000/ablation.json"", ""artifacts/publication_campaign/tcc_campaign_v1/runs/PUB-04/long_segment_offsets__global_normalization/rep_0001/attempt_000/environment_preflight.json"", ""artifacts/publication_campaign/tcc_campaign_v1/runs/PUB-04/long_segment_offsets__global_normalization/rep_0001/attempt_000/generated.csv"", ""artifacts/publication_campaign/tcc_campaign_v1/runs/PUB-04/long_segment_offsets__global_normalization/rep_0001/attempt_000/inference_command.json"", ""artifacts/publication_campaign/tcc_campaign_v1/runs/PUB-04/long_segment_offsets__global_normalization/rep_0001/attempt_000/inference_config.json"", ""artifacts/publication_campaign/tcc_campaign_v1/runs/PUB-04/long_segment_offsets__global_normalization/rep_0001/attempt_000/inference_started.json"", ""artifacts/publication_campaign/tcc_campaign_v1/runs/PUB-04/long_segment_offsets__global_normalization/rep_0001/attempt_000/input.csv"", ""artifacts/publication_campaign/tcc_campaign_v1/runs/PUB-04/long_segment_offsets__global_normalization/rep_0001/attempt_000/job.json"", ""artifacts/publication_campaign/tcc_campaign_v1/runs/PUB-04/long_segment_offsets__global_normalization/rep_0001/attempt_000/predictive_summary.csv"", ""artifacts/publication_campaign/tcc_campaign_v1/runs/PUB-04/long_segment_offsets__global_normalization/rep_0001/attempt_000/preprocessing.json"", ""artifacts/publication_campaign/tcc_campaign_v1/runs/PUB-04/long_segment_offsets__global_normalization/rep_0001/attempt_000/result.json"", ""artifacts/publication_campaign/tcc_campaign_v1/runs/PUB-04/long_segment_offsets__global_normalization/rep_0001/attempt_000/sampler_summary.csv"", ""artifacts/publication_campaign/tcc_campaign_v1/runs/PUB-04/long_segment_offsets__global_normalization/rep_0001/attempt_000/trace.nc"", ""artifacts/publication_campaign/tcc_campaign_v1/runs/PUB-04/long_segment_offsets__global_normalization/rep_0001/attempt_000/truth.json"", ""artifacts/publication_campaign/tcc_campaign_v1/runs/PUB-04/long_segment_offsets__global_normalization/rep_0001/attempt_000/worker_metadata.json""]",False,False
PUB-04__long_segment_offsets__global_normalization__rep_0002,PUB-04,long_segment_offsets__global_normalization,rep_0002,tcc_campaign_v1__PUB-04__long_segment_offsets__global_normalization__rep_0002,"{""generation"": 4252353686, ""inference"": 1763007764, ""predictive"": 3682739334, ""resampling"": 2071173737}",artifacts/publication_campaign/tcc_campaign_v1/runs/PUB-04/long_segment_offsets__global_normalization/rep_0002,COMPLETED_REJECTED,1,,artifacts/publication_campaign/tcc_campaign_v1/runs/PUB-04/long_segment_offsets__global_normalization/rep_0002/attempt_000,"[""artifacts/publication_campaign/tcc_campaign_v1/runs/PUB-04/long_segment_offsets__global_normalization/rep_0002/attempt_000/completion_manifest.json"", ""artifacts/publication_campaign/tcc_campaign_v1/runs/PUB-04/long_segment_offsets__global_normalization/rep_0002/attempt_000/ablation.json"", ""artifacts/publication_campaign/tcc_campaign_v1/runs/PUB-04/long_segment_offsets__global_normalization/rep_0002/attempt_000/environment_preflight.json"", ""artifacts/publication_campaign/tcc_campaign_v1/runs/PUB-04/long_segment_offsets__global_normalization/rep_0002/attempt_000/generated.csv"", ""artifacts/publication_campaign/tcc_campaign_v1/runs/PUB-04/long_segment_offsets__global_normalization/rep_0002/attempt_000/inference_command.json"", ""artifacts/publication_campaign/tcc_campaign_v1/runs/PUB-04/long_segment_offsets__global_normalization/rep_0002/attempt_000/inference_config.json"", ""artifacts/publication_campaign/tcc_campaign_v1/runs/PUB-04/long_segment_offsets__global_normalization/rep_0002/attempt_000/inference_started.json"", ""artifacts/publication_campaign/tcc_campaign_v1/runs/PUB-04/long_segment_offsets__global_normalization/rep_0002/attempt_000/input.csv"", ""artifacts/publication_campaign/tcc_campaign_v1/runs/PUB-04/long_segment_offsets__global_normalization/rep_0002/attempt_000/job.json"", ""artifacts/publication_campaign/tcc_campaign_v1/runs/PUB-04/long_segment_offsets__global_normalization/rep_0002/attempt_000/predictive_summary.csv"", ""artifacts/publication_campaign/tcc_campaign_v1/runs/PUB-04/long_segment_offsets__global_normalization/rep_0002/attempt_000/preprocessing.json"", ""artifacts/publication_campaign/tcc_campaign_v1/runs/PUB-04/long_segment_offsets__global_normalization/rep_0002/attempt_000/result.json"", ""artifacts/publication_campaign/tcc_campaign_v1/runs/PUB-04/long_segment_offsets__global_normalization/rep_0002/attempt_000/sampler_summary.csv"", ""artifacts/publication_campaign/tcc_campaign_v1/runs/PUB-04/long_segment_offsets__global_normalization/rep_0002/attempt_000/trace.nc"", ""artifacts/publication_campaign/tcc_campaign_v1/runs/PUB-04/long_segment_offsets__global_normalization/rep_0002/attempt_000/truth.json"", ""artifacts/publication_campaign/tcc_campaign_v1/runs/PUB-04/long_segment_offsets__global_normalization/rep_0002/attempt_000/worker_metadata.json""]",False,False
PUB-04__long_segment_offsets__no_jitter__rep_0000,PUB-04,long_segment_offsets__no_jitter,rep_0000,tcc_campaign_v1__PUB-04__long_segment_offsets__no_jitter__rep_0000,"{""generation"": 321943356, ""inference"": 928295360, ""predictive"": 3969771038, ""resampling"": 63101546}",artifacts/publication_campaign/tcc_campaign_v1/runs/PUB-04/long_segment_offsets__no_jitter/rep_0000,COMPLETED_REJECTED,1,,artifacts/publication_campaign/tcc_campaign_v1/runs/PUB-04/long_segment_offsets__no_jitter/rep_0000/attempt_000,"[""artifacts/publication_campaign/tcc_campaign_v1/runs/PUB-04/long_segment_offsets__no_jitter/rep_0000/attempt_000/completion_manifest.json"", ""artifacts/publication_campaign/tcc_campaign_v1/runs/PUB-04/long_segment_offsets__no_jitter/rep_0000/attempt_000/ablation.json"", ""artifacts/publication_campaign/tcc_campaign_v1/runs/PUB-04/long_segment_offsets__no_jitter/rep_0000/attempt_000/environment_preflight.json"", ""artifacts/publication_campaign/tcc_campaign_v1/runs/PUB-04/long_segment_offsets__no_jitter/rep_0000/attempt_000/generated.csv"", ""artifacts/publication_campaign/tcc_campaign_v1/runs/PUB-04/long_segment_offsets__no_jitter/rep_0000/attempt_000/inference_command.json"", ""artifacts/publication_campaign/tcc_campaign_v1/runs/PUB-04/long_segment_offsets__no_jitter/rep_0000/attempt_000/inference_config.json"", ""artifacts/publication_campaign/tcc_campaign_v1/runs/PUB-04/long_segment_offsets__no_jitter/rep_0000/attempt_000/inference_started.json"", ""artifacts/publication_campaign/tcc_campaign_v1/runs/PUB-04/long_segment_offsets__no_jitter/rep_0000/attempt_000/input.csv"", ""artifacts/publication_campaign/tcc_campaign_v1/runs/PUB-04/long_segment_offsets__no_jitter/rep_0000/attempt_000/job.json"", ""artifacts/publication_campaign/tcc_campaign_v1/runs/PUB-04/long_segment_offsets__no_jitter/rep_0000/attempt_000/predictive_summary.csv"", ""artifacts/publication_campaign/tcc_campaign_v1/runs/PUB-04/long_segment_offsets__no_jitter/rep_0000/attempt_000/preprocessing.json"", ""artifacts/publication_campaign/tcc_campaign_v1/runs/PUB-04/long_segment_offsets__no_jitter/rep_0000/attempt_000/result.json"", ""artifacts/publication_campaign/tcc_campaign_v1/runs/PUB-04/long_segment_offsets__no_jitter/rep_0000/attempt_000/sampler_summary.csv"", ""artifacts/publication_campaign/tcc_campaign_v1/runs/PUB-04/long_segment_offsets__no_jitter/rep_0000/attempt_000/trace.nc"", ""artifacts/publication_campaign/tcc_campaign_v1/runs/PUB-04/long_segment_offsets__no_jitter/rep_0000/attempt_000/truth.json"", ""artifacts/publication_campaign/tcc_campaign_v1/runs/PUB-04/long_segment_offsets__no_jitter/rep_0000/attempt_000/worker_metadata.json""]",False,False
PUB-04__long_segment_offsets__no_jitter__rep_0001,PUB-04,long_segment_offsets__no_jitter,rep_0001,tcc_campaign_v1__PUB-04__long_segment_offsets__no_jitter__rep_0001,"{""generation"": 1760430103, ""inference"": 1193434803, ""predictive"": 3914919832, ""resampling"": 360755853}",artifacts/publication_campaign/tcc_campaign_v1/runs/PUB-04/long_segment_offsets__no_jitter/rep_0001,COMPLETED_REJECTED,1,,artifacts/publication_campaign/tcc_campaign_v1/runs/PUB-04/long_segment_offsets__no_jitter/rep_0001/attempt_000,"[""artifacts/publication_campaign/tcc_campaign_v1/runs/PUB-04/long_segment_offsets__no_jitter/rep_0001/attempt_000/completion_manifest.json"", ""artifacts/publication_campaign/tcc_campaign_v1/runs/PUB-04/long_segment_offsets__no_jitter/rep_0001/attempt_000/ablation.json"", ""artifacts/publication_campaign/tcc_campaign_v1/runs/PUB-04/long_segment_offsets__no_jitter/rep_0001/attempt_000/environment_preflight.json"", ""artifacts/publication_campaign/tcc_campaign_v1/runs/PUB-04/long_segment_offsets__no_jitter/rep_0001/attempt_000/generated.csv"", ""artifacts/publication_campaign/tcc_campaign_v1/runs/PUB-04/long_segment_offsets__no_jitter/rep_0001/attempt_000/inference_command.json"", ""artifacts/publication_campaign/tcc_campaign_v1/runs/PUB-04/long_segment_offsets__no_jitter/rep_0001/attempt_000/inference_config.json"", ""artifacts/publication_campaign/tcc_campaign_v1/runs/PUB-04/long_segment_offsets__no_jitter/rep_0001/attempt_000/inference_started.json"", ""artifacts/publication_campaign/tcc_campaign_v1/runs/PUB-04/long_segment_offsets__no_jitter/rep_0001/attempt_000/input.csv"", ""artifacts/publication_campaign/tcc_campaign_v1/runs/PUB-04/long_segment_offsets__no_jitter/rep_0001/attempt_000/job.json"", ""artifacts/publication_campaign/tcc_campaign_v1/runs/PUB-04/long_segment_offsets__no_jitter/rep_0001/attempt_000/predictive_summary.csv"", ""artifacts/publication_campaign/tcc_campaign_v1/runs/PUB-04/long_segment_offsets__no_jitter/rep_0001/attempt_000/preprocessing.json"", ""artifacts/publication_campaign/tcc_campaign_v1/runs/PUB-04/long_segment_offsets__no_jitter/rep_0001/attempt_000/result.json"", ""artifacts/publication_campaign/tcc_campaign_v1/runs/PUB-04/long_segment_offsets__no_jitter/rep_0001/attempt_000/sampler_summary.csv"", ""artifacts/publication_campaign/tcc_campaign_v1/runs/PUB-04/long_segment_offsets__no_jitter/rep_0001/attempt_000/trace.nc"", ""artifacts/publication_campaign/tcc_campaign_v1/runs/PUB-04/long_segment_offsets__no_jitter/rep_0001/attempt_000/truth.json"", ""artifacts/publication_campaign/tcc_campaign_v1/runs/PUB-04/long_segment_offsets__no_jitter/rep_0001/attempt_000/worker_metadata.json""]",False,False
PUB-04__long_segment_offsets__no_jitter__rep_0002,PUB-04,long_segment_offsets__no_jitter,rep_0002,tcc_campaign_v1__PUB-04__long_segment_offsets__no_jitter__rep_0002,"{""generation"": 4252353686, ""inference"": 1247662156, ""predictive"": 1557303411, ""resampling"": 725748199}",artifacts/publication_campaign/tcc_campaign_v1/runs/PUB-04/long_segment_offsets__no_jitter/rep_0002,COMPLETED_REJECTED,1,,artifacts/publication_campaign/tcc_campaign_v1/runs/PUB-04/long_segment_offsets__no_jitter/rep_0002/attempt_000,"[""artifacts/publication_campaign/tcc_campaign_v1/runs/PUB-04/long_segment_offsets__no_jitter/rep_0002/attempt_000/completion_manifest.json"", ""artifacts/publication_campaign/tcc_campaign_v1/runs/PUB-04/long_segment_offsets__no_jitter/rep_0002/attempt_000/ablation.json"", ""artifacts/publication_campaign/tcc_campaign_v1/runs/PUB-04/long_segment_offsets__no_jitter/rep_0002/attempt_000/environment_preflight.json"", ""artifacts/publication_campaign/tcc_campaign_v1/runs/PUB-04/long_segment_offsets__no_jitter/rep_0002/attempt_000/generated.csv"", ""artifacts/publication_campaign/tcc_campaign_v1/runs/PUB-04/long_segment_offsets__no_jitter/rep_0002/attempt_000/inference_command.json"", ""artifacts/publication_campaign/tcc_campaign_v1/runs/PUB-04/long_segment_offsets__no_jitter/rep_0002/attempt_000/inference_config.json"", ""artifacts/publication_campaign/tcc_campaign_v1/runs/PUB-04/long_segment_offsets__no_jitter/rep_0002/attempt_000/inference_started.json"", ""artifacts/publication_campaign/tcc_campaign_v1/runs/PUB-04/long_segment_offsets__no_jitter/rep_0002/attempt_000/input.csv"", ""artifacts/publication_campaign/tcc_campaign_v1/runs/PUB-04/long_segment_offsets__no_jitter/rep_0002/attempt_000/job.json"", ""artifacts/publication_campaign/tcc_campaign_v1/runs/PUB-04/long_segment_offsets__no_jitter/rep_0002/attempt_000/predictive_summary.csv"", ""artifacts/publication_campaign/tcc_campaign_v1/runs/PUB-04/long_segment_offsets__no_jitter/rep_0002/attempt_000/preprocessing.json"", ""artifacts/publication_campaign/tcc_campaign_v1/runs/PUB-04/long_segment_offsets__no_jitter/rep_0002/attempt_000/result.json"", ""artifacts/publication_campaign/tcc_campaign_v1/runs/PUB-04/long_segment_offsets__no_jitter/rep_0002/attempt_000/sampler_summary.csv"", ""artifacts/publication_campaign/tcc_campaign_v1/runs/PUB-04/long_segment_offsets__no_jitter/rep_0002/attempt_000/trace.nc"", ""artifacts/publication_campaign/tcc_campaign_v1/runs/PUB-04/long_segment_offsets__no_jitter/rep_0002/attempt_000/truth.json"", ""artifacts/publication_campaign/tcc_campaign_v1/runs/PUB-04/long_segment_offsets__no_jitter/rep_0002/attempt_000/worker_metadata.json""]",False,False
PUB-04__long_segment_offsets__strong_wrong_radius_prior__rep_0000,PUB-04,long_segment_offsets__strong_wrong_radius_prior,rep_0000,tcc_campaign_v1__PUB-04__long_segment_offsets__strong_wrong_radius_prior__rep_0000,"{""generation"": 321943356, ""inference"": 1951172939, ""predictive"": 2884906220, ""resampling"": 373533851}",artifacts/publication_campaign/tcc_campaign_v1/runs/PUB-04/long_segment_offsets__strong_wrong_radius_prior/rep_0000,COMPLETED_REJECTED,1,,artifacts/publication_campaign/tcc_campaign_v1/runs/PUB-04/long_segment_offsets__strong_wrong_radius_prior/rep_0000/attempt_000,"[""artifacts/publication_campaign/tcc_campaign_v1/runs/PUB-04/long_segment_offsets__strong_wrong_radius_prior/rep_0000/attempt_000/completion_manifest.json"", ""artifacts/publication_campaign/tcc_campaign_v1/runs/PUB-04/long_segment_offsets__strong_wrong_radius_prior/rep_0000/attempt_000/ablation.json"", ""artifacts/publication_campaign/tcc_campaign_v1/runs/PUB-04/long_segment_offsets__strong_wrong_radius_prior/rep_0000/attempt_000/environment_preflight.json"", ""artifacts/publication_campaign/tcc_campaign_v1/runs/PUB-04/long_segment_offsets__strong_wrong_radius_prior/rep_0000/attempt_000/generated.csv"", ""artifacts/publication_campaign/tcc_campaign_v1/runs/PUB-04/long_segment_offsets__strong_wrong_radius_prior/rep_0000/attempt_000/inference_command.json"", ""artifacts/publication_campaign/tcc_campaign_v1/runs/PUB-04/long_segment_offsets__strong_wrong_radius_prior/rep_0000/attempt_000/inference_config.json"", ""artifacts/publication_campaign/tcc_campaign_v1/runs/PUB-04/long_segment_offsets__strong_wrong_radius_prior/rep_0000/attempt_000/inference_started.json"", ""artifacts/publication_campaign/tcc_campaign_v1/runs/PUB-04/long_segment_offsets__strong_wrong_radius_prior/rep_0000/attempt_000/input.csv"", ""artifacts/publication_campaign/tcc_campaign_v1/runs/PUB-04/long_segment_offsets__strong_wrong_radius_prior/rep_0000/attempt_000/job.json"", ""artifacts/publication_campaign/tcc_campaign_v1/runs/PUB-04/long_segment_offsets__strong_wrong_radius_prior/rep_0000/attempt_000/predictive_summary.csv"", ""artifacts/publication_campaign/tcc_campaign_v1/runs/PUB-04/long_segment_offsets__strong_wrong_radius_prior/rep_0000/attempt_000/preprocessing.json"", ""artifacts/publication_campaign/tcc_campaign_v1/runs/PUB-04/long_segment_offsets__strong_wrong_radius_prior/rep_0000/attempt_000/result.json"", ""artifacts/publication_campaign/tcc_campaign_v1/runs/PUB-04/long_segment_offsets__strong_wrong_radius_prior/rep_0000/attempt_000/sampler_summary.csv"", ""artifacts/publication_campaign/tcc_campaign_v1/runs/PUB-04/long_segment_offsets__strong_wrong_radius_prior/rep_0000/attempt_000/trace.nc"", ""artifacts/publication_campaign/tcc_campaign_v1/runs/PUB-04/long_segment_offsets__strong_wrong_radius_prior/rep_0000/attempt_000/truth.json"", ""artifacts/publication_campaign/tcc_campaign_v1/runs/PUB-04/long_segment_offsets__strong_wrong_radius_prior/rep_0000/attempt_000/worker_metadata.json""]",False,False
PUB-04__long_segment_offsets__strong_wrong_radius_prior__rep_0001,PUB-04,long_segment_offsets__strong_wrong_radius_prior,rep_0001,tcc_campaign_v1__PUB-04__long_segment_offsets__strong_wrong_radius_prior__rep_0001,"{""generation"": 1760430103, ""inference"": 1535871012, ""predictive"": 3530468666, ""resampling"": 2629357389}",artifacts/publication_campaign/tcc_campaign_v1/runs/PUB-04/long_segment_offsets__strong_wrong_radius_prior/rep_0001,COMPLETED_REJECTED,1,,artifacts/publication_campaign/tcc_campaign_v1/runs/PUB-04/long_segment_offsets__strong_wrong_radius_prior/rep_0001/attempt_000,"[""artifacts/publication_campaign/tcc_campaign_v1/runs/PUB-04/long_segment_offsets__strong_wrong_radius_prior/rep_0001/attempt_000/completion_manifest.json"", ""artifacts/publication_campaign/tcc_campaign_v1/runs/PUB-04/long_segment_offsets__strong_wrong_radius_prior/rep_0001/attempt_000/ablation.json"", ""artifacts/publication_campaign/tcc_campaign_v1/runs/PUB-04/long_segment_offsets__strong_wrong_radius_prior/rep_0001/attempt_000/environment_preflight.json"", ""artifacts/publication_campaign/tcc_campaign_v1/runs/PUB-04/long_segment_offsets__strong_wrong_radius_prior/rep_0001/attempt_000/generated.csv"", ""artifacts/publication_campaign/tcc_campaign_v1/runs/PUB-04/long_segment_offsets__strong_wrong_radius_prior/rep_0001/attempt_000/inference_command.json"", ""artifacts/publication_campaign/tcc_campaign_v1/runs/PUB-04/long_segment_offsets__strong_wrong_radius_prior/rep_0001/attempt_000/inference_config.json"", ""artifacts/publication_campaign/tcc_campaign_v1/runs/PUB-04/long_segment_offsets__strong_wrong_radius_prior/rep_0001/attempt_000/inference_started.json"", ""artifacts/publication_campaign/tcc_campaign_v1/runs/PUB-04/long_segment_offsets__strong_wrong_radius_prior/rep_0001/attempt_000/input.csv"", ""artifacts/publication_campaign/tcc_campaign_v1/runs/PUB-04/long_segment_offsets__strong_wrong_radius_prior/rep_0001/attempt_000/job.json"", ""artifacts/publication_campaign/tcc_campaign_v1/runs/PUB-04/long_segment_offsets__strong_wrong_radius_prior/rep_0001/attempt_000/predictive_summary.csv"", ""artifacts/publication_campaign/tcc_campaign_v1/runs/PUB-04/long_segment_offsets__strong_wrong_radius_prior/rep_0001/attempt_000/preprocessing.json"", ""artifacts/publication_campaign/tcc_campaign_v1/runs/PUB-04/long_segment_offsets__strong_wrong_radius_prior/rep_0001/attempt_000/result.json"", ""artifacts/publication_campaign/tcc_campaign_v1/runs/PUB-04/long_segment_offsets__strong_wrong_radius_prior/rep_0001/attempt_000/sampler_summary.csv"", ""artifacts/publication_campaign/tcc_campaign_v1/runs/PUB-04/long_segment_offsets__strong_wrong_radius_prior/rep_0001/attempt_000/trace.nc"", ""artifacts/publication_campaign/tcc_campaign_v1/runs/PUB-04/long_segment_offsets__strong_wrong_radius_prior/rep_0001/attempt_000/truth.json"", ""artifacts/publication_campaign/tcc_campaign_v1/runs/PUB-04/long_segment_offsets__strong_wrong_radius_prior/rep_0001/attempt_000/worker_metadata.json""]",False,False
PUB-04__long_segment_offsets__strong_wrong_radius_prior__rep_0002,PUB-04,long_segment_offsets__strong_wrong_radius_prior,rep_0002,tcc_campaign_v1__PUB-04__long_segment_offsets__strong_wrong_radius_prior__rep_0002,"{""generation"": 4252353686, ""inference"": 3840248624, ""predictive"": 3895351106, ""resampling"": 2249369883}",artifacts/publication_campaign/tcc_campaign_v1/runs/PUB-04/long_segment_offsets__strong_wrong_radius_prior/rep_0002,COMPLETED_REJECTED,1,,artifacts/publication_campaign/tcc_campaign_v1/runs/PUB-04/long_segment_offsets__strong_wrong_radius_prior/rep_0002/attempt_000,"[""artifacts/publication_campaign/tcc_campaign_v1/runs/PUB-04/long_segment_offsets__strong_wrong_radius_prior/rep_0002/attempt_000/completion_manifest.json"", ""artifacts/publication_campaign/tcc_campaign_v1/runs/PUB-04/long_segment_offsets__strong_wrong_radius_prior/rep_0002/attempt_000/ablation.json"", ""artifacts/publication_campaign/tcc_campaign_v1/runs/PUB-04/long_segment_offsets__strong_wrong_radius_prior/rep_0002/attempt_000/environment_preflight.json"", ""artifacts/publication_campaign/tcc_campaign_v1/runs/PUB-04/long_segment_offsets__strong_wrong_radius_prior/rep_0002/attempt_000/generated.csv"", ""artifacts/publication_campaign/tcc_campaign_v1/runs/PUB-04/long_segment_offsets__strong_wrong_radius_prior/rep_0002/attempt_000/inference_command.json"", ""artifacts/publication_campaign/tcc_campaign_v1/runs/PUB-04/long_segment_offsets__strong_wrong_radius_prior/rep_0002/attempt_000/inference_config.json"", ""artifacts/publication_campaign/tcc_campaign_v1/runs/PUB-04/long_segment_offsets__strong_wrong_radius_prior/rep_0002/attempt_000/inference_started.json"", ""artifacts/publication_campaign/tcc_campaign_v1/runs/PUB-04/long_segment_offsets__strong_wrong_radius_prior/rep_0002/attempt_000/input.csv"", ""artifacts/publication_campaign/tcc_campaign_v1/runs/PUB-04/long_segment_offsets__strong_wrong_radius_prior/rep_0002/attempt_000/job.json"", ""artifacts/publication_campaign/tcc_campaign_v1/runs/PUB-04/long_segment_offsets__strong_wrong_radius_prior/rep_0002/attempt_000/predictive_summary.csv"", ""artifacts/publication_campaign/tcc_campaign_v1/runs/PUB-04/long_segment_offsets__strong_wrong_radius_prior/rep_0002/attempt_000/preprocessing.json"", ""artifacts/publication_campaign/tcc_campaign_v1/runs/PUB-04/long_segment_offsets__strong_wrong_radius_prior/rep_0002/attempt_000/result.json"", ""artifacts/publication_campaign/tcc_campaign_v1/runs/PUB-04/long_segment_offsets__strong_wrong_radius_prior/rep_0002/attempt_000/sampler_summary.csv"", ""artifacts/publication_campaign/tcc_campaign_v1/runs/PUB-04/long_segment_offsets__strong_wrong_radius_prior/rep_0002/attempt_000/trace.nc"", ""artifacts/publication_campaign/tcc_campaign_v1/runs/PUB-04/long_segment_offsets__strong_wrong_radius_prior/rep_0002/attempt_000/truth.json"", ""artifacts/publication_campaign/tcc_campaign_v1/runs/PUB-04/long_segment_offsets__strong_wrong_radius_prior/rep_0002/attempt_000/worker_metadata.json""]",False,False
PUB-04__long_segment_offsets__invalid_input_hash__rep_0000,PUB-04,long_segment_offsets__invalid_input_hash,rep_0000,tcc_campaign_v1__PUB-04__long_segment_offsets__invalid_input_hash__rep_0000,"{""generation"": 321943356, ""inference"": 761318123, ""predictive"": 140939739, ""resampling"": 1556308344}",artifacts/publication_campaign/tcc_campaign_v1/runs/PUB-04/long_segment_offsets__invalid_input_hash/rep_0000,COMPLETED_REJECTED,1,InputIdentityError('inference input SHA-256 mismatch'),artifacts/publication_campaign/tcc_campaign_v1/runs/PUB-04/long_segment_offsets__invalid_input_hash/rep_0000/attempt_000,"[""artifacts/publication_campaign/tcc_campaign_v1/runs/PUB-04/long_segment_offsets__invalid_input_hash/rep_0000/attempt_000/completion_manifest.json"", ""artifacts/publication_campaign/tcc_campaign_v1/runs/PUB-04/long_segment_offsets__invalid_input_hash/rep_0000/attempt_000/ablation.json"", ""artifacts/publication_campaign/tcc_campaign_v1/runs/PUB-04/long_segment_offsets__invalid_input_hash/rep_0000/attempt_000/environment_preflight.json"", ""artifacts/publication_campaign/tcc_campaign_v1/runs/PUB-04/long_segment_offsets__invalid_input_hash/rep_0000/attempt_000/generated.csv"", ""artifacts/publication_campaign/tcc_campaign_v1/runs/PUB-04/long_segment_offsets__invalid_input_hash/rep_0000/attempt_000/inference_command.json"", ""artifacts/publication_campaign/tcc_campaign_v1/runs/PUB-04/long_segment_offsets__invalid_input_hash/rep_0000/attempt_000/inference_config.json"", ""artifacts/publication_campaign/tcc_campaign_v1/runs/PUB-04/long_segment_offsets__invalid_input_hash/rep_0000/attempt_000/inference_started.json"", ""artifacts/publication_campaign/tcc_campaign_v1/runs/PUB-04/long_segment_offsets__invalid_input_hash/rep_0000/attempt_000/input.csv"", ""artifacts/publication_campaign/tcc_campaign_v1/runs/PUB-04/long_segment_offsets__invalid_input_hash/rep_0000/attempt_000/job.json"", ""artifacts/publication_campaign/tcc_campaign_v1/runs/PUB-04/long_segment_offsets__invalid_input_hash/rep_0000/attempt_000/preprocessing.json"", ""artifacts/publication_campaign/tcc_campaign_v1/runs/PUB-04/long_segment_offsets__invalid_input_hash/rep_0000/attempt_000/result.json"", ""artifacts/publication_campaign/tcc_campaign_v1/runs/PUB-04/long_segment_offsets__invalid_input_hash/rep_0000/attempt_000/truth.json"", ""artifacts/publication_campaign/tcc_campaign_v1/runs/PUB-04/long_segment_offsets__invalid_input_hash/rep_0000/attempt_000/worker_metadata.json""]",False,False
PUB-04__long_segment_offsets__invalid_input_hash__rep_0001,PUB-04,long_segment_offsets__invalid_input_hash,rep_0001,tcc_campaign_v1__PUB-04__long_segment_offsets__invalid_input_hash__rep_0001,"{""generation"": 1760430103, ""inference"": 966630910, ""predictive"": 3204442514, ""resampling"": 2849422217}",artifacts/publication_campaign/tcc_campaign_v1/runs/PUB-04/long_segment_offsets__invalid_input_hash/rep_0001,COMPLETED_REJECTED,1,InputIdentityError('inference input SHA-256 mismatch'),artifacts/publication_campaign/tcc_campaign_v1/runs/PUB-04/long_segment_offsets__invalid_input_hash/rep_0001/attempt_000,"[""artifacts/publication_campaign/tcc_campaign_v1/runs/PUB-04/long_segment_offsets__invalid_input_hash/rep_0001/attempt_000/completion_manifest.json"", ""artifacts/publication_campaign/tcc_campaign_v1/runs/PUB-04/long_segment_offsets__invalid_input_hash/rep_0001/attempt_000/ablation.json"", ""artifacts/publication_campaign/tcc_campaign_v1/runs/PUB-04/long_segment_offsets__invalid_input_hash/rep_0001/attempt_000/environment_preflight.json"", ""artifacts/publication_campaign/tcc_campaign_v1/runs/PUB-04/long_segment_offsets__invalid_input_hash/rep_0001/attempt_000/generated.csv"", ""artifacts/publication_campaign/tcc_campaign_v1/runs/PUB-04/long_segment_offsets__invalid_input_hash/rep_0001/attempt_000/inference_command.json"", ""artifacts/publication_campaign/tcc_campaign_v1/runs/PUB-04/long_segment_offsets__invalid_input_hash/rep_0001/attempt_000/inference_config.json"", ""artifacts/publication_campaign/tcc_campaign_v1/runs/PUB-04/long_segment_offsets__invalid_input_hash/rep_0001/attempt_000/inference_started.json"", ""artifacts/publication_campaign/tcc_campaign_v1/runs/PUB-04/long_segment_offsets__invalid_input_hash/rep_0001/attempt_000/input.csv"", ""artifacts/publication_campaign/tcc_campaign_v1/runs/PUB-04/long_segment_offsets__invalid_input_hash/rep_0001/attempt_000/job.json"", ""artifacts/publication_campaign/tcc_campaign_v1/runs/PUB-04/long_segment_offsets__invalid_input_hash/rep_0001/attempt_000/preprocessing.json"", ""artifacts/publication_campaign/tcc_campaign_v1/runs/PUB-04/long_segment_offsets__invalid_input_hash/rep_0001/attempt_000/result.json"", ""artifacts/publication_campaign/tcc_campaign_v1/runs/PUB-04/long_segment_offsets__invalid_input_hash/rep_0001/attempt_000/truth.json"", ""artifacts/publication_campaign/tcc_campaign_v1/runs/PUB-04/long_segment_offsets__invalid_input_hash/rep_0001/attempt_000/worker_metadata.json""]",False,False
PUB-04__long_segment_offsets__invalid_input_hash__rep_0002,PUB-04,long_segment_offsets__invalid_input_hash,rep_0002,tcc_campaign_v1__PUB-04__long_segment_offsets__invalid_input_hash__rep_0002,"{""generation"": 4252353686, ""inference"": 4082559911, ""predictive"": 3238764185, ""resampling"": 3882681482}",artifacts/publication_campaign/tcc_campaign_v1/runs/PUB-04/long_segment_offsets__invalid_input_hash/rep_0002,COMPLETED_REJECTED,1,InputIdentityError('inference input SHA-256 mismatch'),artifacts/publication_campaign/tcc_campaign_v1/runs/PUB-04/long_segment_offsets__invalid_input_hash/rep_0002/attempt_000,"[""artifacts/publication_campaign/tcc_campaign_v1/runs/PUB-04/long_segment_offsets__invalid_input_hash/rep_0002/attempt_000/completion_manifest.json"", ""artifacts/publication_campaign/tcc_campaign_v1/runs/PUB-04/long_segment_offsets__invalid_input_hash/rep_0002/attempt_000/ablation.json"", ""artifacts/publication_campaign/tcc_campaign_v1/runs/PUB-04/long_segment_offsets__invalid_input_hash/rep_0002/attempt_000/environment_preflight.json"", ""artifacts/publication_campaign/tcc_campaign_v1/runs/PUB-04/long_segment_offsets__invalid_input_hash/rep_0002/attempt_000/generated.csv"", ""artifacts/publication_campaign/tcc_campaign_v1/runs/PUB-04/long_segment_offsets__invalid_input_hash/rep_0002/attempt_000/inference_command.json"", ""artifacts/publication_campaign/tcc_campaign_v1/runs/PUB-04/long_segment_offsets__invalid_input_hash/rep_0002/attempt_000/inference_config.json"", ""artifacts/publication_campaign/tcc_campaign_v1/runs/PUB-04/long_segment_offsets__invalid_input_hash/rep_0002/attempt_000/inference_started.json"", ""artifacts/publication_campaign/tcc_campaign_v1/runs/PUB-04/long_segment_offsets__invalid_input_hash/rep_0002/attempt_000/input.csv"", ""artifacts/publication_campaign/tcc_campaign_v1/runs/PUB-04/long_segment_offsets__invalid_input_hash/rep_0002/attempt_000/job.json"", ""artifacts/publication_campaign/tcc_campaign_v1/runs/PUB-04/long_segment_offsets__invalid_input_hash/rep_0002/attempt_000/preprocessing.json"", ""artifacts/publication_campaign/tcc_campaign_v1/runs/PUB-04/long_segment_offsets__invalid_input_hash/rep_0002/attempt_000/result.json"", ""artifacts/publication_campaign/tcc_campaign_v1/runs/PUB-04/long_segment_offsets__invalid_input_hash/rep_0002/attempt_000/truth.json"", ""artifacts/publication_campaign/tcc_campaign_v1/runs/PUB-04/long_segment_offsets__invalid_input_hash/rep_0002/attempt_000/worker_metadata.json""]",False,False
PUB-04__long_segment_offsets__dataset_identity_mismatch__rep_0000,PUB-04,long_segment_offsets__dataset_identity_mismatch,rep_0000,tcc_campaign_v1__PUB-04__long_segment_offsets__dataset_identity_mismatch__rep_0000,"{""generation"": 321943356, ""inference"": 4115048223, ""predictive"": 1931744995, ""resampling"": 2089981143}",artifacts/publication_campaign/tcc_campaign_v1/runs/PUB-04/long_segment_offsets__dataset_identity_mismatch/rep_0000,COMPLETED_REJECTED,1,InputIdentityError('inference dataset identity mismatch'),artifacts/publication_campaign/tcc_campaign_v1/runs/PUB-04/long_segment_offsets__dataset_identity_mismatch/rep_0000/attempt_000,"[""artifacts/publication_campaign/tcc_campaign_v1/runs/PUB-04/long_segment_offsets__dataset_identity_mismatch/rep_0000/attempt_000/completion_manifest.json"", ""artifacts/publication_campaign/tcc_campaign_v1/runs/PUB-04/long_segment_offsets__dataset_identity_mismatch/rep_0000/attempt_000/ablation.json"", ""artifacts/publication_campaign/tcc_campaign_v1/runs/PUB-04/long_segment_offsets__dataset_identity_mismatch/rep_0000/attempt_000/environment_preflight.json"", ""artifacts/publication_campaign/tcc_campaign_v1/runs/PUB-04/long_segment_offsets__dataset_identity_mismatch/rep_0000/attempt_000/generated.csv"", ""artifacts/publication_campaign/tcc_campaign_v1/runs/PUB-04/long_segment_offsets__dataset_identity_mismatch/rep_0000/attempt_000/inference_command.json"", ""artifacts/publication_campaign/tcc_campaign_v1/runs/PUB-04/long_segment_offsets__dataset_identity_mismatch/rep_0000/attempt_000/inference_config.json"", ""artifacts/publication_campaign/tcc_campaign_v1/runs/PUB-04/long_segment_offsets__dataset_identity_mismatch/rep_0000/attempt_000/inference_started.json"", ""artifacts/publication_campaign/tcc_campaign_v1/runs/PUB-04/long_segment_offsets__dataset_identity_mismatch/rep_0000/attempt_000/input.csv"", ""artifacts/publication_campaign/tcc_campaign_v1/runs/PUB-04/long_segment_offsets__dataset_identity_mismatch/rep_0000/attempt_000/job.json"", ""artifacts/publication_campaign/tcc_campaign_v1/runs/PUB-04/long_segment_offsets__dataset_identity_mismatch/rep_0000/attempt_000/preprocessing.json"", ""artifacts/publication_campaign/tcc_campaign_v1/runs/PUB-04/long_segment_offsets__dataset_identity_mismatch/rep_0000/attempt_000/result.json"", ""artifacts/publication_campaign/tcc_campaign_v1/runs/PUB-04/long_segment_offsets__dataset_identity_mismatch/rep_0000/attempt_000/truth.json"", ""artifacts/publication_campaign/tcc_campaign_v1/runs/PUB-04/long_segment_offsets__dataset_identity_mismatch/rep_0000/attempt_000/worker_metadata.json""]",False,False
PUB-04__long_segment_offsets__dataset_identity_mismatch__rep_0001,PUB-04,long_segment_offsets__dataset_identity_mismatch,rep_0001,tcc_campaign_v1__PUB-04__long_segment_offsets__dataset_identity_mismatch__rep_0001,"{""generation"": 1760430103, ""inference"": 2671449998, ""predictive"": 532634129, ""resampling"": 2120970974}",artifacts/publication_campaign/tcc_campaign_v1/runs/PUB-04/long_segment_offsets__dataset_identity_mismatch/rep_0001,COMPLETED_REJECTED,1,InputIdentityError('inference dataset identity mismatch'),artifacts/publication_campaign/tcc_campaign_v1/runs/PUB-04/long_segment_offsets__dataset_identity_mismatch/rep_0001/attempt_000,"[""artifacts/publication_campaign/tcc_campaign_v1/runs/PUB-04/long_segment_offsets__dataset_identity_mismatch/rep_0001/attempt_000/completion_manifest.json"", ""artifacts/publication_campaign/tcc_campaign_v1/runs/PUB-04/long_segment_offsets__dataset_identity_mismatch/rep_0001/attempt_000/ablation.json"", ""artifacts/publication_campaign/tcc_campaign_v1/runs/PUB-04/long_segment_offsets__dataset_identity_mismatch/rep_0001/attempt_000/environment_preflight.json"", ""artifacts/publication_campaign/tcc_campaign_v1/runs/PUB-04/long_segment_offsets__dataset_identity_mismatch/rep_0001/attempt_000/generated.csv"", ""artifacts/publication_campaign/tcc_campaign_v1/runs/PUB-04/long_segment_offsets__dataset_identity_mismatch/rep_0001/attempt_000/inference_command.json"", ""artifacts/publication_campaign/tcc_campaign_v1/runs/PUB-04/long_segment_offsets__dataset_identity_mismatch/rep_0001/attempt_000/inference_config.json"", ""artifacts/publication_campaign/tcc_campaign_v1/runs/PUB-04/long_segment_offsets__dataset_identity_mismatch/rep_0001/attempt_000/inference_started.json"", ""artifacts/publication_campaign/tcc_campaign_v1/runs/PUB-04/long_segment_offsets__dataset_identity_mismatch/rep_0001/attempt_000/input.csv"", ""artifacts/publication_campaign/tcc_campaign_v1/runs/PUB-04/long_segment_offsets__dataset_identity_mismatch/rep_0001/attempt_000/job.json"", ""artifacts/publication_campaign/tcc_campaign_v1/runs/PUB-04/long_segment_offsets__dataset_identity_mismatch/rep_0001/attempt_000/preprocessing.json"", ""artifacts/publication_campaign/tcc_campaign_v1/runs/PUB-04/long_segment_offsets__dataset_identity_mismatch/rep_0001/attempt_000/result.json"", ""artifacts/publication_campaign/tcc_campaign_v1/runs/PUB-04/long_segment_offsets__dataset_identity_mismatch/rep_0001/attempt_000/truth.json"", ""artifacts/publication_campaign/tcc_campaign_v1/runs/PUB-04/long_segment_offsets__dataset_identity_mismatch/rep_0001/attempt_000/worker_metadata.json""]",False,False
PUB-04__long_segment_offsets__dataset_identity_mismatch__rep_0002,PUB-04,long_segment_offsets__dataset_identity_mismatch,rep_0002,tcc_campaign_v1__PUB-04__long_segment_offsets__dataset_identity_mismatch__rep_0002,"{""generation"": 4252353686, ""inference"": 1844139839, ""predictive"": 1631420480, ""resampling"": 3546014536}",artifacts/publication_campaign/tcc_campaign_v1/runs/PUB-04/long_segment_offsets__dataset_identity_mismatch/rep_0002,COMPLETED_REJECTED,1,InputIdentityError('inference dataset identity mismatch'),artifacts/publication_campaign/tcc_campaign_v1/runs/PUB-04/long_segment_offsets__dataset_identity_mismatch/rep_0002/attempt_000,"[""artifacts/publication_campaign/tcc_campaign_v1/runs/PUB-04/long_segment_offsets__dataset_identity_mismatch/rep_0002/attempt_000/completion_manifest.json"", ""artifacts/publication_campaign/tcc_campaign_v1/runs/PUB-04/long_segment_offsets__dataset_identity_mismatch/rep_0002/attempt_000/ablation.json"", ""artifacts/publication_campaign/tcc_campaign_v1/runs/PUB-04/long_segment_offsets__dataset_identity_mismatch/rep_0002/attempt_000/environment_preflight.json"", ""artifacts/publication_campaign/tcc_campaign_v1/runs/PUB-04/long_segment_offsets__dataset_identity_mismatch/rep_0002/attempt_000/generated.csv"", ""artifacts/publication_campaign/tcc_campaign_v1/runs/PUB-04/long_segment_offsets__dataset_identity_mismatch/rep_0002/attempt_000/inference_command.json"", ""artifacts/publication_campaign/tcc_campaign_v1/runs/PUB-04/long_segment_offsets__dataset_identity_mismatch/rep_0002/attempt_000/inference_config.json"", ""artifacts/publication_campaign/tcc_campaign_v1/runs/PUB-04/long_segment_offsets__dataset_identity_mismatch/rep_0002/attempt_000/inference_started.json"", ""artifacts/publication_campaign/tcc_campaign_v1/runs/PUB-04/long_segment_offsets__dataset_identity_mismatch/rep_0002/attempt_000/input.csv"", ""artifacts/publication_campaign/tcc_campaign_v1/runs/PUB-04/long_segment_offsets__dataset_identity_mismatch/rep_0002/attempt_000/job.json"", ""artifacts/publication_campaign/tcc_campaign_v1/runs/PUB-04/long_segment_offsets__dataset_identity_mismatch/rep_0002/attempt_000/preprocessing.json"", ""artifacts/publication_campaign/tcc_campaign_v1/runs/PUB-04/long_segment_offsets__dataset_identity_mismatch/rep_0002/attempt_000/result.json"", ""artifacts/publication_campaign/tcc_campaign_v1/runs/PUB-04/long_segment_offsets__dataset_identity_mismatch/rep_0002/attempt_000/truth.json"", ""artifacts/publication_campaign/tcc_campaign_v1/runs/PUB-04/long_segment_offsets__dataset_identity_mismatch/rep_0002/attempt_000/worker_metadata.json""]",False,False
PUB-04__long_segment_offsets__insufficient_sampling__rep_0000,PUB-04,long_segment_offsets__insufficient_sampling,rep_0000,tcc_campaign_v1__PUB-04__long_segment_offsets__insufficient_sampling__rep_0000,"{""generation"": 321943356, ""inference"": 3635507307, ""predictive"": 2055574070, ""resampling"": 960599740}",artifacts/publication_campaign/tcc_campaign_v1/runs/PUB-04/long_segment_offsets__insufficient_sampling/rep_0000,COMPLETED_REJECTED,1,,artifacts/publication_campaign/tcc_campaign_v1/runs/PUB-04/long_segment_offsets__insufficient_sampling/rep_0000/attempt_000,"[""artifacts/publication_campaign/tcc_campaign_v1/runs/PUB-04/long_segment_offsets__insufficient_sampling/rep_0000/attempt_000/completion_manifest.json"", ""artifacts/publication_campaign/tcc_campaign_v1/runs/PUB-04/long_segment_offsets__insufficient_sampling/rep_0000/attempt_000/ablation.json"", ""artifacts/publication_campaign/tcc_campaign_v1/runs/PUB-04/long_segment_offsets__insufficient_sampling/rep_0000/attempt_000/environment_preflight.json"", ""artifacts/publication_campaign/tcc_campaign_v1/runs/PUB-04/long_segment_offsets__insufficient_sampling/rep_0000/attempt_000/generated.csv"", ""artifacts/publication_campaign/tcc_campaign_v1/runs/PUB-04/long_segment_offsets__insufficient_sampling/rep_0000/attempt_000/inference_command.json"", ""artifacts/publication_campaign/tcc_campaign_v1/runs/PUB-04/long_segment_offsets__insufficient_sampling/rep_0000/attempt_000/inference_config.json"", ""artifacts/publication_campaign/tcc_campaign_v1/runs/PUB-04/long_segment_offsets__insufficient_sampling/rep_0000/attempt_000/inference_started.json"", ""artifacts/publication_campaign/tcc_campaign_v1/runs/PUB-04/long_segment_offsets__insufficient_sampling/rep_0000/attempt_000/input.csv"", ""artifacts/publication_campaign/tcc_campaign_v1/runs/PUB-04/long_segment_offsets__insufficient_sampling/rep_0000/attempt_000/job.json"", ""artifacts/publication_campaign/tcc_campaign_v1/runs/PUB-04/long_segment_offsets__insufficient_sampling/rep_0000/attempt_000/predictive_summary.csv"", ""artifacts/publication_campaign/tcc_campaign_v1/runs/PUB-04/long_segment_offsets__insufficient_sampling/rep_0000/attempt_000/preprocessing.json"", ""artifacts/publication_campaign/tcc_campaign_v1/runs/PUB-04/long_segment_offsets__insufficient_sampling/rep_0000/attempt_000/result.json"", ""artifacts/publication_campaign/tcc_campaign_v1/runs/PUB-04/long_segment_offsets__insufficient_sampling/rep_0000/attempt_000/sampler_summary.csv"", ""artifacts/publication_campaign/tcc_campaign_v1/runs/PUB-04/long_segment_offsets__insufficient_sampling/rep_0000/attempt_000/trace.nc"", ""artifacts/publication_campaign/tcc_campaign_v1/runs/PUB-04/long_segment_offsets__insufficient_sampling/rep_0000/attempt_000/truth.json"", ""artifacts/publication_campaign/tcc_campaign_v1/runs/PUB-04/long_segment_offsets__insufficient_sampling/rep_0000/attempt_000/worker_metadata.json""]",False,False
PUB-04__long_segment_offsets__insufficient_sampling__rep_0001,PUB-04,long_segment_offsets__insufficient_sampling,rep_0001,tcc_campaign_v1__PUB-04__long_segment_offsets__insufficient_sampling__rep_0001,"{""generation"": 1760430103, ""inference"": 2242650499, ""predictive"": 1157368635, ""resampling"": 2754448935}",artifacts/publication_campaign/tcc_campaign_v1/runs/PUB-04/long_segment_offsets__insufficient_sampling/rep_0001,COMPLETED_REJECTED,1,,artifacts/publication_campaign/tcc_campaign_v1/runs/PUB-04/long_segment_offsets__insufficient_sampling/rep_0001/attempt_000,"[""artifacts/publication_campaign/tcc_campaign_v1/runs/PUB-04/long_segment_offsets__insufficient_sampling/rep_0001/attempt_000/completion_manifest.json"", ""artifacts/publication_campaign/tcc_campaign_v1/runs/PUB-04/long_segment_offsets__insufficient_sampling/rep_0001/attempt_000/ablation.json"", ""artifacts/publication_campaign/tcc_campaign_v1/runs/PUB-04/long_segment_offsets__insufficient_sampling/rep_0001/attempt_000/environment_preflight.json"", ""artifacts/publication_campaign/tcc_campaign_v1/runs/PUB-04/long_segment_offsets__insufficient_sampling/rep_0001/attempt_000/generated.csv"", ""artifacts/publication_campaign/tcc_campaign_v1/runs/PUB-04/long_segment_offsets__insufficient_sampling/rep_0001/attempt_000/inference_command.json"", ""artifacts/publication_campaign/tcc_campaign_v1/runs/PUB-04/long_segment_offsets__insufficient_sampling/rep_0001/attempt_000/inference_config.json"", ""artifacts/publication_campaign/tcc_campaign_v1/runs/PUB-04/long_segment_offsets__insufficient_sampling/rep_0001/attempt_000/inference_started.json"", ""artifacts/publication_campaign/tcc_campaign_v1/runs/PUB-04/long_segment_offsets__insufficient_sampling/rep_0001/attempt_000/input.csv"", ""artifacts/publication_campaign/tcc_campaign_v1/runs/PUB-04/long_segment_offsets__insufficient_sampling/rep_0001/attempt_000/job.json"", ""artifacts/publication_campaign/tcc_campaign_v1/runs/PUB-04/long_segment_offsets__insufficient_sampling/rep_0001/attempt_000/predictive_summary.csv"", ""artifacts/publication_campaign/tcc_campaign_v1/runs/PUB-04/long_segment_offsets__insufficient_sampling/rep_0001/attempt_000/preprocessing.json"", ""artifacts/publication_campaign/tcc_campaign_v1/runs/PUB-04/long_segment_offsets__insufficient_sampling/rep_0001/attempt_000/result.json"", ""artifacts/publication_campaign/tcc_campaign_v1/runs/PUB-04/long_segment_offsets__insufficient_sampling/rep_0001/attempt_000/sampler_summary.csv"", ""artifacts/publication_campaign/tcc_campaign_v1/runs/PUB-04/long_segment_offsets__insufficient_sampling/rep_0001/attempt_000/trace.nc"", ""artifacts/publication_campaign/tcc_campaign_v1/runs/PUB-04/long_segment_offsets__insufficient_sampling/rep_0001/attempt_000/truth.json"", ""artifacts/publication_campaign/tcc_campaign_v1/runs/PUB-04/long_segment_offsets__insufficient_sampling/rep_0001/attempt_000/worker_metadata.json""]",False,False
PUB-04__long_segment_offsets__insufficient_sampling__rep_0002,PUB-04,long_segment_offsets__insufficient_sampling,rep_0002,tcc_campaign_v1__PUB-04__long_segment_offsets__insufficient_sampling__rep_0002,"{""generation"": 4252353686, ""inference"": 982169813, ""predictive"": 1550810985, ""resampling"": 1198358148}",artifacts/publication_campaign/tcc_campaign_v1/runs/PUB-04/long_segment_offsets__insufficient_sampling/rep_0002,COMPLETED_REJECTED,1,,artifacts/publication_campaign/tcc_campaign_v1/runs/PUB-04/long_segment_offsets__insufficient_sampling/rep_0002/attempt_000,"[""artifacts/publication_campaign/tcc_campaign_v1/runs/PUB-04/long_segment_offsets__insufficient_sampling/rep_0002/attempt_000/completion_manifest.json"", ""artifacts/publication_campaign/tcc_campaign_v1/runs/PUB-04/long_segment_offsets__insufficient_sampling/rep_0002/attempt_000/ablation.json"", ""artifacts/publication_campaign/tcc_campaign_v1/runs/PUB-04/long_segment_offsets__insufficient_sampling/rep_0002/attempt_000/environment_preflight.json"", ""artifacts/publication_campaign/tcc_campaign_v1/runs/PUB-04/long_segment_offsets__insufficient_sampling/rep_0002/attempt_000/generated.csv"", ""artifacts/publication_campaign/tcc_campaign_v1/runs/PUB-04/long_segment_offsets__insufficient_sampling/rep_0002/attempt_000/inference_command.json"", ""artifacts/publication_campaign/tcc_campaign_v1/runs/PUB-04/long_segment_offsets__insufficient_sampling/rep_0002/attempt_000/inference_config.json"", ""artifacts/publication_campaign/tcc_campaign_v1/runs/PUB-04/long_segment_offsets__insufficient_sampling/rep_0002/attempt_000/inference_started.json"", ""artifacts/publication_campaign/tcc_campaign_v1/runs/PUB-04/long_segment_offsets__insufficient_sampling/rep_0002/attempt_000/input.csv"", ""artifacts/publication_campaign/tcc_campaign_v1/runs/PUB-04/long_segment_offsets__insufficient_sampling/rep_0002/attempt_000/job.json"", ""artifacts/publication_campaign/tcc_campaign_v1/runs/PUB-04/long_segment_offsets__insufficient_sampling/rep_0002/attempt_000/predictive_summary.csv"", ""artifacts/publication_campaign/tcc_campaign_v1/runs/PUB-04/long_segment_offsets__insufficient_sampling/rep_0002/attempt_000/preprocessing.json"", ""artifacts/publication_campaign/tcc_campaign_v1/runs/PUB-04/long_segment_offsets__insufficient_sampling/rep_0002/attempt_000/result.json"", ""artifacts/publication_campaign/tcc_campaign_v1/runs/PUB-04/long_segment_offsets__insufficient_sampling/rep_0002/attempt_000/sampler_summary.csv"", ""artifacts/publication_campaign/tcc_campaign_v1/runs/PUB-04/long_segment_offsets__insufficient_sampling/rep_0002/attempt_000/trace.nc"", ""artifacts/publication_campaign/tcc_campaign_v1/runs/PUB-04/long_segment_offsets__insufficient_sampling/rep_0002/attempt_000/truth.json"", ""artifacts/publication_campaign/tcc_campaign_v1/runs/PUB-04/long_segment_offsets__insufficient_sampling/rep_0002/attempt_000/worker_metadata.json""]",False,False
PUB-04__short_temporal_systematic__baseline__rep_0000,PUB-04,short_temporal_systematic__baseline,rep_0000,tcc_campaign_v1__PUB-04__short_temporal_systematic__baseline__rep_0000,"{""generation"": 3453439028, ""inference"": 824488314, ""predictive"": 971553167, ""resampling"": 4244746956}",artifacts/publication_campaign/tcc_campaign_v1/runs/PUB-04/short_temporal_systematic__baseline/rep_0000,COMPLETED_REJECTED,1,,artifacts/publication_campaign/tcc_campaign_v1/runs/PUB-04/short_temporal_systematic__baseline/rep_0000/attempt_000,"[""artifacts/publication_campaign/tcc_campaign_v1/runs/PUB-04/short_temporal_systematic__baseline/rep_0000/attempt_000/completion_manifest.json"", ""artifacts/publication_campaign/tcc_campaign_v1/runs/PUB-04/short_temporal_systematic__baseline/rep_0000/attempt_000/ablation.json"", ""artifacts/publication_campaign/tcc_campaign_v1/runs/PUB-04/short_temporal_systematic__baseline/rep_0000/attempt_000/environment_preflight.json"", ""artifacts/publication_campaign/tcc_campaign_v1/runs/PUB-04/short_temporal_systematic__baseline/rep_0000/attempt_000/generated.csv"", ""artifacts/publication_campaign/tcc_campaign_v1/runs/PUB-04/short_temporal_systematic__baseline/rep_0000/attempt_000/inference_command.json"", ""artifacts/publication_campaign/tcc_campaign_v1/runs/PUB-04/short_temporal_systematic__baseline/rep_0000/attempt_000/inference_config.json"", ""artifacts/publication_campaign/tcc_campaign_v1/runs/PUB-04/short_temporal_systematic__baseline/rep_0000/attempt_000/inference_started.json"", ""artifacts/publication_campaign/tcc_campaign_v1/runs/PUB-04/short_temporal_systematic__baseline/rep_0000/attempt_000/input.csv"", ""artifacts/publication_campaign/tcc_campaign_v1/runs/PUB-04/short_temporal_systematic__baseline/rep_0000/attempt_000/job.json"", ""artifacts/publication_campaign/tcc_campaign_v1/runs/PUB-04/short_temporal_systematic__baseline/rep_0000/attempt_000/predictive_summary.csv"", ""artifacts/publication_campaign/tcc_campaign_v1/runs/PUB-04/short_temporal_systematic__baseline/rep_0000/attempt_000/preprocessing.json"", ""artifacts/publication_campaign/tcc_campaign_v1/runs/PUB-04/short_temporal_systematic__baseline/rep_0000/attempt_000/result.json"", ""artifacts/publication_campaign/tcc_campaign_v1/runs/PUB-04/short_temporal_systematic__baseline/rep_0000/attempt_000/sampler_summary.csv"", ""artifacts/publication_campaign/tcc_campaign_v1/runs/PUB-04/short_temporal_systematic__baseline/rep_0000/attempt_000/trace.nc"", ""artifacts/publication_campaign/tcc_campaign_v1/runs/PUB-04/short_temporal_systematic__baseline/rep_0000/attempt_000/truth.json"", ""artifacts/publication_campaign/tcc_campaign_v1/runs/PUB-04/short_temporal_systematic__baseline/rep_0000/attempt_000/worker_metadata.json""]",False,False
PUB-04__short_temporal_systematic__baseline__rep_0001,PUB-04,short_temporal_systematic__baseline,rep_0001,tcc_campaign_v1__PUB-04__short_temporal_systematic__baseline__rep_0001,"{""generation"": 1320055652, ""inference"": 1574316650, ""predictive"": 1394410832, ""resampling"": 2380392427}",artifacts/publication_campaign/tcc_campaign_v1/runs/PUB-04/short_temporal_systematic__baseline/rep_0001,COMPLETED_REJECTED,1,,artifacts/publication_campaign/tcc_campaign_v1/runs/PUB-04/short_temporal_systematic__baseline/rep_0001/attempt_000,"[""artifacts/publication_campaign/tcc_campaign_v1/runs/PUB-04/short_temporal_systematic__baseline/rep_0001/attempt_000/completion_manifest.json"", ""artifacts/publication_campaign/tcc_campaign_v1/runs/PUB-04/short_temporal_systematic__baseline/rep_0001/attempt_000/ablation.json"", ""artifacts/publication_campaign/tcc_campaign_v1/runs/PUB-04/short_temporal_systematic__baseline/rep_0001/attempt_000/environment_preflight.json"", ""artifacts/publication_campaign/tcc_campaign_v1/runs/PUB-04/short_temporal_systematic__baseline/rep_0001/attempt_000/generated.csv"", ""artifacts/publication_campaign/tcc_campaign_v1/runs/PUB-04/short_temporal_systematic__baseline/rep_0001/attempt_000/inference_command.json"", ""artifacts/publication_campaign/tcc_campaign_v1/runs/PUB-04/short_temporal_systematic__baseline/rep_0001/attempt_000/inference_config.json"", ""artifacts/publication_campaign/tcc_campaign_v1/runs/PUB-04/short_temporal_systematic__baseline/rep_0001/attempt_000/inference_started.json"", ""artifacts/publication_campaign/tcc_campaign_v1/runs/PUB-04/short_temporal_systematic__baseline/rep_0001/attempt_000/input.csv"", ""artifacts/publication_campaign/tcc_campaign_v1/runs/PUB-04/short_temporal_systematic__baseline/rep_0001/attempt_000/job.json"", ""artifacts/publication_campaign/tcc_campaign_v1/runs/PUB-04/short_temporal_systematic__baseline/rep_0001/attempt_000/predictive_summary.csv"", ""artifacts/publication_campaign/tcc_campaign_v1/runs/PUB-04/short_temporal_systematic__baseline/rep_0001/attempt_000/preprocessing.json"", ""artifacts/publication_campaign/tcc_campaign_v1/runs/PUB-04/short_temporal_systematic__baseline/rep_0001/attempt_000/result.json"", ""artifacts/publication_campaign/tcc_campaign_v1/runs/PUB-04/short_temporal_systematic__baseline/rep_0001/attempt_000/sampler_summary.csv"", ""artifacts/publication_campaign/tcc_campaign_v1/runs/PUB-04/short_temporal_systematic__baseline/rep_0001/attempt_000/trace.nc"", ""artifacts/publication_campaign/tcc_campaign_v1/runs/PUB-04/short_temporal_systematic__baseline/rep_0001/attempt_000/truth.json"", ""artifacts/publication_campaign/tcc_campaign_v1/runs/PUB-04/short_temporal_systematic__baseline/rep_0001/attempt_000/worker_metadata.json""]",False,False
PUB-04__short_temporal_systematic__baseline__rep_0002,PUB-04,short_temporal_systematic__baseline,rep_0002,tcc_campaign_v1__PUB-04__short_temporal_systematic__baseline__rep_0002,"{""generation"": 915996530, ""inference"": 3081200165, ""predictive"": 344084596, ""resampling"": 3070184116}",artifacts/publication_campaign/tcc_campaign_v1/runs/PUB-04/short_temporal_systematic__baseline/rep_0002,COMPLETED,1,,artifacts/publication_campaign/tcc_campaign_v1/runs/PUB-04/short_temporal_systematic__baseline/rep_0002/attempt_000,"[""artifacts/publication_campaign/tcc_campaign_v1/runs/PUB-04/short_temporal_systematic__baseline/rep_0002/attempt_000/completion_manifest.json"", ""artifacts/publication_campaign/tcc_campaign_v1/runs/PUB-04/short_temporal_systematic__baseline/rep_0002/attempt_000/ablation.json"", ""artifacts/publication_campaign/tcc_campaign_v1/runs/PUB-04/short_temporal_systematic__baseline/rep_0002/attempt_000/environment_preflight.json"", ""artifacts/publication_campaign/tcc_campaign_v1/runs/PUB-04/short_temporal_systematic__baseline/rep_0002/attempt_000/generated.csv"", ""artifacts/publication_campaign/tcc_campaign_v1/runs/PUB-04/short_temporal_systematic__baseline/rep_0002/attempt_000/inference_command.json"", ""artifacts/publication_campaign/tcc_campaign_v1/runs/PUB-04/short_temporal_systematic__baseline/rep_0002/attempt_000/inference_config.json"", ""artifacts/publication_campaign/tcc_campaign_v1/runs/PUB-04/short_temporal_systematic__baseline/rep_0002/attempt_000/inference_started.json"", ""artifacts/publication_campaign/tcc_campaign_v1/runs/PUB-04/short_temporal_systematic__baseline/rep_0002/attempt_000/input.csv"", ""artifacts/publication_campaign/tcc_campaign_v1/runs/PUB-04/short_temporal_systematic__baseline/rep_0002/attempt_000/job.json"", ""artifacts/publication_campaign/tcc_campaign_v1/runs/PUB-04/short_temporal_systematic__baseline/rep_0002/attempt_000/predictive_summary.csv"", ""artifacts/publication_campaign/tcc_campaign_v1/runs/PUB-04/short_temporal_systematic__baseline/rep_0002/attempt_000/preprocessing.json"", ""artifacts/publication_campaign/tcc_campaign_v1/runs/PUB-04/short_temporal_systematic__baseline/rep_0002/attempt_000/result.json"", ""artifacts/publication_campaign/tcc_campaign_v1/runs/PUB-04/short_temporal_systematic__baseline/rep_0002/attempt_000/sampler_summary.csv"", ""artifacts/publication_campaign/tcc_campaign_v1/runs/PUB-04/short_temporal_systematic__baseline/rep_0002/attempt_000/trace.nc"", ""artifacts/publication_campaign/tcc_campaign_v1/runs/PUB-04/short_temporal_systematic__baseline/rep_0002/attempt_000/truth.json"", ""artifacts/publication_campaign/tcc_campaign_v1/runs/PUB-04/short_temporal_systematic__baseline/rep_0002/attempt_000/worker_metadata.json""]",True,True
PUB-04__short_temporal_systematic__deterministic_sine__rep_0000,PUB-04,short_temporal_systematic__deterministic_sine,rep_0000,tcc_campaign_v1__PUB-04__short_temporal_systematic__deterministic_sine__rep_0000,"{""generation"": 3453439028, ""inference"": 1185610307, ""predictive"": 3223106573, ""resampling"": 2323315119}",artifacts/publication_campaign/tcc_campaign_v1/runs/PUB-04/short_temporal_systematic__deterministic_sine/rep_0000,COMPLETED_REJECTED,1,,artifacts/publication_campaign/tcc_campaign_v1/runs/PUB-04/short_temporal_systematic__deterministic_sine/rep_0000/attempt_000,"[""artifacts/publication_campaign/tcc_campaign_v1/runs/PUB-04/short_temporal_systematic__deterministic_sine/rep_0000/attempt_000/completion_manifest.json"", ""artifacts/publication_campaign/tcc_campaign_v1/runs/PUB-04/short_temporal_systematic__deterministic_sine/rep_0000/attempt_000/ablation.json"", ""artifacts/publication_campaign/tcc_campaign_v1/runs/PUB-04/short_temporal_systematic__deterministic_sine/rep_0000/attempt_000/environment_preflight.json"", ""artifacts/publication_campaign/tcc_campaign_v1/runs/PUB-04/short_temporal_systematic__deterministic_sine/rep_0000/attempt_000/generated.csv"", ""artifacts/publication_campaign/tcc_campaign_v1/runs/PUB-04/short_temporal_systematic__deterministic_sine/rep_0000/attempt_000/inference_command.json"", ""artifacts/publication_campaign/tcc_campaign_v1/runs/PUB-04/short_temporal_systematic__deterministic_sine/rep_0000/attempt_000/inference_config.json"", ""artifacts/publication_campaign/tcc_campaign_v1/runs/PUB-04/short_temporal_systematic__deterministic_sine/rep_0000/attempt_000/inference_started.json"", ""artifacts/publication_campaign/tcc_campaign_v1/runs/PUB-04/short_temporal_systematic__deterministic_sine/rep_0000/attempt_000/input.csv"", ""artifacts/publication_campaign/tcc_campaign_v1/runs/PUB-04/short_temporal_systematic__deterministic_sine/rep_0000/attempt_000/job.json"", ""artifacts/publication_campaign/tcc_campaign_v1/runs/PUB-04/short_temporal_systematic__deterministic_sine/rep_0000/attempt_000/predictive_summary.csv"", ""artifacts/publication_campaign/tcc_campaign_v1/runs/PUB-04/short_temporal_systematic__deterministic_sine/rep_0000/attempt_000/preprocessing.json"", ""artifacts/publication_campaign/tcc_campaign_v1/runs/PUB-04/short_temporal_systematic__deterministic_sine/rep_0000/attempt_000/result.json"", ""artifacts/publication_campaign/tcc_campaign_v1/runs/PUB-04/short_temporal_systematic__deterministic_sine/rep_0000/attempt_000/sampler_summary.csv"", ""artifacts/publication_campaign/tcc_campaign_v1/runs/PUB-04/short_temporal_systematic__deterministic_sine/rep_0000/attempt_000/trace.nc"", ""artifacts/publication_campaign/tcc_campaign_v1/runs/PUB-04/short_temporal_systematic__deterministic_sine/rep_0000/attempt_000/truth.json"", ""artifacts/publication_campaign/tcc_campaign_v1/runs/PUB-04/short_temporal_systematic__deterministic_sine/rep_0000/attempt_000/worker_metadata.json""]",False,False
PUB-04__short_temporal_systematic__deterministic_sine__rep_0001,PUB-04,short_temporal_systematic__deterministic_sine,rep_0001,tcc_campaign_v1__PUB-04__short_temporal_systematic__deterministic_sine__rep_0001,"{""generation"": 1320055652, ""inference"": 2791593247, ""predictive"": 2538554172, ""resampling"": 3008706216}",artifacts/publication_campaign/tcc_campaign_v1/runs/PUB-04/short_temporal_systematic__deterministic_sine/rep_0001,COMPLETED_REJECTED,1,,artifacts/publication_campaign/tcc_campaign_v1/runs/PUB-04/short_temporal_systematic__deterministic_sine/rep_0001/attempt_000,"[""artifacts/publication_campaign/tcc_campaign_v1/runs/PUB-04/short_temporal_systematic__deterministic_sine/rep_0001/attempt_000/completion_manifest.json"", ""artifacts/publication_campaign/tcc_campaign_v1/runs/PUB-04/short_temporal_systematic__deterministic_sine/rep_0001/attempt_000/ablation.json"", ""artifacts/publication_campaign/tcc_campaign_v1/runs/PUB-04/short_temporal_systematic__deterministic_sine/rep_0001/attempt_000/environment_preflight.json"", ""artifacts/publication_campaign/tcc_campaign_v1/runs/PUB-04/short_temporal_systematic__deterministic_sine/rep_0001/attempt_000/generated.csv"", ""artifacts/publication_campaign/tcc_campaign_v1/runs/PUB-04/short_temporal_systematic__deterministic_sine/rep_0001/attempt_000/inference_command.json"", ""artifacts/publication_campaign/tcc_campaign_v1/runs/PUB-04/short_temporal_systematic__deterministic_sine/rep_0001/attempt_000/inference_config.json"", ""artifacts/publication_campaign/tcc_campaign_v1/runs/PUB-04/short_temporal_systematic__deterministic_sine/rep_0001/attempt_000/inference_started.json"", ""artifacts/publication_campaign/tcc_campaign_v1/runs/PUB-04/short_temporal_systematic__deterministic_sine/rep_0001/attempt_000/input.csv"", ""artifacts/publication_campaign/tcc_campaign_v1/runs/PUB-04/short_temporal_systematic__deterministic_sine/rep_0001/attempt_000/job.json"", ""artifacts/publication_campaign/tcc_campaign_v1/runs/PUB-04/short_temporal_systematic__deterministic_sine/rep_0001/attempt_000/predictive_summary.csv"", ""artifacts/publication_campaign/tcc_campaign_v1/runs/PUB-04/short_temporal_systematic__deterministic_sine/rep_0001/attempt_000/preprocessing.json"", ""artifacts/publication_campaign/tcc_campaign_v1/runs/PUB-04/short_temporal_systematic__deterministic_sine/rep_0001/attempt_000/result.json"", ""artifacts/publication_campaign/tcc_campaign_v1/runs/PUB-04/short_temporal_systematic__deterministic_sine/rep_0001/attempt_000/sampler_summary.csv"", ""artifacts/publication_campaign/tcc_campaign_v1/runs/PUB-04/short_temporal_systematic__deterministic_sine/rep_0001/attempt_000/trace.nc"", ""artifacts/publication_campaign/tcc_campaign_v1/runs/PUB-04/short_temporal_systematic__deterministic_sine/rep_0001/attempt_000/truth.json"", ""artifacts/publication_campaign/tcc_campaign_v1/runs/PUB-04/short_temporal_systematic__deterministic_sine/rep_0001/attempt_000/worker_metadata.json""]",False,False
PUB-04__short_temporal_systematic__deterministic_sine__rep_0002,PUB-04,short_temporal_systematic__deterministic_sine,rep_0002,tcc_campaign_v1__PUB-04__short_temporal_systematic__deterministic_sine__rep_0002,"{""generation"": 915996530, ""inference"": 966542941, ""predictive"": 2725212719, ""resampling"": 1352311546}",artifacts/publication_campaign/tcc_campaign_v1/runs/PUB-04/short_temporal_systematic__deterministic_sine/rep_0002,COMPLETED_REJECTED,1,,artifacts/publication_campaign/tcc_campaign_v1/runs/PUB-04/short_temporal_systematic__deterministic_sine/rep_0002/attempt_000,"[""artifacts/publication_campaign/tcc_campaign_v1/runs/PUB-04/short_temporal_systematic__deterministic_sine/rep_0002/attempt_000/completion_manifest.json"", ""artifacts/publication_campaign/tcc_campaign_v1/runs/PUB-04/short_temporal_systematic__deterministic_sine/rep_0002/attempt_000/ablation.json"", ""artifacts/publication_campaign/tcc_campaign_v1/runs/PUB-04/short_temporal_systematic__deterministic_sine/rep_0002/attempt_000/environment_preflight.json"", ""artifacts/publication_campaign/tcc_campaign_v1/runs/PUB-04/short_temporal_systematic__deterministic_sine/rep_0002/attempt_000/generated.csv"", ""artifacts/publication_campaign/tcc_campaign_v1/runs/PUB-04/short_temporal_systematic__deterministic_sine/rep_0002/attempt_000/inference_command.json"", ""artifacts/publication_campaign/tcc_campaign_v1/runs/PUB-04/short_temporal_systematic__deterministic_sine/rep_0002/attempt_000/inference_config.json"", ""artifacts/publication_campaign/tcc_campaign_v1/runs/PUB-04/short_temporal_systematic__deterministic_sine/rep_0002/attempt_000/inference_started.json"", ""artifacts/publication_campaign/tcc_campaign_v1/runs/PUB-04/short_temporal_systematic__deterministic_sine/rep_0002/attempt_000/input.csv"", ""artifacts/publication_campaign/tcc_campaign_v1/runs/PUB-04/short_temporal_systematic__deterministic_sine/rep_0002/attempt_000/job.json"", ""artifacts/publication_campaign/tcc_campaign_v1/runs/PUB-04/short_temporal_systematic__deterministic_sine/rep_0002/attempt_000/predictive_summary.csv"", ""artifacts/publication_campaign/tcc_campaign_v1/runs/PUB-04/short_temporal_systematic__deterministic_sine/rep_0002/attempt_000/preprocessing.json"", ""artifacts/publication_campaign/tcc_campaign_v1/runs/PUB-04/short_temporal_systematic__deterministic_sine/rep_0002/attempt_000/result.json"", ""artifacts/publication_campaign/tcc_campaign_v1/runs/PUB-04/short_temporal_systematic__deterministic_sine/rep_0002/attempt_000/sampler_summary.csv"", ""artifacts/publication_campaign/tcc_campaign_v1/runs/PUB-04/short_temporal_systematic__deterministic_sine/rep_0002/attempt_000/trace.nc"", ""artifacts/publication_campaign/tcc_campaign_v1/runs/PUB-04/short_temporal_systematic__deterministic_sine/rep_0002/attempt_000/truth.json"", ""artifacts/publication_campaign/tcc_campaign_v1/runs/PUB-04/short_temporal_systematic__deterministic_sine/rep_0002/attempt_000/worker_metadata.json""]",False,False
