intentType,obs_collection,provenance_name,instrument_name,project,filters,wave_region,target_name,target_classification,obs_id,s_ra,s_dec,dataproduct_type,proposal_pi,calib_level,t_min,t_max,t_exptime,wavelength_region,em_min,em_max,obs_title,t_obs_release,proposal_id,proposal_type,sequence_number,s_region,jpegURL,dataURL,dataRights,mtFlag,srcDen,obsid,objID,wave_min,wave_max,objID1,distance,exptime,obsID,obs_collection_products,dataproduct_type_products,description,type,dataURI,productType,productGroupDescription,productSubGroupDescription,productDocumentationURL,project_products,prvversion,proposal_id_products,productFilename,size,parent_obsid,dataRights_products,calib_level_products,filters_products,author,mission,#,year,sort_order
science,Kepler,Kepler,Kepler,Kepler,KEPLER,OPTICAL,kplr010666592,,kplr010666592_sc_Q113333333333333332,292.24728000000005,47.969519,timeseries,William Borucki,2,54953.02777777778,56423.510416666664,60.0,OPTICAL,418.4,905.0,Overlap of EX and STKS,nan,EX_STKS,Kepler,,POLYGON ICRS 292.24396109 47.97174100 292.24396138 47.96729700 292.25059862 47.96729700 292.25059891 47.97174100,http://archive.stsci.edu/missions/kepler/previews/0106/010666592/kplr010666592-2013017113907_slc_bw_large.png,http://archive.stsci.edu/missions/kepler/lightcurves/0106/010666592/kplr010666592_sc_Q113333333333333332.tar,PUBLIC,,5885.0,601740,828618,418.4,905.0,828618,0.0,60,601740,Kepler,timeseries,Lightcurve Short Cadence (CSC) - Q0,C,mast:KEPLER/url/missions/kepler/lightcurves/0106/010666592/kplr010666592-2009131110544_slc.fits,SCIENCE,Minimum Recommended Products,SLC,,Kepler,,EX_STKS,kplr010666592-2009131110544_slc.fits,1457280,601740,PUBLIC,2,KEPLER,Kepler,Kepler Quarter 00,,2009,1
science,Kepler,Kepler,Kepler,Kepler,KEPLER,OPTICAL,kplr010666592,,kplr010666592_sc_Q113333333333333332,292.24728000000005,47.969519,timeseries,William Borucki,2,54953.02777777778,56423.510416666664,60.0,OPTICAL,418.4,905.0,Overlap of EX and STKS,nan,EX_STKS,Kepler,,POLYGON ICRS 292.24396109 47.97174100 292.24396138 47.96729700 292.25059862 47.96729700 292.25059891 47.97174100,http://archive.stsci.edu/missions/kepler/previews/0106/010666592/kplr010666592-2013017113907_slc_bw_large.png,http://archive.stsci.edu/missions/kepler/lightcurves/0106/010666592/kplr010666592_sc_Q113333333333333332.tar,PUBLIC,,5885.0,601740,828618,418.4,905.0,828618,0.0,60,601740,Kepler,timeseries,Lightcurve Short Cadence (CSC) - Q1,C,mast:KEPLER/url/missions/kepler/lightcurves/0106/010666592/kplr010666592-2009166044711_slc.fits,SCIENCE,Minimum Recommended Products,SLC,,Kepler,,EX_STKS,kplr010666592-2009166044711_slc.fits,4947840,601740,PUBLIC,2,KEPLER,Kepler,Kepler Quarter 01,,2009,1
science,Kepler,Kepler,Kepler,Kepler,KEPLER,OPTICAL,kplr010666592,,kplr010666592_sc_Q113333333333333332,292.24728000000005,47.969519,timeseries,William Borucki,2,54953.02777777778,56423.510416666664,60.0,OPTICAL,418.4,905.0,Overlap of EX and STKS,nan,EX_STKS,Kepler,,POLYGON ICRS 292.24396109 47.97174100 292.24396138 47.96729700 292.25059862 47.96729700 292.25059891 47.97174100,http://archive.stsci.edu/missions/kepler/previews/0106/010666592/kplr010666592-2013017113907_slc_bw_large.png,http://archive.stsci.edu/missions/kepler/lightcurves/0106/010666592/kplr010666592_sc_Q113333333333333332.tar,PUBLIC,,5885.0,601740,828618,418.4,905.0,828618,0.0,60,601740,Kepler,timeseries,Lightcurve Short Cadence (CSC) - Q2,C,mast:KEPLER/url/missions/kepler/lightcurves/0106/010666592/kplr010666592-2009201121230_slc.fits,SCIENCE,Minimum Recommended Products,SLC,,Kepler,,EX_STKS,kplr010666592-2009201121230_slc.fits,4550400,601740,PUBLIC,2,KEPLER,Kepler,Kepler Quarter 02,,2009,1
science,Kepler,Kepler,Kepler,Kepler,KEPLER,OPTICAL,kplr010666592,,kplr010666592_sc_Q113333333333333332,292.24728000000005,47.969519,timeseries,William Borucki,2,54953.02777777778,56423.510416666664,60.0,OPTICAL,418.4,905.0,Overlap of EX and STKS,nan,EX_STKS,Kepler,,POLYGON ICRS 292.24396109 47.97174100 292.24396138 47.96729700 292.25059862 47.96729700 292.25059891 47.97174100,http://archive.stsci.edu/missions/kepler/previews/0106/010666592/kplr010666592-2013017113907_slc_bw_large.png,http://archive.stsci.edu/missions/kepler/lightcurves/0106/010666592/kplr010666592_sc_Q113333333333333332.tar,PUBLIC,,5885.0,601740,828618,418.4,905.0,828618,0.0,60,601740,Kepler,timeseries,Lightcurve Short Cadence (CSC) - Q2,C,mast:KEPLER/url/missions/kepler/lightcurves/0106/010666592/kplr010666592-2009231120729_slc.fits,SCIENCE,Minimum Recommended Products,SLC,,Kepler,,EX_STKS,kplr010666592-2009231120729_slc.fits,4432320,601740,PUBLIC,2,KEPLER,Kepler,Kepler Quarter 02,,2009,1
science,Kepler,Kepler,Kepler,Kepler,KEPLER,OPTICAL,kplr010666592,,kplr010666592_sc_Q113333333333333332,292.24728000000005,47.969519,timeseries,William Borucki,2,54953.02777777778,56423.510416666664,60.0,OPTICAL,418.4,905.0,Overlap of EX and STKS,nan,EX_STKS,Kepler,,POLYGON ICRS 292.24396109 47.97174100 292.24396138 47.96729700 292.25059862 47.96729700 292.25059891 47.97174100,http://archive.stsci.edu/missions/kepler/previews/0106/010666592/kplr010666592-2013017113907_slc_bw_large.png,http://archive.stsci.edu/missions/kepler/lightcurves/0106/010666592/kplr010666592_sc_Q113333333333333332.tar,PUBLIC,,5885.0,601740,828618,418.4,905.0,828618,0.0,60,601740,Kepler,timeseries,Lightcurve Short Cadence (CSC) - Q2,C,mast:KEPLER/url/missions/kepler/lightcurves/0106/010666592/kplr010666592-2009259162342_slc.fits,SCIENCE,Minimum Recommended Products,SLC,,Kepler,,EX_STKS,kplr010666592-2009259162342_slc.fits,4011840,601740,PUBLIC,2,KEPLER,Kepler,Kepler Quarter 02,,2009,1
science,Kepler,Kepler,Kepler,Kepler,KEPLER,OPTICAL,kplr010666592,,kplr010666592_sc_Q113333333333333332,292.24728000000005,47.969519,timeseries,William Borucki,2,54953.02777777778,56423.510416666664,60.0,OPTICAL,418.4,905.0,Overlap of EX and STKS,nan,EX_STKS,Kepler,,POLYGON ICRS 292.24396109 47.97174100 292.24396138 47.96729700 292.25059862 47.96729700 292.25059891 47.97174100,http://archive.stsci.edu/missions/kepler/previews/0106/010666592/kplr010666592-2013017113907_slc_bw_large.png,http://archive.stsci.edu/missions/kepler/lightcurves/0106/010666592/kplr010666592_sc_Q113333333333333332.tar,PUBLIC,,5885.0,601740,828618,418.4,905.0,828618,0.0,60,601740,Kepler,timeseries,Lightcurve Short Cadence (CSC) - Q3,C,mast:KEPLER/url/missions/kepler/lightcurves/0106/010666592/kplr010666592-2009322144938_slc.fits,SCIENCE,Minimum Recommended Products,SLC,,Kepler,,EX_STKS,kplr010666592-2009322144938_slc.fits,4440960,601740,PUBLIC,2,KEPLER,Kepler,Kepler Quarter 03,,2009,1
science,Kepler,Kepler,Kepler,Kepler,KEPLER,OPTICAL,kplr010666592,,kplr010666592_sc_Q113333333333333332,292.24728000000005,47.969519,timeseries,William Borucki,2,54953.02777777778,56423.510416666664,60.0,OPTICAL,418.4,905.0,Overlap of EX and STKS,nan,EX_STKS,Kepler,,POLYGON ICRS 292.24396109 47.97174100 292.24396138 47.96729700 292.25059862 47.96729700 292.25059891 47.97174100,http://archive.stsci.edu/missions/kepler/previews/0106/010666592/kplr010666592-2013017113907_slc_bw_large.png,http://archive.stsci.edu/missions/kepler/lightcurves/0106/010666592/kplr010666592_sc_Q113333333333333332.tar,PUBLIC,,5885.0,601740,828618,418.4,905.0,828618,0.0,60,601740,Kepler,timeseries,Lightcurve Short Cadence (CSC) - Q3,C,mast:KEPLER/url/missions/kepler/lightcurves/0106/010666592/kplr010666592-2009291181958_slc.fits,SCIENCE,Minimum Recommended Products,SLC,,Kepler,,EX_STKS,kplr010666592-2009291181958_slc.fits,4484160,601740,PUBLIC,2,KEPLER,Kepler,Kepler Quarter 03,,2009,1
science,Kepler,Kepler,Kepler,Kepler,KEPLER,OPTICAL,kplr010666592,,kplr010666592_sc_Q113333333333333332,292.24728000000005,47.969519,timeseries,William Borucki,2,54953.02777777778,56423.510416666664,60.0,OPTICAL,418.4,905.0,Overlap of EX and STKS,nan,EX_STKS,Kepler,,POLYGON ICRS 292.24396109 47.97174100 292.24396138 47.96729700 292.25059862 47.96729700 292.25059891 47.97174100,http://archive.stsci.edu/missions/kepler/previews/0106/010666592/kplr010666592-2013017113907_slc_bw_large.png,http://archive.stsci.edu/missions/kepler/lightcurves/0106/010666592/kplr010666592_sc_Q113333333333333332.tar,PUBLIC,,5885.0,601740,828618,418.4,905.0,828618,0.0,60,601740,Kepler,timeseries,Lightcurve Short Cadence (CSC) - Q3,C,mast:KEPLER/url/missions/kepler/lightcurves/0106/010666592/kplr010666592-2009350160919_slc.fits,SCIENCE,Minimum Recommended Products,SLC,,Kepler,,EX_STKS,kplr010666592-2009350160919_slc.fits,3844800,601740,PUBLIC,2,KEPLER,Kepler,Kepler Quarter 03,,2009,1
science,Kepler,Kepler,Kepler,Kepler,KEPLER,OPTICAL,kplr010666592,,kplr010666592_lc_Q111111111111111111,292.24728000000005,47.969519,timeseries,William Borucki,2,54953.02777777778,56423.510416666664,1800.0,OPTICAL,418.4,905.0,Overlap of EX and STKS,nan,EX_STKS,Kepler,,POLYGON ICRS 292.24396109 47.97174100 292.24396138 47.96729700 292.25059862 47.96729700 292.25059891 47.97174100,http://archive.stsci.edu/missions/kepler/previews/0106/010666592/kplr010666592-2013098041711_llc_bw_large.png,http://archive.stsci.edu/missions/kepler/lightcurves/0106/010666592/kplr010666592_lc_Q111111111111111111.tar,PUBLIC,,5885.0,433484,660362,418.4,905.0,660362,0.0,1800,433484,Kepler,timeseries,Lightcurve Long Cadence (CLC) - Q0,C,mast:KEPLER/url/missions/kepler/lightcurves/0106/010666592/kplr010666592-2009131105131_llc.fits,SCIENCE,Minimum Recommended Products,LLC,,Kepler,,EX_STKS,kplr010666592-2009131105131_llc.fits,77760,433484,PUBLIC,2,KEPLER,Kepler,Kepler Quarter 00,,2009,1
science,Kepler,Kepler,Kepler,Kepler,KEPLER,OPTICAL,kplr010666592,,kplr010666592_lc_Q111111111111111111,292.24728000000005,47.969519,timeseries,William Borucki,2,54953.02777777778,56423.510416666664,1800.0,OPTICAL,418.4,905.0,Overlap of EX and STKS,nan,EX_STKS,Kepler,,POLYGON ICRS 292.24396109 47.97174100 292.24396138 47.96729700 292.25059862 47.96729700 292.25059891 47.97174100,http://archive.stsci.edu/missions/kepler/previews/0106/010666592/kplr010666592-2013098041711_llc_bw_large.png,http://archive.stsci.edu/missions/kepler/lightcurves/0106/010666592/kplr010666592_lc_Q111111111111111111.tar,PUBLIC,,5885.0,433484,660362,418.4,905.0,660362,0.0,1800,433484,Kepler,timeseries,Lightcurve Long Cadence (CLC) - Q1,C,mast:KEPLER/url/missions/kepler/lightcurves/0106/010666592/kplr010666592-2009166043257_llc.fits,SCIENCE,Minimum Recommended Products,LLC,,Kepler,,EX_STKS,kplr010666592-2009166043257_llc.fits,192960,433484,PUBLIC,2,KEPLER,Kepler,Kepler Quarter 01,,2009,1
science,Kepler,Kepler,Kepler,Kepler,KEPLER,OPTICAL,kplr010666592,,kplr010666592_lc_Q111111111111111111,292.24728000000005,47.969519,timeseries,William Borucki,2,54953.02777777778,56423.510416666664,1800.0,OPTICAL,418.4,905.0,Overlap of EX and STKS,nan,EX_STKS,Kepler,,POLYGON ICRS 292.24396109 47.97174100 292.24396138 47.96729700 292.25059862 47.96729700 292.25059891 47.97174100,http://archive.stsci.edu/missions/kepler/previews/0106/010666592/kplr010666592-2013098041711_llc_bw_large.png,http://archive.stsci.edu/missions/kepler/lightcurves/0106/010666592/kplr010666592_lc_Q111111111111111111.tar,PUBLIC,,5885.0,433484,660362,418.4,905.0,660362,0.0,1800,433484,Kepler,timeseries,Lightcurve Long Cadence (CLC) - Q2,C,mast:KEPLER/url/missions/kepler/lightcurves/0106/010666592/kplr010666592-2009259160929_llc.fits,SCIENCE,Minimum Recommended Products,LLC,,Kepler,,EX_STKS,kplr010666592-2009259160929_llc.fits,466560,433484,PUBLIC,2,KEPLER,Kepler,Kepler Quarter 02,,2009,1
science,Kepler,Kepler,Kepler,Kepler,KEPLER,OPTICAL,kplr010666592,,kplr010666592_lc_Q111111111111111111,292.24728000000005,47.969519,timeseries,William Borucki,2,54953.02777777778,56423.510416666664,1800.0,OPTICAL,418.4,905.0,Overlap of EX and STKS,nan,EX_STKS,Kepler,,POLYGON ICRS 292.24396109 47.97174100 292.24396138 47.96729700 292.25059862 47.96729700 292.25059891 47.97174100,http://archive.stsci.edu/missions/kepler/previews/0106/010666592/kplr010666592-2013098041711_llc_bw_large.png,http://archive.stsci.edu/missions/kepler/lightcurves/0106/010666592/kplr010666592_lc_Q111111111111111111.tar,PUBLIC,,5885.0,433484,660362,418.4,905.0,660362,0.0,1800,433484,Kepler,timeseries,Lightcurve Long Cadence (CLC) - Q3,C,mast:KEPLER/url/missions/kepler/lightcurves/0106/010666592/kplr010666592-2009350155506_llc.fits,SCIENCE,Minimum Recommended Products,LLC,,Kepler,,EX_STKS,kplr010666592-2009350155506_llc.fits,466560,433484,PUBLIC,2,KEPLER,Kepler,Kepler Quarter 03,,2009,1
science,Kepler,Kepler,Kepler,Kepler,KEPLER,OPTICAL,kplr010666592,,kplr010666592_sc_Q113333333333333332,292.24728000000005,47.969519,timeseries,William Borucki,2,54953.02777777778,56423.510416666664,60.0,OPTICAL,418.4,905.0,Overlap of EX and STKS,nan,EX_STKS,Kepler,,POLYGON ICRS 292.24396109 47.97174100 292.24396138 47.96729700 292.25059862 47.96729700 292.25059891 47.97174100,http://archive.stsci.edu/missions/kepler/previews/0106/010666592/kplr010666592-2013017113907_slc_bw_large.png,http://archive.stsci.edu/missions/kepler/lightcurves/0106/010666592/kplr010666592_sc_Q113333333333333332.tar,PUBLIC,,5885.0,601740,828618,418.4,905.0,828618,0.0,60,601740,Kepler,timeseries,Lightcurve Short Cadence (CSC) - Q4,C,mast:KEPLER/url/missions/kepler/lightcurves/0106/010666592/kplr010666592-2010078100744_slc.fits,SCIENCE,Minimum Recommended Products,SLC,,Kepler,,EX_STKS,kplr010666592-2010078100744_slc.fits,4273920,601740,PUBLIC,2,KEPLER,Kepler,Kepler Quarter 04,,2010,1
science,Kepler,Kepler,Kepler,Kepler,KEPLER,OPTICAL,kplr010666592,,kplr010666592_sc_Q113333333333333332,292.24728000000005,47.969519,timeseries,William Borucki,2,54953.02777777778,56423.510416666664,60.0,OPTICAL,418.4,905.0,Overlap of EX and STKS,nan,EX_STKS,Kepler,,POLYGON ICRS 292.24396109 47.97174100 292.24396138 47.96729700 292.25059862 47.96729700 292.25059891 47.97174100,http://archive.stsci.edu/missions/kepler/previews/0106/010666592/kplr010666592-2013017113907_slc_bw_large.png,http://archive.stsci.edu/missions/kepler/lightcurves/0106/010666592/kplr010666592_sc_Q113333333333333332.tar,PUBLIC,,5885.0,601740,828618,418.4,905.0,828618,0.0,60,601740,Kepler,timeseries,Lightcurve Short Cadence (CSC) - Q4,C,mast:KEPLER/url/missions/kepler/lightcurves/0106/010666592/kplr010666592-2010049094358_slc.fits,SCIENCE,Minimum Recommended Products,SLC,,Kepler,,EX_STKS,kplr010666592-2010049094358_slc.fits,4276800,601740,PUBLIC,2,KEPLER,Kepler,Kepler Quarter 04,,2010,1
science,Kepler,Kepler,Kepler,Kepler,KEPLER,OPTICAL,kplr010666592,,kplr010666592_sc_Q113333333333333332,292.24728000000005,47.969519,timeseries,William Borucki,2,54953.02777777778,56423.510416666664,60.0,OPTICAL,418.4,905.0,Overlap of EX and STKS,nan,EX_STKS,Kepler,,POLYGON ICRS 292.24396109 47.97174100 292.24396138 47.96729700 292.25059862 47.96729700 292.25059891 47.97174100,http://archive.stsci.edu/missions/kepler/previews/0106/010666592/kplr010666592-2013017113907_slc_bw_large.png,http://archive.stsci.edu/missions/kepler/lightcurves/0106/010666592/kplr010666592_sc_Q113333333333333332.tar,PUBLIC,,5885.0,601740,828618,418.4,905.0,828618,0.0,60,601740,Kepler,timeseries,Lightcurve Short Cadence (CSC) - Q4,C,mast:KEPLER/url/missions/kepler/lightcurves/0106/010666592/kplr010666592-2010019161129_slc.fits,SCIENCE,Minimum Recommended Products,SLC,,Kepler,,EX_STKS,kplr010666592-2010019161129_slc.fits,4590720,601740,PUBLIC,2,KEPLER,Kepler,Kepler Quarter 04,,2010,1
science,Kepler,Kepler,Kepler,Kepler,KEPLER,OPTICAL,kplr010666592,,kplr010666592_sc_Q113333333333333332,292.24728000000005,47.969519,timeseries,William Borucki,2,54953.02777777778,56423.510416666664,60.0,OPTICAL,418.4,905.0,Overlap of EX and STKS,nan,EX_STKS,Kepler,,POLYGON ICRS 292.24396109 47.97174100 292.24396138 47.96729700 292.25059862 47.96729700 292.25059891 47.97174100,http://archive.stsci.edu/missions/kepler/previews/0106/010666592/kplr010666592-2013017113907_slc_bw_large.png,http://archive.stsci.edu/missions/kepler/lightcurves/0106/010666592/kplr010666592_sc_Q113333333333333332.tar,PUBLIC,,5885.0,601740,828618,418.4,905.0,828618,0.0,60,601740,Kepler,timeseries,Lightcurve Short Cadence (CSC) - Q5,C,mast:KEPLER/url/missions/kepler/lightcurves/0106/010666592/kplr010666592-2010111051353_slc.fits,SCIENCE,Minimum Recommended Products,SLC,,Kepler,,EX_STKS,kplr010666592-2010111051353_slc.fits,4659840,601740,PUBLIC,2,KEPLER,Kepler,Kepler Quarter 05,,2010,1
science,Kepler,Kepler,Kepler,Kepler,KEPLER,OPTICAL,kplr010666592,,kplr010666592_sc_Q113333333333333332,292.24728000000005,47.969519,timeseries,William Borucki,2,54953.02777777778,56423.510416666664,60.0,OPTICAL,418.4,905.0,Overlap of EX and STKS,nan,EX_STKS,Kepler,,POLYGON ICRS 292.24396109 47.97174100 292.24396138 47.96729700 292.25059862 47.96729700 292.25059891 47.97174100,http://archive.stsci.edu/missions/kepler/previews/0106/010666592/kplr010666592-2013017113907_slc_bw_large.png,http://archive.stsci.edu/missions/kepler/lightcurves/0106/010666592/kplr010666592_sc_Q113333333333333332.tar,PUBLIC,,5885.0,601740,828618,418.4,905.0,828618,0.0,60,601740,Kepler,timeseries,Lightcurve Short Cadence (CSC) - Q5,C,mast:KEPLER/url/missions/kepler/lightcurves/0106/010666592/kplr010666592-2010140023957_slc.fits,SCIENCE,Minimum Recommended Products,SLC,,Kepler,,EX_STKS,kplr010666592-2010140023957_slc.fits,4086720,601740,PUBLIC,2,KEPLER,Kepler,Kepler Quarter 05,,2010,1
science,Kepler,Kepler,Kepler,Kepler,KEPLER,OPTICAL,kplr010666592,,kplr010666592_sc_Q113333333333333332,292.24728000000005,47.969519,timeseries,William Borucki,2,54953.02777777778,56423.510416666664,60.0,OPTICAL,418.4,905.0,Overlap of EX and STKS,nan,EX_STKS,Kepler,,POLYGON ICRS 292.24396109 47.97174100 292.24396138 47.96729700 292.25059862 47.96729700 292.25059891 47.97174100,http://archive.stsci.edu/missions/kepler/previews/0106/010666592/kplr010666592-2013017113907_slc_bw_large.png,http://archive.stsci.edu/missions/kepler/lightcurves/0106/010666592/kplr010666592_sc_Q113333333333333332.tar,PUBLIC,,5885.0,601740,828618,418.4,905.0,828618,0.0,60,601740,Kepler,timeseries,Lightcurve Short Cadence (CSC) - Q5,C,mast:KEPLER/url/missions/kepler/lightcurves/0106/010666592/kplr010666592-2010174090439_slc.fits,SCIENCE,Minimum Recommended Products,SLC,,Kepler,,EX_STKS,kplr010666592-2010174090439_slc.fits,4959360,601740,PUBLIC,2,KEPLER,Kepler,Kepler Quarter 05,,2010,1
science,Kepler,Kepler,Kepler,Kepler,KEPLER,OPTICAL,kplr010666592,,kplr010666592_sc_Q113333333333333332,292.24728000000005,47.969519,timeseries,William Borucki,2,54953.02777777778,56423.510416666664,60.0,OPTICAL,418.4,905.0,Overlap of EX and STKS,nan,EX_STKS,Kepler,,POLYGON ICRS 292.24396109 47.97174100 292.24396138 47.96729700 292.25059862 47.96729700 292.25059891 47.97174100,http://archive.stsci.edu/missions/kepler/previews/0106/010666592/kplr010666592-2013017113907_slc_bw_large.png,http://archive.stsci.edu/missions/kepler/lightcurves/0106/010666592/kplr010666592_sc_Q113333333333333332.tar,PUBLIC,,5885.0,601740,828618,418.4,905.0,828618,0.0,60,601740,Kepler,timeseries,Lightcurve Short Cadence (CSC) - Q6,C,mast:KEPLER/url/missions/kepler/lightcurves/0106/010666592/kplr010666592-2010203174610_slc.fits,SCIENCE,Minimum Recommended Products,SLC,,Kepler,,EX_STKS,kplr010666592-2010203174610_slc.fits,4008960,601740,PUBLIC,2,KEPLER,Kepler,Kepler Quarter 06,,2010,1
science,Kepler,Kepler,Kepler,Kepler,KEPLER,OPTICAL,kplr010666592,,kplr010666592_sc_Q113333333333333332,292.24728000000005,47.969519,timeseries,William Borucki,2,54953.02777777778,56423.510416666664,60.0,OPTICAL,418.4,905.0,Overlap of EX and STKS,nan,EX_STKS,Kepler,,POLYGON ICRS 292.24396109 47.97174100 292.24396138 47.96729700 292.25059862 47.96729700 292.25059891 47.97174100,http://archive.stsci.edu/missions/kepler/previews/0106/010666592/kplr010666592-2013017113907_slc_bw_large.png,http://archive.stsci.edu/missions/kepler/lightcurves/0106/010666592/kplr010666592_sc_Q113333333333333332.tar,PUBLIC,,5885.0,601740,828618,418.4,905.0,828618,0.0,60,601740,Kepler,timeseries,Lightcurve Short Cadence (CSC) - Q6,C,mast:KEPLER/url/missions/kepler/lightcurves/0106/010666592/kplr010666592-2010265121752_slc.fits,SCIENCE,Minimum Recommended Products,SLC,,Kepler,,EX_STKS,kplr010666592-2010265121752_slc.fits,4452480,601740,PUBLIC,2,KEPLER,Kepler,Kepler Quarter 06,,2010,1
science,Kepler,Kepler,Kepler,Kepler,KEPLER,OPTICAL,kplr010666592,,kplr010666592_sc_Q113333333333333332,292.24728000000005,47.969519,timeseries,William Borucki,2,54953.02777777778,56423.510416666664,60.0,OPTICAL,418.4,905.0,Overlap of EX and STKS,nan,EX_STKS,Kepler,,POLYGON ICRS 292.24396109 47.97174100 292.24396138 47.96729700 292.25059862 47.96729700 292.25059891 47.97174100,http://archive.stsci.edu/missions/kepler/previews/0106/010666592/kplr010666592-2013017113907_slc_bw_large.png,http://archive.stsci.edu/missions/kepler/lightcurves/0106/010666592/kplr010666592_sc_Q113333333333333332.tar,PUBLIC,,5885.0,601740,828618,418.4,905.0,828618,0.0,60,601740,Kepler,timeseries,Lightcurve Short Cadence (CSC) - Q6,C,mast:KEPLER/url/missions/kepler/lightcurves/0106/010666592/kplr010666592-2010234115140_slc.fits,SCIENCE,Minimum Recommended Products,SLC,,Kepler,,EX_STKS,kplr010666592-2010234115140_slc.fits,4570560,601740,PUBLIC,2,KEPLER,Kepler,Kepler Quarter 06,,2010,1
science,Kepler,Kepler,Kepler,Kepler,KEPLER,OPTICAL,kplr010666592,,kplr010666592_sc_Q113333333333333332,292.24728000000005,47.969519,timeseries,William Borucki,2,54953.02777777778,56423.510416666664,60.0,OPTICAL,418.4,905.0,Overlap of EX and STKS,nan,EX_STKS,Kepler,,POLYGON ICRS 292.24396109 47.97174100 292.24396138 47.96729700 292.25059862 47.96729700 292.25059891 47.97174100,http://archive.stsci.edu/missions/kepler/previews/0106/010666592/kplr010666592-2013017113907_slc_bw_large.png,http://archive.stsci.edu/missions/kepler/lightcurves/0106/010666592/kplr010666592_sc_Q113333333333333332.tar,PUBLIC,,5885.0,601740,828618,418.4,905.0,828618,0.0,60,601740,Kepler,timeseries,Lightcurve Short Cadence (CSC) - Q7,C,mast:KEPLER/url/missions/kepler/lightcurves/0106/010666592/kplr010666592-2010355172524_slc.fits,SCIENCE,Minimum Recommended Products,SLC,,Kepler,,EX_STKS,kplr010666592-2010355172524_slc.fits,4204800,601740,PUBLIC,2,KEPLER,Kepler,Kepler Quarter 07,,2010,1
science,Kepler,Kepler,Kepler,Kepler,KEPLER,OPTICAL,kplr010666592,,kplr010666592_sc_Q113333333333333332,292.24728000000005,47.969519,timeseries,William Borucki,2,54953.02777777778,56423.510416666664,60.0,OPTICAL,418.4,905.0,Overlap of EX and STKS,nan,EX_STKS,Kepler,,POLYGON ICRS 292.24396109 47.97174100 292.24396138 47.96729700 292.25059862 47.96729700 292.25059891 47.97174100,http://archive.stsci.edu/missions/kepler/previews/0106/010666592/kplr010666592-2013017113907_slc_bw_large.png,http://archive.stsci.edu/missions/kepler/lightcurves/0106/010666592/kplr010666592_sc_Q113333333333333332.tar,PUBLIC,,5885.0,601740,828618,418.4,905.0,828618,0.0,60,601740,Kepler,timeseries,Lightcurve Short Cadence (CSC) - Q7,C,mast:KEPLER/url/missions/kepler/lightcurves/0106/010666592/kplr010666592-2010296114515_slc.fits,SCIENCE,Minimum Recommended Products,SLC,,Kepler,,EX_STKS,kplr010666592-2010296114515_slc.fits,4452480,601740,PUBLIC,2,KEPLER,Kepler,Kepler Quarter 07,,2010,1
science,Kepler,Kepler,Kepler,Kepler,KEPLER,OPTICAL,kplr010666592,,kplr010666592_sc_Q113333333333333332,292.24728000000005,47.969519,timeseries,William Borucki,2,54953.02777777778,56423.510416666664,60.0,OPTICAL,418.4,905.0,Overlap of EX and STKS,nan,EX_STKS,Kepler,,POLYGON ICRS 292.24396109 47.97174100 292.24396138 47.96729700 292.25059862 47.96729700 292.25059891 47.97174100,http://archive.stsci.edu/missions/kepler/previews/0106/010666592/kplr010666592-2013017113907_slc_bw_large.png,http://archive.stsci.edu/missions/kepler/lightcurves/0106/010666592/kplr010666592_sc_Q113333333333333332.tar,PUBLIC,,5885.0,601740,828618,418.4,905.0,828618,0.0,60,601740,Kepler,timeseries,Lightcurve Short Cadence (CSC) - Q7,C,mast:KEPLER/url/missions/kepler/lightcurves/0106/010666592/kplr010666592-2010326094124_slc.fits,SCIENCE,Minimum Recommended Products,SLC,,Kepler,,EX_STKS,kplr010666592-2010326094124_slc.fits,4317120,601740,PUBLIC,2,KEPLER,Kepler,Kepler Quarter 07,,2010,1
science,Kepler,Kepler,Kepler,Kepler,KEPLER,OPTICAL,kplr010666592,,kplr010666592_lc_Q111111111111111111,292.24728000000005,47.969519,timeseries,William Borucki,2,54953.02777777778,56423.510416666664,1800.0,OPTICAL,418.4,905.0,Overlap of EX and STKS,nan,EX_STKS,Kepler,,POLYGON ICRS 292.24396109 47.97174100 292.24396138 47.96729700 292.25059862 47.96729700 292.25059891 47.97174100,http://archive.stsci.edu/missions/kepler/previews/0106/010666592/kplr010666592-2013098041711_llc_bw_large.png,http://archive.stsci.edu/missions/kepler/lightcurves/0106/010666592/kplr010666592_lc_Q111111111111111111.tar,PUBLIC,,5885.0,433484,660362,418.4,905.0,660362,0.0,1800,433484,Kepler,timeseries,Lightcurve Long Cadence (CLC) - Q4,C,mast:KEPLER/url/missions/kepler/lightcurves/0106/010666592/kplr010666592-2010078095331_llc.fits,SCIENCE,Minimum Recommended Products,LLC,,Kepler,,EX_STKS,kplr010666592-2010078095331_llc.fits,469440,433484,PUBLIC,2,KEPLER,Kepler,Kepler Quarter 04,,2010,1
science,Kepler,Kepler,Kepler,Kepler,KEPLER,OPTICAL,kplr010666592,,kplr010666592_lc_Q111111111111111111,292.24728000000005,47.969519,timeseries,William Borucki,2,54953.02777777778,56423.510416666664,1800.0,OPTICAL,418.4,905.0,Overlap of EX and STKS,nan,EX_STKS,Kepler,,POLYGON ICRS 292.24396109 47.97174100 292.24396138 47.96729700 292.25059862 47.96729700 292.25059891 47.97174100,http://archive.stsci.edu/missions/kepler/previews/0106/010666592/kplr010666592-2013098041711_llc_bw_large.png,http://archive.stsci.edu/missions/kepler/lightcurves/0106/010666592/kplr010666592_lc_Q111111111111111111.tar,PUBLIC,,5885.0,433484,660362,418.4,905.0,660362,0.0,1800,433484,Kepler,timeseries,Lightcurve Long Cadence (CLC) - Q5,C,mast:KEPLER/url/missions/kepler/lightcurves/0106/010666592/kplr010666592-2010174085026_llc.fits,SCIENCE,Minimum Recommended Products,LLC,,Kepler,,EX_STKS,kplr010666592-2010174085026_llc.fits,492480,433484,PUBLIC,2,KEPLER,Kepler,Kepler Quarter 05,,2010,1
science,Kepler,Kepler,Kepler,Kepler,KEPLER,OPTICAL,kplr010666592,,kplr010666592_lc_Q111111111111111111,292.24728000000005,47.969519,timeseries,William Borucki,2,54953.02777777778,56423.510416666664,1800.0,OPTICAL,418.4,905.0,Overlap of EX and STKS,nan,EX_STKS,Kepler,,POLYGON ICRS 292.24396109 47.97174100 292.24396138 47.96729700 292.25059862 47.96729700 292.25059891 47.97174100,http://archive.stsci.edu/missions/kepler/previews/0106/010666592/kplr010666592-2013098041711_llc_bw_large.png,http://archive.stsci.edu/missions/kepler/lightcurves/0106/010666592/kplr010666592_lc_Q111111111111111111.tar,PUBLIC,,5885.0,433484,660362,418.4,905.0,660362,0.0,1800,433484,Kepler,timeseries,Lightcurve Long Cadence (CLC) - Q6,C,mast:KEPLER/url/missions/kepler/lightcurves/0106/010666592/kplr010666592-2010265121752_llc.fits,SCIENCE,Minimum Recommended Products,LLC,,Kepler,,EX_STKS,kplr010666592-2010265121752_llc.fits,469440,433484,PUBLIC,2,KEPLER,Kepler,Kepler Quarter 06,,2010,1
science,Kepler,Kepler,Kepler,Kepler,KEPLER,OPTICAL,kplr010666592,,kplr010666592_lc_Q111111111111111111,292.24728000000005,47.969519,timeseries,William Borucki,2,54953.02777777778,56423.510416666664,1800.0,OPTICAL,418.4,905.0,Overlap of EX and STKS,nan,EX_STKS,Kepler,,POLYGON ICRS 292.24396109 47.97174100 292.24396138 47.96729700 292.25059862 47.96729700 292.25059891 47.97174100,http://archive.stsci.edu/missions/kepler/previews/0106/010666592/kplr010666592-2013098041711_llc_bw_large.png,http://archive.stsci.edu/missions/kepler/lightcurves/0106/010666592/kplr010666592_lc_Q111111111111111111.tar,PUBLIC,,5885.0,433484,660362,418.4,905.0,660362,0.0,1800,433484,Kepler,timeseries,Lightcurve Long Cadence (CLC) - Q7,C,mast:KEPLER/url/missions/kepler/lightcurves/0106/010666592/kplr010666592-2010355172524_llc.fits,SCIENCE,Minimum Recommended Products,LLC,,Kepler,,EX_STKS,kplr010666592-2010355172524_llc.fits,466560,433484,PUBLIC,2,KEPLER,Kepler,Kepler Quarter 07,,2010,1
science,Kepler,Kepler,Kepler,Kepler,KEPLER,OPTICAL,kplr010666592,,kplr010666592_sc_Q113333333333333332,292.24728000000005,47.969519,timeseries,William Borucki,2,54953.02777777778,56423.510416666664,60.0,OPTICAL,418.4,905.0,Overlap of EX and STKS,nan,EX_STKS,Kepler,,POLYGON ICRS 292.24396109 47.97174100 292.24396138 47.96729700 292.25059862 47.96729700 292.25059891 47.97174100,http://archive.stsci.edu/missions/kepler/previews/0106/010666592/kplr010666592-2013017113907_slc_bw_large.png,http://archive.stsci.edu/missions/kepler/lightcurves/0106/010666592/kplr010666592_sc_Q113333333333333332.tar,PUBLIC,,5885.0,601740,828618,418.4,905.0,828618,0.0,60,601740,Kepler,timeseries,Lightcurve Short Cadence (CSC) - Q8,C,mast:KEPLER/url/missions/kepler/lightcurves/0106/010666592/kplr010666592-2011024051157_slc.fits,SCIENCE,Minimum Recommended Products,SLC,,Kepler,,EX_STKS,kplr010666592-2011024051157_slc.fits,2629440,601740,PUBLIC,2,KEPLER,Kepler,Kepler Quarter 08,,2011,1
science,Kepler,Kepler,Kepler,Kepler,KEPLER,OPTICAL,kplr010666592,,kplr010666592_sc_Q113333333333333332,292.24728000000005,47.969519,timeseries,William Borucki,2,54953.02777777778,56423.510416666664,60.0,OPTICAL,418.4,905.0,Overlap of EX and STKS,nan,EX_STKS,Kepler,,POLYGON ICRS 292.24396109 47.97174100 292.24396138 47.96729700 292.25059862 47.96729700 292.25059891 47.97174100,http://archive.stsci.edu/missions/kepler/previews/0106/010666592/kplr010666592-2013017113907_slc_bw_large.png,http://archive.stsci.edu/missions/kepler/lightcurves/0106/010666592/kplr010666592_sc_Q113333333333333332.tar,PUBLIC,,5885.0,601740,828618,418.4,905.0,828618,0.0,60,601740,Kepler,timeseries,Lightcurve Short Cadence (CSC) - Q8,C,mast:KEPLER/url/missions/kepler/lightcurves/0106/010666592/kplr010666592-2011053090032_slc.fits,SCIENCE,Minimum Recommended Products,SLC,,Kepler,,EX_STKS,kplr010666592-2011053090032_slc.fits,4302720,601740,PUBLIC,2,KEPLER,Kepler,Kepler Quarter 08,,2011,1
science,Kepler,Kepler,Kepler,Kepler,KEPLER,OPTICAL,kplr010666592,,kplr010666592_sc_Q113333333333333332,292.24728000000005,47.969519,timeseries,William Borucki,2,54953.02777777778,56423.510416666664,60.0,OPTICAL,418.4,905.0,Overlap of EX and STKS,nan,EX_STKS,Kepler,,POLYGON ICRS 292.24396109 47.97174100 292.24396138 47.96729700 292.25059862 47.96729700 292.25059891 47.97174100,http://archive.stsci.edu/missions/kepler/previews/0106/010666592/kplr010666592-2013017113907_slc_bw_large.png,http://archive.stsci.edu/missions/kepler/lightcurves/0106/010666592/kplr010666592_sc_Q113333333333333332.tar,PUBLIC,,5885.0,601740,828618,418.4,905.0,828618,0.0,60,601740,Kepler,timeseries,Lightcurve Short Cadence (CSC) - Q8,C,mast:KEPLER/url/missions/kepler/lightcurves/0106/010666592/kplr010666592-2011073133259_slc.fits,SCIENCE,Minimum Recommended Products,SLC,,Kepler,,EX_STKS,kplr010666592-2011073133259_slc.fits,2977920,601740,PUBLIC,2,KEPLER,Kepler,Kepler Quarter 08,,2011,1
science,Kepler,Kepler,Kepler,Kepler,KEPLER,OPTICAL,kplr010666592,,kplr010666592_sc_Q113333333333333332,292.24728000000005,47.969519,timeseries,William Borucki,2,54953.02777777778,56423.510416666664,60.0,OPTICAL,418.4,905.0,Overlap of EX and STKS,nan,EX_STKS,Kepler,,POLYGON ICRS 292.24396109 47.97174100 292.24396138 47.96729700 292.25059862 47.96729700 292.25059891 47.97174100,http://archive.stsci.edu/missions/kepler/previews/0106/010666592/kplr010666592-2013017113907_slc_bw_large.png,http://archive.stsci.edu/missions/kepler/lightcurves/0106/010666592/kplr010666592_sc_Q113333333333333332.tar,PUBLIC,,5885.0,601740,828618,418.4,905.0,828618,0.0,60,601740,Kepler,timeseries,Lightcurve Short Cadence (CSC) - Q9,C,mast:KEPLER/url/missions/kepler/lightcurves/0106/010666592/kplr010666592-2011177032512_slc.fits,SCIENCE,Minimum Recommended Products,SLC,,Kepler,,EX_STKS,kplr010666592-2011177032512_slc.fits,4608000,601740,PUBLIC,2,KEPLER,Kepler,Kepler Quarter 09,,2011,1
science,Kepler,Kepler,Kepler,Kepler,KEPLER,OPTICAL,kplr010666592,,kplr010666592_sc_Q113333333333333332,292.24728000000005,47.969519,timeseries,William Borucki,2,54953.02777777778,56423.510416666664,60.0,OPTICAL,418.4,905.0,Overlap of EX and STKS,nan,EX_STKS,Kepler,,POLYGON ICRS 292.24396109 47.97174100 292.24396138 47.96729700 292.25059862 47.96729700 292.25059891 47.97174100,http://archive.stsci.edu/missions/kepler/previews/0106/010666592/kplr010666592-2013017113907_slc_bw_large.png,http://archive.stsci.edu/missions/kepler/lightcurves/0106/010666592/kplr010666592_sc_Q113333333333333332.tar,PUBLIC,,5885.0,601740,828618,418.4,905.0,828618,0.0,60,601740,Kepler,timeseries,Lightcurve Short Cadence (CSC) - Q9,C,mast:KEPLER/url/missions/kepler/lightcurves/0106/010666592/kplr010666592-2011145075126_slc.fits,SCIENCE,Minimum Recommended Products,SLC,,Kepler,,EX_STKS,kplr010666592-2011145075126_slc.fits,4216320,601740,PUBLIC,2,KEPLER,Kepler,Kepler Quarter 09,,2011,1
science,Kepler,Kepler,Kepler,Kepler,KEPLER,OPTICAL,kplr010666592,,kplr010666592_sc_Q113333333333333332,292.24728000000005,47.969519,timeseries,William Borucki,2,54953.02777777778,56423.510416666664,60.0,OPTICAL,418.4,905.0,Overlap of EX and STKS,nan,EX_STKS,Kepler,,POLYGON ICRS 292.24396109 47.97174100 292.24396138 47.96729700 292.25059862 47.96729700 292.25059891 47.97174100,http://archive.stsci.edu/missions/kepler/previews/0106/010666592/kplr010666592-2013017113907_slc_bw_large.png,http://archive.stsci.edu/missions/kepler/lightcurves/0106/010666592/kplr010666592_sc_Q113333333333333332.tar,PUBLIC,,5885.0,601740,828618,418.4,905.0,828618,0.0,60,601740,Kepler,timeseries,Lightcurve Short Cadence (CSC) - Q9,C,mast:KEPLER/url/missions/kepler/lightcurves/0106/010666592/kplr010666592-2011116030358_slc.fits,SCIENCE,Minimum Recommended Products,SLC,,Kepler,,EX_STKS,kplr010666592-2011116030358_slc.fits,5376960,601740,PUBLIC,2,KEPLER,Kepler,Kepler Quarter 09,,2011,1
science,Kepler,Kepler,Kepler,Kepler,KEPLER,OPTICAL,kplr010666592,,kplr010666592_sc_Q113333333333333332,292.24728000000005,47.969519,timeseries,William Borucki,2,54953.02777777778,56423.510416666664,60.0,OPTICAL,418.4,905.0,Overlap of EX and STKS,nan,EX_STKS,Kepler,,POLYGON ICRS 292.24396109 47.97174100 292.24396138 47.96729700 292.25059862 47.96729700 292.25059891 47.97174100,http://archive.stsci.edu/missions/kepler/previews/0106/010666592/kplr010666592-2013017113907_slc_bw_large.png,http://archive.stsci.edu/missions/kepler/lightcurves/0106/010666592/kplr010666592_sc_Q113333333333333332.tar,PUBLIC,,5885.0,601740,828618,418.4,905.0,828618,0.0,60,601740,Kepler,timeseries,Lightcurve Short Cadence (CSC) - Q10,C,mast:KEPLER/url/missions/kepler/lightcurves/0106/010666592/kplr010666592-2011208035123_slc.fits,SCIENCE,Minimum Recommended Products,SLC,,Kepler,,EX_STKS,kplr010666592-2011208035123_slc.fits,4452480,601740,PUBLIC,2,KEPLER,Kepler,Kepler Quarter 10,,2011,1
science,Kepler,Kepler,Kepler,Kepler,KEPLER,OPTICAL,kplr010666592,,kplr010666592_sc_Q113333333333333332,292.24728000000005,47.969519,timeseries,William Borucki,2,54953.02777777778,56423.510416666664,60.0,OPTICAL,418.4,905.0,Overlap of EX and STKS,nan,EX_STKS,Kepler,,POLYGON ICRS 292.24396109 47.97174100 292.24396138 47.96729700 292.25059862 47.96729700 292.25059891 47.97174100,http://archive.stsci.edu/missions/kepler/previews/0106/010666592/kplr010666592-2013017113907_slc_bw_large.png,http://archive.stsci.edu/missions/kepler/lightcurves/0106/010666592/kplr010666592_sc_Q113333333333333332.tar,PUBLIC,,5885.0,601740,828618,418.4,905.0,828618,0.0,60,601740,Kepler,timeseries,Lightcurve Short Cadence (CSC) - Q10,C,mast:KEPLER/url/missions/kepler/lightcurves/0106/010666592/kplr010666592-2011240104155_slc.fits,SCIENCE,Minimum Recommended Products,SLC,,Kepler,,EX_STKS,kplr010666592-2011240104155_slc.fits,4648320,601740,PUBLIC,2,KEPLER,Kepler,Kepler Quarter 10,,2011,1
science,Kepler,Kepler,Kepler,Kepler,KEPLER,OPTICAL,kplr010666592,,kplr010666592_sc_Q113333333333333332,292.24728000000005,47.969519,timeseries,William Borucki,2,54953.02777777778,56423.510416666664,60.0,OPTICAL,418.4,905.0,Overlap of EX and STKS,nan,EX_STKS,Kepler,,POLYGON ICRS 292.24396109 47.97174100 292.24396138 47.96729700 292.25059862 47.96729700 292.25059891 47.97174100,http://archive.stsci.edu/missions/kepler/previews/0106/010666592/kplr010666592-2013017113907_slc_bw_large.png,http://archive.stsci.edu/missions/kepler/lightcurves/0106/010666592/kplr010666592_sc_Q113333333333333332.tar,PUBLIC,,5885.0,601740,828618,418.4,905.0,828618,0.0,60,601740,Kepler,timeseries,Lightcurve Short Cadence (CSC) - Q10,C,mast:KEPLER/url/missions/kepler/lightcurves/0106/010666592/kplr010666592-2011271113734_slc.fits,SCIENCE,Minimum Recommended Products,SLC,,Kepler,,EX_STKS,kplr010666592-2011271113734_slc.fits,4464000,601740,PUBLIC,2,KEPLER,Kepler,Kepler Quarter 10,,2011,1
science,Kepler,Kepler,Kepler,Kepler,KEPLER,OPTICAL,kplr010666592,,kplr010666592_sc_Q113333333333333332,292.24728000000005,47.969519,timeseries,William Borucki,2,54953.02777777778,56423.510416666664,60.0,OPTICAL,418.4,905.0,Overlap of EX and STKS,nan,EX_STKS,Kepler,,POLYGON ICRS 292.24396109 47.97174100 292.24396138 47.96729700 292.25059862 47.96729700 292.25059891 47.97174100,http://archive.stsci.edu/missions/kepler/previews/0106/010666592/kplr010666592-2013017113907_slc_bw_large.png,http://archive.stsci.edu/missions/kepler/lightcurves/0106/010666592/kplr010666592_sc_Q113333333333333332.tar,PUBLIC,,5885.0,601740,828618,418.4,905.0,828618,0.0,60,601740,Kepler,timeseries,Lightcurve Short Cadence (CSC) - Q11,C,mast:KEPLER/url/missions/kepler/lightcurves/0106/010666592/kplr010666592-2011303113607_slc.fits,SCIENCE,Minimum Recommended Products,SLC,,Kepler,,EX_STKS,kplr010666592-2011303113607_slc.fits,4593600,601740,PUBLIC,2,KEPLER,Kepler,Kepler Quarter 11,,2011,1
science,Kepler,Kepler,Kepler,Kepler,KEPLER,OPTICAL,kplr010666592,,kplr010666592_sc_Q113333333333333332,292.24728000000005,47.969519,timeseries,William Borucki,2,54953.02777777778,56423.510416666664,60.0,OPTICAL,418.4,905.0,Overlap of EX and STKS,nan,EX_STKS,Kepler,,POLYGON ICRS 292.24396109 47.97174100 292.24396138 47.96729700 292.25059862 47.96729700 292.25059891 47.97174100,http://archive.stsci.edu/missions/kepler/previews/0106/010666592/kplr010666592-2013017113907_slc_bw_large.png,http://archive.stsci.edu/missions/kepler/lightcurves/0106/010666592/kplr010666592_sc_Q113333333333333332.tar,PUBLIC,,5885.0,601740,828618,418.4,905.0,828618,0.0,60,601740,Kepler,timeseries,Lightcurve Short Cadence (CSC) - Q11,C,mast:KEPLER/url/missions/kepler/lightcurves/0106/010666592/kplr010666592-2011334093404_slc.fits,SCIENCE,Minimum Recommended Products,SLC,,Kepler,,EX_STKS,kplr010666592-2011334093404_slc.fits,4464000,601740,PUBLIC,2,KEPLER,Kepler,Kepler Quarter 11,,2011,1
science,Kepler,Kepler,Kepler,Kepler,KEPLER,OPTICAL,kplr010666592,,kplr010666592_lc_Q111111111111111111,292.24728000000005,47.969519,timeseries,William Borucki,2,54953.02777777778,56423.510416666664,1800.0,OPTICAL,418.4,905.0,Overlap of EX and STKS,nan,EX_STKS,Kepler,,POLYGON ICRS 292.24396109 47.97174100 292.24396138 47.96729700 292.25059862 47.96729700 292.25059891 47.97174100,http://archive.stsci.edu/missions/kepler/previews/0106/010666592/kplr010666592-2013098041711_llc_bw_large.png,http://archive.stsci.edu/missions/kepler/lightcurves/0106/010666592/kplr010666592_lc_Q111111111111111111.tar,PUBLIC,,5885.0,433484,660362,418.4,905.0,660362,0.0,1800,433484,Kepler,timeseries,Lightcurve Long Cadence (CLC) - Q8,C,mast:KEPLER/url/missions/kepler/lightcurves/0106/010666592/kplr010666592-2011073133259_llc.fits,SCIENCE,Minimum Recommended Products,LLC,,Kepler,,EX_STKS,kplr010666592-2011073133259_llc.fits,357120,433484,PUBLIC,2,KEPLER,Kepler,Kepler Quarter 08,,2011,1
science,Kepler,Kepler,Kepler,Kepler,KEPLER,OPTICAL,kplr010666592,,kplr010666592_lc_Q111111111111111111,292.24728000000005,47.969519,timeseries,William Borucki,2,54953.02777777778,56423.510416666664,1800.0,OPTICAL,418.4,905.0,Overlap of EX and STKS,nan,EX_STKS,Kepler,,POLYGON ICRS 292.24396109 47.97174100 292.24396138 47.96729700 292.25059862 47.96729700 292.25059891 47.97174100,http://archive.stsci.edu/missions/kepler/previews/0106/010666592/kplr010666592-2013098041711_llc_bw_large.png,http://archive.stsci.edu/missions/kepler/lightcurves/0106/010666592/kplr010666592_lc_Q111111111111111111.tar,PUBLIC,,5885.0,433484,660362,418.4,905.0,660362,0.0,1800,433484,Kepler,timeseries,Lightcurve Long Cadence (CLC) - Q9,C,mast:KEPLER/url/missions/kepler/lightcurves/0106/010666592/kplr010666592-2011177032512_llc.fits,SCIENCE,Minimum Recommended Products,LLC,,Kepler,,EX_STKS,kplr010666592-2011177032512_llc.fits,506880,433484,PUBLIC,2,KEPLER,Kepler,Kepler Quarter 09,,2011,1
science,Kepler,Kepler,Kepler,Kepler,KEPLER,OPTICAL,kplr010666592,,kplr010666592_lc_Q111111111111111111,292.24728000000005,47.969519,timeseries,William Borucki,2,54953.02777777778,56423.510416666664,1800.0,OPTICAL,418.4,905.0,Overlap of EX and STKS,nan,EX_STKS,Kepler,,POLYGON ICRS 292.24396109 47.97174100 292.24396138 47.96729700 292.25059862 47.96729700 292.25059891 47.97174100,http://archive.stsci.edu/missions/kepler/previews/0106/010666592/kplr010666592-2013098041711_llc_bw_large.png,http://archive.stsci.edu/missions/kepler/lightcurves/0106/010666592/kplr010666592_lc_Q111111111111111111.tar,PUBLIC,,5885.0,433484,660362,418.4,905.0,660362,0.0,1800,433484,Kepler,timeseries,Lightcurve Long Cadence (CLC) - Q10,C,mast:KEPLER/url/missions/kepler/lightcurves/0106/010666592/kplr010666592-2011271113734_llc.fits,SCIENCE,Minimum Recommended Products,LLC,,Kepler,,EX_STKS,kplr010666592-2011271113734_llc.fits,486720,433484,PUBLIC,2,KEPLER,Kepler,Kepler Quarter 10,,2011,1
science,Kepler,Kepler,Kepler,Kepler,KEPLER,OPTICAL,kplr010666592,,kplr010666592_sc_Q113333333333333332,292.24728000000005,47.969519,timeseries,William Borucki,2,54953.02777777778,56423.510416666664,60.0,OPTICAL,418.4,905.0,Overlap of EX and STKS,nan,EX_STKS,Kepler,,POLYGON ICRS 292.24396109 47.97174100 292.24396138 47.96729700 292.25059862 47.96729700 292.25059891 47.97174100,http://archive.stsci.edu/missions/kepler/previews/0106/010666592/kplr010666592-2013017113907_slc_bw_large.png,http://archive.stsci.edu/missions/kepler/lightcurves/0106/010666592/kplr010666592_sc_Q113333333333333332.tar,PUBLIC,,5885.0,601740,828618,418.4,905.0,828618,0.0,60,601740,Kepler,timeseries,Lightcurve Short Cadence (CSC) - Q11,C,mast:KEPLER/url/missions/kepler/lightcurves/0106/010666592/kplr010666592-2012004120508_slc.fits,SCIENCE,Minimum Recommended Products,SLC,,Kepler,,EX_STKS,kplr010666592-2012004120508_slc.fits,5054400,601740,PUBLIC,2,KEPLER,Kepler,Kepler Quarter 11,,2012,1
science,Kepler,Kepler,Kepler,Kepler,KEPLER,OPTICAL,kplr010666592,,kplr010666592_sc_Q113333333333333332,292.24728000000005,47.969519,timeseries,William Borucki,2,54953.02777777778,56423.510416666664,60.0,OPTICAL,418.4,905.0,Overlap of EX and STKS,nan,EX_STKS,Kepler,,POLYGON ICRS 292.24396109 47.97174100 292.24396138 47.96729700 292.25059862 47.96729700 292.25059891 47.97174100,http://archive.stsci.edu/missions/kepler/previews/0106/010666592/kplr010666592-2013017113907_slc_bw_large.png,http://archive.stsci.edu/missions/kepler/lightcurves/0106/010666592/kplr010666592_sc_Q113333333333333332.tar,PUBLIC,,5885.0,601740,828618,418.4,905.0,828618,0.0,60,601740,Kepler,timeseries,Lightcurve Short Cadence (CSC) - Q12,C,mast:KEPLER/url/missions/kepler/lightcurves/0106/010666592/kplr010666592-2012088054726_slc.fits,SCIENCE,Minimum Recommended Products,SLC,,Kepler,,EX_STKS,kplr010666592-2012088054726_slc.fits,4014720,601740,PUBLIC,2,KEPLER,Kepler,Kepler Quarter 12,,2012,1
science,Kepler,Kepler,Kepler,Kepler,KEPLER,OPTICAL,kplr010666592,,kplr010666592_sc_Q113333333333333332,292.24728000000005,47.969519,timeseries,William Borucki,2,54953.02777777778,56423.510416666664,60.0,OPTICAL,418.4,905.0,Overlap of EX and STKS,nan,EX_STKS,Kepler,,POLYGON ICRS 292.24396109 47.97174100 292.24396138 47.96729700 292.25059862 47.96729700 292.25059891 47.97174100,http://archive.stsci.edu/missions/kepler/previews/0106/010666592/kplr010666592-2013017113907_slc_bw_large.png,http://archive.stsci.edu/missions/kepler/lightcurves/0106/010666592/kplr010666592_sc_Q113333333333333332.tar,PUBLIC,,5885.0,601740,828618,418.4,905.0,828618,0.0,60,601740,Kepler,timeseries,Lightcurve Short Cadence (CSC) - Q12,C,mast:KEPLER/url/missions/kepler/lightcurves/0106/010666592/kplr010666592-2012060035710_slc.fits,SCIENCE,Minimum Recommended Products,SLC,,Kepler,,EX_STKS,kplr010666592-2012060035710_slc.fits,4049280,601740,PUBLIC,2,KEPLER,Kepler,Kepler Quarter 12,,2012,1
science,Kepler,Kepler,Kepler,Kepler,KEPLER,OPTICAL,kplr010666592,,kplr010666592_sc_Q113333333333333332,292.24728000000005,47.969519,timeseries,William Borucki,2,54953.02777777778,56423.510416666664,60.0,OPTICAL,418.4,905.0,Overlap of EX and STKS,nan,EX_STKS,Kepler,,POLYGON ICRS 292.24396109 47.97174100 292.24396138 47.96729700 292.25059862 47.96729700 292.25059891 47.97174100,http://archive.stsci.edu/missions/kepler/previews/0106/010666592/kplr010666592-2013017113907_slc_bw_large.png,http://archive.stsci.edu/missions/kepler/lightcurves/0106/010666592/kplr010666592_sc_Q113333333333333332.tar,PUBLIC,,5885.0,601740,828618,418.4,905.0,828618,0.0,60,601740,Kepler,timeseries,Lightcurve Short Cadence (CSC) - Q12,C,mast:KEPLER/url/missions/kepler/lightcurves/0106/010666592/kplr010666592-2012032013838_slc.fits,SCIENCE,Minimum Recommended Products,SLC,,Kepler,,EX_STKS,kplr010666592-2012032013838_slc.fits,3922560,601740,PUBLIC,2,KEPLER,Kepler,Kepler Quarter 12,,2012,1
science,Kepler,Kepler,Kepler,Kepler,KEPLER,OPTICAL,kplr010666592,,kplr010666592_sc_Q113333333333333332,292.24728000000005,47.969519,timeseries,William Borucki,2,54953.02777777778,56423.510416666664,60.0,OPTICAL,418.4,905.0,Overlap of EX and STKS,nan,EX_STKS,Kepler,,POLYGON ICRS 292.24396109 47.97174100 292.24396138 47.96729700 292.25059862 47.96729700 292.25059891 47.97174100,http://archive.stsci.edu/missions/kepler/previews/0106/010666592/kplr010666592-2013017113907_slc_bw_large.png,http://archive.stsci.edu/missions/kepler/lightcurves/0106/010666592/kplr010666592_sc_Q113333333333333332.tar,PUBLIC,,5885.0,601740,828618,418.4,905.0,828618,0.0,60,601740,Kepler,timeseries,Lightcurve Short Cadence (CSC) - Q13,C,mast:KEPLER/url/missions/kepler/lightcurves/0106/010666592/kplr010666592-2012179063303_slc.fits,SCIENCE,Minimum Recommended Products,SLC,,Kepler,,EX_STKS,kplr010666592-2012179063303_slc.fits,4029120,601740,PUBLIC,2,KEPLER,Kepler,Kepler Quarter 13,,2012,1
science,Kepler,Kepler,Kepler,Kepler,KEPLER,OPTICAL,kplr010666592,,kplr010666592_sc_Q113333333333333332,292.24728000000005,47.969519,timeseries,William Borucki,2,54953.02777777778,56423.510416666664,60.0,OPTICAL,418.4,905.0,Overlap of EX and STKS,nan,EX_STKS,Kepler,,POLYGON ICRS 292.24396109 47.97174100 292.24396138 47.96729700 292.25059862 47.96729700 292.25059891 47.97174100,http://archive.stsci.edu/missions/kepler/previews/0106/010666592/kplr010666592-2013017113907_slc_bw_large.png,http://archive.stsci.edu/missions/kepler/lightcurves/0106/010666592/kplr010666592_sc_Q113333333333333332.tar,PUBLIC,,5885.0,601740,828618,418.4,905.0,828618,0.0,60,601740,Kepler,timeseries,Lightcurve Short Cadence (CSC) - Q13,C,mast:KEPLER/url/missions/kepler/lightcurves/0106/010666592/kplr010666592-2012121044856_slc.fits,SCIENCE,Minimum Recommended Products,SLC,,Kepler,,EX_STKS,kplr010666592-2012121044856_slc.fits,4766400,601740,PUBLIC,2,KEPLER,Kepler,Kepler Quarter 13,,2012,1
science,Kepler,Kepler,Kepler,Kepler,KEPLER,OPTICAL,kplr010666592,,kplr010666592_sc_Q113333333333333332,292.24728000000005,47.969519,timeseries,William Borucki,2,54953.02777777778,56423.510416666664,60.0,OPTICAL,418.4,905.0,Overlap of EX and STKS,nan,EX_STKS,Kepler,,POLYGON ICRS 292.24396109 47.97174100 292.24396138 47.96729700 292.25059862 47.96729700 292.25059891 47.97174100,http://archive.stsci.edu/missions/kepler/previews/0106/010666592/kplr010666592-2013017113907_slc_bw_large.png,http://archive.stsci.edu/missions/kepler/lightcurves/0106/010666592/kplr010666592_sc_Q113333333333333332.tar,PUBLIC,,5885.0,601740,828618,418.4,905.0,828618,0.0,60,601740,Kepler,timeseries,Lightcurve Short Cadence (CSC) - Q13,C,mast:KEPLER/url/missions/kepler/lightcurves/0106/010666592/kplr010666592-2012151031540_slc.fits,SCIENCE,Minimum Recommended Products,SLC,,Kepler,,EX_STKS,kplr010666592-2012151031540_slc.fits,4322880,601740,PUBLIC,2,KEPLER,Kepler,Kepler Quarter 13,,2012,1
science,Kepler,Kepler,Kepler,Kepler,KEPLER,OPTICAL,kplr010666592,,kplr010666592_sc_Q113333333333333332,292.24728000000005,47.969519,timeseries,William Borucki,2,54953.02777777778,56423.510416666664,60.0,OPTICAL,418.4,905.0,Overlap of EX and STKS,nan,EX_STKS,Kepler,,POLYGON ICRS 292.24396109 47.97174100 292.24396138 47.96729700 292.25059862 47.96729700 292.25059891 47.97174100,http://archive.stsci.edu/missions/kepler/previews/0106/010666592/kplr010666592-2013017113907_slc_bw_large.png,http://archive.stsci.edu/missions/kepler/lightcurves/0106/010666592/kplr010666592_sc_Q113333333333333332.tar,PUBLIC,,5885.0,601740,828618,418.4,905.0,828618,0.0,60,601740,Kepler,timeseries,Lightcurve Short Cadence (CSC) - Q14,C,mast:KEPLER/url/missions/kepler/lightcurves/0106/010666592/kplr010666592-2012242122129_slc.fits,SCIENCE,Minimum Recommended Products,SLC,,Kepler,,EX_STKS,kplr010666592-2012242122129_slc.fits,4458240,601740,PUBLIC,2,KEPLER,Kepler,Kepler Quarter 14,,2012,1
science,Kepler,Kepler,Kepler,Kepler,KEPLER,OPTICAL,kplr010666592,,kplr010666592_sc_Q113333333333333332,292.24728000000005,47.969519,timeseries,William Borucki,2,54953.02777777778,56423.510416666664,60.0,OPTICAL,418.4,905.0,Overlap of EX and STKS,nan,EX_STKS,Kepler,,POLYGON ICRS 292.24396109 47.97174100 292.24396138 47.96729700 292.25059862 47.96729700 292.25059891 47.97174100,http://archive.stsci.edu/missions/kepler/previews/0106/010666592/kplr010666592-2013017113907_slc_bw_large.png,http://archive.stsci.edu/missions/kepler/lightcurves/0106/010666592/kplr010666592_sc_Q113333333333333332.tar,PUBLIC,,5885.0,601740,828618,418.4,905.0,828618,0.0,60,601740,Kepler,timeseries,Lightcurve Short Cadence (CSC) - Q14,C,mast:KEPLER/url/missions/kepler/lightcurves/0106/010666592/kplr010666592-2012277125453_slc.fits,SCIENCE,Minimum Recommended Products,SLC,,Kepler,,EX_STKS,kplr010666592-2012277125453_slc.fits,5045760,601740,PUBLIC,2,KEPLER,Kepler,Kepler Quarter 14,,2012,1
science,Kepler,Kepler,Kepler,Kepler,KEPLER,OPTICAL,kplr010666592,,kplr010666592_sc_Q113333333333333332,292.24728000000005,47.969519,timeseries,William Borucki,2,54953.02777777778,56423.510416666664,60.0,OPTICAL,418.4,905.0,Overlap of EX and STKS,nan,EX_STKS,Kepler,,POLYGON ICRS 292.24396109 47.97174100 292.24396138 47.96729700 292.25059862 47.96729700 292.25059891 47.97174100,http://archive.stsci.edu/missions/kepler/previews/0106/010666592/kplr010666592-2013017113907_slc_bw_large.png,http://archive.stsci.edu/missions/kepler/lightcurves/0106/010666592/kplr010666592_sc_Q113333333333333332.tar,PUBLIC,,5885.0,601740,828618,418.4,905.0,828618,0.0,60,601740,Kepler,timeseries,Lightcurve Short Cadence (CSC) - Q14,C,mast:KEPLER/url/missions/kepler/lightcurves/0106/010666592/kplr010666592-2012211050319_slc.fits,SCIENCE,Minimum Recommended Products,SLC,,Kepler,,EX_STKS,kplr010666592-2012211050319_slc.fits,4561920,601740,PUBLIC,2,KEPLER,Kepler,Kepler Quarter 14,,2012,1
science,Kepler,Kepler,Kepler,Kepler,KEPLER,OPTICAL,kplr010666592,,kplr010666592_sc_Q113333333333333332,292.24728000000005,47.969519,timeseries,William Borucki,2,54953.02777777778,56423.510416666664,60.0,OPTICAL,418.4,905.0,Overlap of EX and STKS,nan,EX_STKS,Kepler,,POLYGON ICRS 292.24396109 47.97174100 292.24396138 47.96729700 292.25059862 47.96729700 292.25059891 47.97174100,http://archive.stsci.edu/missions/kepler/previews/0106/010666592/kplr010666592-2013017113907_slc_bw_large.png,http://archive.stsci.edu/missions/kepler/lightcurves/0106/010666592/kplr010666592_sc_Q113333333333333332.tar,PUBLIC,,5885.0,601740,828618,418.4,905.0,828618,0.0,60,601740,Kepler,timeseries,Lightcurve Short Cadence (CSC) - Q15,C,mast:KEPLER/url/missions/kepler/lightcurves/0106/010666592/kplr010666592-2012341132017_slc.fits,SCIENCE,Minimum Recommended Products,SLC,,Kepler,,EX_STKS,kplr010666592-2012341132017_slc.fits,4452480,601740,PUBLIC,2,KEPLER,Kepler,Kepler Quarter 15,,2012,1
science,Kepler,Kepler,Kepler,Kepler,KEPLER,OPTICAL,kplr010666592,,kplr010666592_sc_Q113333333333333332,292.24728000000005,47.969519,timeseries,William Borucki,2,54953.02777777778,56423.510416666664,60.0,OPTICAL,418.4,905.0,Overlap of EX and STKS,nan,EX_STKS,Kepler,,POLYGON ICRS 292.24396109 47.97174100 292.24396138 47.96729700 292.25059862 47.96729700 292.25059891 47.97174100,http://archive.stsci.edu/missions/kepler/previews/0106/010666592/kplr010666592-2013017113907_slc_bw_large.png,http://archive.stsci.edu/missions/kepler/lightcurves/0106/010666592/kplr010666592_sc_Q113333333333333332.tar,PUBLIC,,5885.0,601740,828618,418.4,905.0,828618,0.0,60,601740,Kepler,timeseries,Lightcurve Short Cadence (CSC) - Q15,C,mast:KEPLER/url/missions/kepler/lightcurves/0106/010666592/kplr010666592-2012310112549_slc.fits,SCIENCE,Minimum Recommended Products,SLC,,Kepler,,EX_STKS,kplr010666592-2012310112549_slc.fits,4556160,601740,PUBLIC,2,KEPLER,Kepler,Kepler Quarter 15,,2012,1
science,Kepler,Kepler,Kepler,Kepler,KEPLER,OPTICAL,kplr010666592,,kplr010666592_lc_Q111111111111111111,292.24728000000005,47.969519,timeseries,William Borucki,2,54953.02777777778,56423.510416666664,1800.0,OPTICAL,418.4,905.0,Overlap of EX and STKS,nan,EX_STKS,Kepler,,POLYGON ICRS 292.24396109 47.97174100 292.24396138 47.96729700 292.25059862 47.96729700 292.25059891 47.97174100,http://archive.stsci.edu/missions/kepler/previews/0106/010666592/kplr010666592-2013098041711_llc_bw_large.png,http://archive.stsci.edu/missions/kepler/lightcurves/0106/010666592/kplr010666592_lc_Q111111111111111111.tar,PUBLIC,,5885.0,433484,660362,418.4,905.0,660362,0.0,1800,433484,Kepler,timeseries,Lightcurve Long Cadence (CLC) - Q11,C,mast:KEPLER/url/missions/kepler/lightcurves/0106/010666592/kplr010666592-2012004120508_llc.fits,SCIENCE,Minimum Recommended Products,LLC,,Kepler,,EX_STKS,kplr010666592-2012004120508_llc.fits,506880,433484,PUBLIC,2,KEPLER,Kepler,Kepler Quarter 11,,2012,1
science,Kepler,Kepler,Kepler,Kepler,KEPLER,OPTICAL,kplr010666592,,kplr010666592_lc_Q111111111111111111,292.24728000000005,47.969519,timeseries,William Borucki,2,54953.02777777778,56423.510416666664,1800.0,OPTICAL,418.4,905.0,Overlap of EX and STKS,nan,EX_STKS,Kepler,,POLYGON ICRS 292.24396109 47.97174100 292.24396138 47.96729700 292.25059862 47.96729700 292.25059891 47.97174100,http://archive.stsci.edu/missions/kepler/previews/0106/010666592/kplr010666592-2013098041711_llc_bw_large.png,http://archive.stsci.edu/missions/kepler/lightcurves/0106/010666592/kplr010666592_lc_Q111111111111111111.tar,PUBLIC,,5885.0,433484,660362,418.4,905.0,660362,0.0,1800,433484,Kepler,timeseries,Lightcurve Long Cadence (CLC) - Q12,C,mast:KEPLER/url/missions/kepler/lightcurves/0106/010666592/kplr010666592-2012088054726_llc.fits,SCIENCE,Minimum Recommended Products,LLC,,Kepler,,EX_STKS,kplr010666592-2012088054726_llc.fits,434880,433484,PUBLIC,2,KEPLER,Kepler,Kepler Quarter 12,,2012,1
science,Kepler,Kepler,Kepler,Kepler,KEPLER,OPTICAL,kplr010666592,,kplr010666592_lc_Q111111111111111111,292.24728000000005,47.969519,timeseries,William Borucki,2,54953.02777777778,56423.510416666664,1800.0,OPTICAL,418.4,905.0,Overlap of EX and STKS,nan,EX_STKS,Kepler,,POLYGON ICRS 292.24396109 47.97174100 292.24396138 47.96729700 292.25059862 47.96729700 292.25059891 47.97174100,http://archive.stsci.edu/missions/kepler/previews/0106/010666592/kplr010666592-2013098041711_llc_bw_large.png,http://archive.stsci.edu/missions/kepler/lightcurves/0106/010666592/kplr010666592_lc_Q111111111111111111.tar,PUBLIC,,5885.0,433484,660362,418.4,905.0,660362,0.0,1800,433484,Kepler,timeseries,Lightcurve Long Cadence (CLC) - Q13,C,mast:KEPLER/url/missions/kepler/lightcurves/0106/010666592/kplr010666592-2012179063303_llc.fits,SCIENCE,Minimum Recommended Products,LLC,,Kepler,,EX_STKS,kplr010666592-2012179063303_llc.fits,472320,433484,PUBLIC,2,KEPLER,Kepler,Kepler Quarter 13,,2012,1
science,Kepler,Kepler,Kepler,Kepler,KEPLER,OPTICAL,kplr010666592,,kplr010666592_lc_Q111111111111111111,292.24728000000005,47.969519,timeseries,William Borucki,2,54953.02777777778,56423.510416666664,1800.0,OPTICAL,418.4,905.0,Overlap of EX and STKS,nan,EX_STKS,Kepler,,POLYGON ICRS 292.24396109 47.97174100 292.24396138 47.96729700 292.25059862 47.96729700 292.25059891 47.97174100,http://archive.stsci.edu/missions/kepler/previews/0106/010666592/kplr010666592-2013098041711_llc_bw_large.png,http://archive.stsci.edu/missions/kepler/lightcurves/0106/010666592/kplr010666592_lc_Q111111111111111111.tar,PUBLIC,,5885.0,433484,660362,418.4,905.0,660362,0.0,1800,433484,Kepler,timeseries,Lightcurve Long Cadence (CLC) - Q14,C,mast:KEPLER/url/missions/kepler/lightcurves/0106/010666592/kplr010666592-2012277125453_llc.fits,SCIENCE,Minimum Recommended Products,LLC,,Kepler,,EX_STKS,kplr010666592-2012277125453_llc.fits,506880,433484,PUBLIC,2,KEPLER,Kepler,Kepler Quarter 14,,2012,1
science,Kepler,Kepler,Kepler,Kepler,KEPLER,OPTICAL,kplr010666592,,kplr010666592_sc_Q113333333333333332,292.24728000000005,47.969519,timeseries,William Borucki,2,54953.02777777778,56423.510416666664,60.0,OPTICAL,418.4,905.0,Overlap of EX and STKS,nan,EX_STKS,Kepler,,POLYGON ICRS 292.24396109 47.97174100 292.24396138 47.96729700 292.25059862 47.96729700 292.25059891 47.97174100,http://archive.stsci.edu/missions/kepler/previews/0106/010666592/kplr010666592-2013017113907_slc_bw_large.png,http://archive.stsci.edu/missions/kepler/lightcurves/0106/010666592/kplr010666592_sc_Q113333333333333332.tar,PUBLIC,,5885.0,601740,828618,418.4,905.0,828618,0.0,60,601740,Kepler,timeseries,Lightcurve Short Cadence (CSC) - Q15,C,mast:KEPLER/url/missions/kepler/lightcurves/0106/010666592/kplr010666592-2013011073258_slc.fits,SCIENCE,Minimum Recommended Products,SLC,,Kepler,,EX_STKS,kplr010666592-2013011073258_slc.fits,5158080,601740,PUBLIC,2,KEPLER,Kepler,Kepler Quarter 15,,2013,1
science,Kepler,Kepler,Kepler,Kepler,KEPLER,OPTICAL,kplr010666592,,kplr010666592_sc_Q113333333333333332,292.24728000000005,47.969519,timeseries,William Borucki,2,54953.02777777778,56423.510416666664,60.0,OPTICAL,418.4,905.0,Overlap of EX and STKS,nan,EX_STKS,Kepler,,POLYGON ICRS 292.24396109 47.97174100 292.24396138 47.96729700 292.25059862 47.96729700 292.25059891 47.97174100,http://archive.stsci.edu/missions/kepler/previews/0106/010666592/kplr010666592-2013017113907_slc_bw_large.png,http://archive.stsci.edu/missions/kepler/lightcurves/0106/010666592/kplr010666592_sc_Q113333333333333332.tar,PUBLIC,,5885.0,601740,828618,418.4,905.0,828618,0.0,60,601740,Kepler,timeseries,Lightcurve Short Cadence (CSC) - Q16,C,mast:KEPLER/url/missions/kepler/lightcurves/0106/010666592/kplr010666592-2013065031647_slc.fits,SCIENCE,Minimum Recommended Products,SLC,,Kepler,,EX_STKS,kplr010666592-2013065031647_slc.fits,5362560,601740,PUBLIC,2,KEPLER,Kepler,Kepler Quarter 16,,2013,1
science,Kepler,Kepler,Kepler,Kepler,KEPLER,OPTICAL,kplr010666592,,kplr010666592_sc_Q113333333333333332,292.24728000000005,47.969519,timeseries,William Borucki,2,54953.02777777778,56423.510416666664,60.0,OPTICAL,418.4,905.0,Overlap of EX and STKS,nan,EX_STKS,Kepler,,POLYGON ICRS 292.24396109 47.97174100 292.24396138 47.96729700 292.25059862 47.96729700 292.25059891 47.97174100,http://archive.stsci.edu/missions/kepler/previews/0106/010666592/kplr010666592-2013017113907_slc_bw_large.png,http://archive.stsci.edu/missions/kepler/lightcurves/0106/010666592/kplr010666592_sc_Q113333333333333332.tar,PUBLIC,,5885.0,601740,828618,418.4,905.0,828618,0.0,60,601740,Kepler,timeseries,Lightcurve Short Cadence (CSC) - Q16,C,mast:KEPLER/url/missions/kepler/lightcurves/0106/010666592/kplr010666592-2013098041711_slc.fits,SCIENCE,Minimum Recommended Products,SLC,,Kepler,,EX_STKS,kplr010666592-2013098041711_slc.fits,4705920,601740,PUBLIC,2,KEPLER,Kepler,Kepler Quarter 16,,2013,1
science,Kepler,Kepler,Kepler,Kepler,KEPLER,OPTICAL,kplr010666592,,kplr010666592_sc_Q113333333333333332,292.24728000000005,47.969519,timeseries,William Borucki,2,54953.02777777778,56423.510416666664,60.0,OPTICAL,418.4,905.0,Overlap of EX and STKS,nan,EX_STKS,Kepler,,POLYGON ICRS 292.24396109 47.97174100 292.24396138 47.96729700 292.25059862 47.96729700 292.25059891 47.97174100,http://archive.stsci.edu/missions/kepler/previews/0106/010666592/kplr010666592-2013017113907_slc_bw_large.png,http://archive.stsci.edu/missions/kepler/lightcurves/0106/010666592/kplr010666592_sc_Q113333333333333332.tar,PUBLIC,,5885.0,601740,828618,418.4,905.0,828618,0.0,60,601740,Kepler,timeseries,Lightcurve Short Cadence (CSC) - Q16,C,mast:KEPLER/url/missions/kepler/lightcurves/0106/010666592/kplr010666592-2013017113907_slc.fits,SCIENCE,Minimum Recommended Products,SLC,,Kepler,,EX_STKS,kplr010666592-2013017113907_slc.fits,797760,601740,PUBLIC,2,KEPLER,Kepler,Kepler Quarter 16,,2013,1
science,Kepler,Kepler,Kepler,Kepler,KEPLER,OPTICAL,kplr010666592,,kplr010666592_sc_Q113333333333333332,292.24728000000005,47.969519,timeseries,William Borucki,2,54953.02777777778,56423.510416666664,60.0,OPTICAL,418.4,905.0,Overlap of EX and STKS,nan,EX_STKS,Kepler,,POLYGON ICRS 292.24396109 47.97174100 292.24396138 47.96729700 292.25059862 47.96729700 292.25059891 47.97174100,http://archive.stsci.edu/missions/kepler/previews/0106/010666592/kplr010666592-2013017113907_slc_bw_large.png,http://archive.stsci.edu/missions/kepler/lightcurves/0106/010666592/kplr010666592_sc_Q113333333333333332.tar,PUBLIC,,5885.0,601740,828618,418.4,905.0,828618,0.0,60,601740,Kepler,timeseries,Lightcurve Short Cadence (CSC) - Q17,C,mast:KEPLER/url/missions/kepler/lightcurves/0106/010666592/kplr010666592-2013121191144_slc.fits,SCIENCE,Minimum Recommended Products,SLC,,Kepler,,EX_STKS,kplr010666592-2013121191144_slc.fits,3314880,601740,PUBLIC,2,KEPLER,Kepler,Kepler Quarter 17,,2013,1
science,Kepler,Kepler,Kepler,Kepler,KEPLER,OPTICAL,kplr010666592,,kplr010666592_sc_Q113333333333333332,292.24728000000005,47.969519,timeseries,William Borucki,2,54953.02777777778,56423.510416666664,60.0,OPTICAL,418.4,905.0,Overlap of EX and STKS,nan,EX_STKS,Kepler,,POLYGON ICRS 292.24396109 47.97174100 292.24396138 47.96729700 292.25059862 47.96729700 292.25059891 47.97174100,http://archive.stsci.edu/missions/kepler/previews/0106/010666592/kplr010666592-2013017113907_slc_bw_large.png,http://archive.stsci.edu/missions/kepler/lightcurves/0106/010666592/kplr010666592_sc_Q113333333333333332.tar,PUBLIC,,5885.0,601740,828618,418.4,905.0,828618,0.0,60,601740,Kepler,timeseries,Lightcurve Short Cadence (CSC) - Q17,C,mast:KEPLER/url/missions/kepler/lightcurves/0106/010666592/kplr010666592-2013131215648_slc.fits,SCIENCE,Minimum Recommended Products,SLC,,Kepler,,EX_STKS,kplr010666592-2013131215648_slc.fits,648000,601740,PUBLIC,2,KEPLER,Kepler,Kepler Quarter 17,,2013,1
science,Kepler,Kepler,Kepler,Kepler,KEPLER,OPTICAL,kplr010666592,,kplr010666592_lc_Q111111111111111111,292.24728000000005,47.969519,timeseries,William Borucki,2,54953.02777777778,56423.510416666664,1800.0,OPTICAL,418.4,905.0,Overlap of EX and STKS,nan,EX_STKS,Kepler,,POLYGON ICRS 292.24396109 47.97174100 292.24396138 47.96729700 292.25059862 47.96729700 292.25059891 47.97174100,http://archive.stsci.edu/missions/kepler/previews/0106/010666592/kplr010666592-2013098041711_llc_bw_large.png,http://archive.stsci.edu/missions/kepler/lightcurves/0106/010666592/kplr010666592_lc_Q111111111111111111.tar,PUBLIC,,5885.0,433484,660362,418.4,905.0,660362,0.0,1800,433484,Kepler,timeseries,Lightcurve Long Cadence (CLC) - Q15,C,mast:KEPLER/url/missions/kepler/lightcurves/0106/010666592/kplr010666592-2013011073258_llc.fits,SCIENCE,Minimum Recommended Products,LLC,,Kepler,,EX_STKS,kplr010666592-2013011073258_llc.fits,506880,433484,PUBLIC,2,KEPLER,Kepler,Kepler Quarter 15,,2013,1
science,Kepler,Kepler,Kepler,Kepler,KEPLER,OPTICAL,kplr010666592,,kplr010666592_lc_Q111111111111111111,292.24728000000005,47.969519,timeseries,William Borucki,2,54953.02777777778,56423.510416666664,1800.0,OPTICAL,418.4,905.0,Overlap of EX and STKS,nan,EX_STKS,Kepler,,POLYGON ICRS 292.24396109 47.97174100 292.24396138 47.96729700 292.25059862 47.96729700 292.25059891 47.97174100,http://archive.stsci.edu/missions/kepler/previews/0106/010666592/kplr010666592-2013098041711_llc_bw_large.png,http://archive.stsci.edu/missions/kepler/lightcurves/0106/010666592/kplr010666592_lc_Q111111111111111111.tar,PUBLIC,,5885.0,433484,660362,418.4,905.0,660362,0.0,1800,433484,Kepler,timeseries,Lightcurve Long Cadence (CLC) - Q16,C,mast:KEPLER/url/missions/kepler/lightcurves/0106/010666592/kplr010666592-2013098041711_llc.fits,SCIENCE,Minimum Recommended Products,LLC,,Kepler,,EX_STKS,kplr010666592-2013098041711_llc.fits,449280,433484,PUBLIC,2,KEPLER,Kepler,Kepler Quarter 16,,2013,1
science,Kepler,Kepler,Kepler,Kepler,KEPLER,OPTICAL,kplr010666592,,kplr010666592_lc_Q111111111111111111,292.24728000000005,47.969519,timeseries,William Borucki,2,54953.02777777778,56423.510416666664,1800.0,OPTICAL,418.4,905.0,Overlap of EX and STKS,nan,EX_STKS,Kepler,,POLYGON ICRS 292.24396109 47.97174100 292.24396138 47.96729700 292.25059862 47.96729700 292.25059891 47.97174100,http://archive.stsci.edu/missions/kepler/previews/0106/010666592/kplr010666592-2013098041711_llc_bw_large.png,http://archive.stsci.edu/missions/kepler/lightcurves/0106/010666592/kplr010666592_lc_Q111111111111111111.tar,PUBLIC,,5885.0,433484,660362,418.4,905.0,660362,0.0,1800,433484,Kepler,timeseries,Lightcurve Long Cadence (CLC) - Q17,C,mast:KEPLER/url/missions/kepler/lightcurves/0106/010666592/kplr010666592-2013131215648_llc.fits,SCIENCE,Minimum Recommended Products,LLC,,Kepler,,EX_STKS,kplr010666592-2013131215648_llc.fits,187200,433484,PUBLIC,2,KEPLER,Kepler,Kepler Quarter 17,,2013,1
science,HLSP,KBONUS-BKG,Kepler Photometer,Kepler,KEPLER,Optical,Gaia DR3 2129256395211984000,,hlsp_kbonus-bkg_kepler_kepler_kic-010666592_kepler_v1.0,292.2472215089183,47.96953264526678,timeseries,Jorge martinez-Palomera,4,54953.03907252848,56423.50139254052,1765.464,Optical,418.4,905.0,,60151.64557861,N/A,,,CIRCLE 292.2472215089183 47.96953264526678 0.0011111111111111111,,mast:HLSP/kbonus-bkg/lcs/0106/010666592/hlsp_kbonus-bkg_kepler_kepler_kic-010666592_kepler_v1.0_lc.fits,PUBLIC,False,nan,187334952,339076395,418.4,905.0,339076395,0.0,1765,187334952,HLSP,timeseries,FITS,S,mast:HLSP/kbonus-bkg/lcs/0106/010666592/hlsp_kbonus-bkg_kepler_kepler_kic-010666592_kepler_v1.0_lc.fits,SCIENCE,Minimum Recommended Products,,,KBONUS-BKG,V1.0,N/A,hlsp_kbonus-bkg_kepler_kepler_kic-010666592_kepler_v1.0_lc.fits,11517120,187334952,PUBLIC,4,KEPLER,KBONUS-BKG,Kepler Quarter ,,2009,2
science,HLSP,KBONUS-BKG,Kepler Photometer,Kepler,KEPLER,Optical,Gaia DR3 2129256395213382272,,hlsp_kbonus-bkg_kepler_kepler_gaia-dr3-2129256395213382272_kepler_v1.0,292.2488209612546,47.96953375830118,timeseries,Jorge martinez-Palomera,4,54953.03907252848,56423.50139254052,1765.464,Optical,418.4,905.0,,60151.64557861,N/A,,,CIRCLE 292.2488209612546 47.96953375830118 0.0011111111111111111,,mast:HLSP/kbonus-bkg/lcs/2129/2129256395213382272/hlsp_kbonus-bkg_kepler_kepler_gaia-dr3-2129256395213382272_kepler_v1.0_lc.fits,PUBLIC,False,nan,186354729,337421699,418.4,905.0,337421699,0.0,1765,186354729,HLSP,timeseries,FITS,S,mast:HLSP/kbonus-bkg/lcs/2129/2129256395213382272/hlsp_kbonus-bkg_kepler_kepler_gaia-dr3-2129256395213382272_kepler_v1.0_lc.fits,SCIENCE,Minimum Recommended Products,,,KBONUS-BKG,V1.0,N/A,hlsp_kbonus-bkg_kepler_kepler_gaia-dr3-2129256395213382272_kepler_v1.0_lc.fits,11517120,186354729,PUBLIC,4,KEPLER,KBONUS-BKG,Kepler Quarter ,,2009,2
