collected_at_utc,planet_name,host_star,source_url,local_path,file_type,product_type,status,error_message,sha256,file_size_bytes,notes
2026-06-13T21:35:26+00:00,HAT-P-32 b,HAT-P-32,https://var.astro.cz/en/Exoplanets?name=HAT-P-32+b,data/raw/etd_varastro/html_snapshots/hat_p_32_b/catalog_search.html,html,catalog_search_snapshot,skipped_existing,,69e322bf9f565f6c481f6b17223c6c1abd7fa989e59b1b70fb903c2e1778e7b6,26489,
2026-06-13T21:35:29+00:00,HAT-P-32 b,HAT-P-32,https://var.astro.cz/api/Search/Exoplanets?pageId=1&pageSize=20&name=HAT-P-32+b,data/raw/etd_varastro/html_snapshots/hat_p_32_b/catalog_search_results.json,json,catalog_search_api_response,skipped_existing,,e1851dab60245eae1785c0f099f9064c6f1299789520d391d72d65cfd0502706,803,
2026-06-13T21:35:31+00:00,HAT-P-32 b,HAT-P-32,https://var.astro.cz/en/Exoplanets/348,data/raw/etd_varastro/html_snapshots/hat_p_32_b/planet_detail.html,html,planet_detail_snapshot,skipped_existing,,b72b7dc3c5e7ec104507626e0056e77e8433bf376a2e424378c87ec0e011f836,37338,
2026-06-13T21:35:35+00:00,HAT-P-32 b,HAT-P-32,https://var.astro.cz/api/OcGate/Exoplanets/348,data/raw/etd_varastro/extracted_metadata/hat_p_32_b/observations_raw.json,json,public_transit_observations_api_response,downloaded,,6eb3d9ce9f7ea8c5080b4604aa5e4c55e0ead45068113de49768d03d3d24135e,96433,
2026-06-13T21:35:35+00:00,HAT-P-32 b,HAT-P-32,https://var.astro.cz/en/Exoplanets/348,data/raw/etd_varastro/extracted_metadata/hat_p_32_b/observations_api_181bc6ffcd20.csv,csv,extracted_public_metadata,downloaded,,181bc6ffcd20ae908659a3cf9ade1cd8207266aae82ce3fdb185060236ebc8f6,152172,212 HTML table rows extracted.
2026-06-13T21:35:38+00:00,HAT-P-32 b,HAT-P-32,https://var.astro.cz/api/charts/observation/111341?origrawheader=true&airmass=true&v=639003161440565230&transid=22572,data/raw/etd_varastro/downloaded_lightcurves/hat_p_32_b/01_observation_111341_transit_22572.json,json,ground_based_light_curve_api_json,downloaded,,e0179bff5305390879b178ca35973a3a9100165a9c595b1529cd8e124eb23164,47539,Public API response used by the VarAstro observation chart; not converted to CSV or altered.
2026-06-13T21:35:41+00:00,HAT-P-32 b,HAT-P-32,https://var.astro.cz/api/charts/observation/111051?origrawheader=true&airmass=true&v=&transid=22462,data/raw/etd_varastro/downloaded_lightcurves/hat_p_32_b/02_observation_111051_transit_22462.json,json,ground_based_light_curve_api_json,downloaded,,c0b6ad69e73a3d75215426a1409a2396b1459bfeec2249e718564a99af1c7074,103637,Public API response used by the VarAstro observation chart; not converted to CSV or altered.
2026-06-13T21:35:44+00:00,HAT-P-32 b,HAT-P-32,https://var.astro.cz/api/charts/observation/110849?origrawheader=true&airmass=true&v=&transid=22316,data/raw/etd_varastro/downloaded_lightcurves/hat_p_32_b/03_observation_110849_transit_22316.json,json,ground_based_light_curve_api_json,downloaded,,474b6e85e23ce7346feeb44198f6a4970bae133320ccb58363c66db95e9380d0,78340,Public API response used by the VarAstro observation chart; not converted to CSV or altered.
2026-06-13T21:35:47+00:00,HAT-P-32 b,HAT-P-32,https://var.astro.cz/api/charts/observation/107460?origrawheader=true&airmass=true&v=&transid=20719,data/raw/etd_varastro/downloaded_lightcurves/hat_p_32_b/04_observation_107460_transit_20719.json,json,ground_based_light_curve_api_json,downloaded,,a1ae40c82b10fc9d9326db259bd309a9a95741cadaebde39e5d18a87ebcb8b2d,184791,Public API response used by the VarAstro observation chart; not converted to CSV or altered.
2026-06-13T21:35:48+00:00,HAT-P-32 b,HAT-P-32,https://var.astro.cz/api/charts/observation/107204?origrawheader=true&airmass=true&v=&transid=20550,data/raw/etd_varastro/downloaded_lightcurves/hat_p_32_b/05_observation_107204_transit_20550.json,json,ground_based_light_curve_api_json,downloaded,,19ba16d5c2caf304e03250876e1cf6ef1cdf8f06a96cfec80a0adfb730f6a736,48219,Public API response used by the VarAstro observation chart; not converted to CSV or altered.
2026-06-13T21:35:48+00:00,HAT-P-32 b,HAT-P-32,https://var.astro.cz/en/Exoplanets/348,data/raw/etd_varastro/extracted_metadata/hat_p_32_b/notes_api_d275db8aede2.md,md,collection_notes,downloaded,,d275db8aede2eb42fa307f49155c15fb7730a17201ef73ac9fe70d5393fb067e,877,
