parameter,mean,sd,hdi94_lb,hdi94_ub,ess_bulk,ess_tail,r_hat,mcse_mean,mcse_sd
baseline,1.00011323,6.446e-05,0.99999212,1.00023808,2484.2339732,2317.6342667,1.00021308,1.3e-06,9.2e-07
r,0.02388093,0.01392254,0.00603975,0.05661747,1636.56303823,2226.67573328,1.00002681,0.0003291,0.00043486
b,0.56555108,0.30427531,0.03342568,0.98453141,2198.08002062,1915.01998359,1.00111287,0.00617547,0.00271053
a,30.63853536,12.32612591,7.02079682,48.85130415,2487.71816629,2266.56407165,1.00124896,0.23302444,0.12126036
t0,-0.00339333,0.02112421,-0.04613052,0.03139561,1179.0683234,994.53418986,1.00245846,0.00069921,0.00059207
q1,0.5054634,0.28703518,0.03169522,0.96844221,2289.59972623,1906.87077884,1.00093192,0.00585963,0.00266064
q2,0.50485566,0.28768067,0.02869405,0.96936514,2447.37410241,1838.48124976,1.00347601,0.00527824,0.00237051
extra_sigma,0.00027748,0.00010534,5.921e-05,0.00045881,1888.30156043,1197.30181637,1.00270422,2.53e-06,1.66e-06
depth,0.00076414,0.00105724,3.648e-05,0.00320554,1636.56303823,2226.67573328,1.00002681,2.32e-05,8.343e-05
full_duration,0.01054286,0.01015179,0.00292225,0.03234937,2743.65286711,2947.69157061,1.00144204,0.00019618,0.0006384
