job_id,replicate_id,status,historical_gate_status,diagnostics,worker_wall_seconds,numeric_available,interpretation
PUB-04__long_segment_offsets_numerical__baseline_standardized__rep_0000,rep_0000,PLANNED,{},{},,False,Sampler-passing output still requires claim-specific predictive/physical evaluation.
PUB-04__long_segment_offsets_numerical__baseline_standardized__rep_0001,rep_0001,PLANNED,{},{},,False,Sampler-passing output still requires claim-specific predictive/physical evaluation.
PUB-04__long_segment_offsets_numerical__baseline_standardized__rep_0002,rep_0002,PLANNED,{},{},,False,Sampler-passing output still requires claim-specific predictive/physical evaluation.
PUB-04__long_segment_offsets_numerical__baseline_high_accuracy__rep_0000,rep_0000,PLANNED,{},{},,False,Sampler-passing output still requires claim-specific predictive/physical evaluation.
PUB-04__long_segment_offsets_numerical__baseline_high_accuracy__rep_0001,rep_0001,PLANNED,{},{},,False,Sampler-passing output still requires claim-specific predictive/physical evaluation.
PUB-04__long_segment_offsets_numerical__baseline_high_accuracy__rep_0002,rep_0002,PLANNED,{},{},,False,Sampler-passing output still requires claim-specific predictive/physical evaluation.
PUB-04__long_segment_offsets_numerical__exposure_off_high_accuracy__rep_0000,rep_0000,PLANNED,{},{},,False,Sampler-passing output still requires claim-specific predictive/physical evaluation.
PUB-04__long_segment_offsets_numerical__exposure_off_high_accuracy__rep_0001,rep_0001,PLANNED,{},{},,False,Sampler-passing output still requires claim-specific predictive/physical evaluation.
PUB-04__long_segment_offsets_numerical__exposure_off_high_accuracy__rep_0002,rep_0002,PLANNED,{},{},,False,Sampler-passing output still requires claim-specific predictive/physical evaluation.
