pl_name,hostname,discoverymethod,disc_facility,pl_orbper,pl_orbpererr1,pl_orbpererr2,pl_tranmid,pl_tranmiderr1,pl_tranmiderr2,pl_trandur,pl_trandurerr1,pl_trandurerr2,pl_trandep,pl_trandeperr1,pl_trandeperr2,pl_rade,pl_radeerr1,pl_radeerr2,pl_radj,st_rad,st_raderr1,st_raderr2,st_teff,st_mass,sy_dist,rowupdate,releasedate
"WASP-12 b","WASP-12","Transit","SuperWASP",1.09141866569,0.00000001659,-0.00000001659,2459550.24314946,0.00004447,-0.00004447,,,,,,,,,,,,,,,,427.24600000,"2026-03-12","2025-12-18"
"WASP-12 b","WASP-12","Transit","SuperWASP",1.09141990000,0.00000020000,-0.00000020000,2454508.97824000,0.00027000,-0.00027000,,,,,,,20.38917100,1.59167800,-1.59167800,1.81900000,1.570000,0.070000,-0.070000,6300.00,1.350000,427.24600000,"2019-11-01","2019-11-07"
"WASP-12 b","WASP-12","Transit","SuperWASP",1.09141964000,0.00000004000,-0.00000004000,2456594.68160000,0.00004000,-0.00004000,,,,,,,,,,,1.570000,0.070000,,6300.00,1.350000,427.24600000,"2022-01-24","2022-01-24"
"WASP-12 b","WASP-12","Transit","SuperWASP",1.09142220000,0.00000110000,-0.00000110000,,,,,,,,,,20.45642500,1.05364600,-1.05364600,1.82500000,1.619000,0.079000,-0.079000,6250.00,1.380000,427.24600000,"2019-07-08","2016-01-14"
"WASP-12 b","WASP-12","Transit","SuperWASP",1.09142300000,0.00000300000,-0.00000300000,2454508.97610000,0.00020000,-0.00020000,2.9280000,0.0240000,-0.0240000,1.38000000,0.02000000,-0.02000000,20.10000000,1.00000000,-1.00000000,1.79000000,1.570000,0.070000,,6300.00,1.350000,427.24600000,"2019-07-08","2014-05-14"
"WASP-12 b","WASP-12","Transit","SuperWASP",1.09142119000,0.00000021000,-0.00000021000,2455147.45820000,0.00013000,-0.00013000,,,,,,,20.84874000,1.00881000,-1.00881000,1.86000000,,,,6300.00,,427.24600000,"2019-07-08","2016-03-31"
"WASP-12 b","WASP-12","Transit","SuperWASP",1.09142090000,0.00000020000,-0.00000020000,2454508.97718000,0.00022000,-0.00022000,,,,,,,20.45642500,1.02001900,-1.02001900,1.82500000,1.619000,0.076000,-0.076000,6250.00,1.380000,427.24600000,"2019-07-08","2019-03-21"
"WASP-12 b","WASP-12","Transit","SuperWASP",1.09142162000,0.00000021000,-0.00000021000,2454508.97696000,0.00016000,-0.00016000,,,,,,,,,,,1.749420,0.068061,-0.094260,6154.00,1.170000,427.24600000,"2019-07-08","2016-08-18"
"WASP-12 b","WASP-12","Transit","SuperWASP",,,,,,,,,,,,,,,,,1.749420,0.068061,-0.094260,6154.00,1.170000,427.24600000,"2019-07-08","2016-10-13"
"WASP-12 b","WASP-12","Transit","SuperWASP",1.09142245000,0.00000033000,-0.00000033000,,,,,,,1.40000000,0.01600000,-0.01600000,20.40038000,2.35389000,-2.35389000,1.82000000,1.590000,0.180000,-0.180000,6300.00,1.200000,427.24600000,"2019-07-08","2018-12-06"
"WASP-12 b","WASP-12","Transit","SuperWASP",1.09142000000,0.00000014432,-0.00000014432,,,,3.0408000,0.0021600,-0.0120000,,,,21.71183300,0.62770400,-0.62770400,1.93700000,1.657000,0.046000,-0.046000,6360.00,1.434000,427.24600000,"2019-07-08","2019-07-11"
"WASP-12 b","WASP-12","Transit","SuperWASP",1.09141917900,0.00000004300,-0.00000004300,2457036.70617700,0.00005500,-0.00005500,,,,,,,,,,,1.570000,0.070000,,6300.00,1.350000,427.24600000,"2024-03-04","2024-03-04"
"WASP-12 b","WASP-12","Transit","SuperWASP",,,,2454508.97605000,0.00146000,-0.00146000,3.0010000,0.0370000,-0.0370000,,,,,,,,,,,,,427.24600000,"2019-12-02","2019-12-05"
"WASP-12 b","WASP-12","Transit","SuperWASP",1.09143044696,0.00000021365,-0.00000021365,2458842.99715900,0.00005596,-0.00005596,3.0512300,0.0075596,-0.0075596,1.53777921,0.00387909,-0.00387909,22.61545551,1.05011680,-1.05011680,2.01761927,1.749420,0.081161,-0.081161,6154.00,,427.24600000,"2024-12-10","2024-12-10"
"WASP-12 b","WASP-12","Transit","SuperWASP",1.09141890100,0.00000001800,-0.00000001800,2457607.51930500,0.00003200,-0.00003200,3.0010000,0.0043000,-0.0043000,,,,22.02564708,0.98639030,-0.97518132,1.96500000,1.690000,0.019000,-0.018000,6265.00,1.325000,427.24600000,"2025-02-12","2025-02-12"
"WASP-12 b","WASP-12","Transit","SuperWASP",,,,,,,,,,,,,,,,,,,,,1.380000,427.24600000,"2019-07-08","2015-10-15"
"WASP-12 b","WASP-12","Transit","SuperWASP",1.09141910800,0.00000005500,-0.00000005500,2457010.51217300,0.00007000,-0.00007000,,,,,,,,,,,,,,,,427.24600000,"2022-10-18","2022-10-18"
"WASP-12 b","WASP-12","Transit","SuperWASP",1.09000000000,,,,,,,,,,,,19.39157000,,,1.73000000,1.749420,0.068061,-0.094260,6154.00,1.170000,427.24600000,"2019-07-08","2016-01-14"
"WASP-12 b","WASP-12","Transit","SuperWASP",1.09142030000,0.00000014000,-0.00000014000,2456176.66825800,0.00007765,-0.00007765,2.9959200,0.0105600,-0.0105600,1.38900000,0.01300000,-0.01300000,21.29710000,0.63891300,-0.61649500,1.90000000,1.657000,0.046000,-0.044000,6360.00,1.434000,427.24600000,"2019-07-08","2016-09-15"
