time,phase,segment_id,observed,posterior_mean,predictive_q03,predictive_q97,residual
-0.1499999999999999,-0.15,synthetic_segment_000,0.9995924045022898,1.0000644617723264,0.9988383300337879,1.0012371142585046,-0.0004720572700366299
-0.1291666666666666,-0.1291666666666666,synthetic_segment_000,0.9984866446543103,1.0000644617723264,0.9988933718043879,1.0011840411318622,-0.0015778171180161893
-0.1083333333333333,-0.1083333333333333,synthetic_segment_000,0.9999157962839992,1.0000644617723264,0.9988611863289234,1.001337403310939,-0.0001486654883272598
-0.0874999999999999,-0.0875,synthetic_segment_000,0.9996799515621848,1.0000643836679528,0.9988235552645816,1.001274720764428,-0.0003844321057679956
-0.0666666666666666,-0.0666666666666666,synthetic_segment_000,1.0009040852583229,1.0000634185456334,0.9988716753176539,1.0012564224083522,0.0008406667126894529
-0.0458333333333333,-0.0458333333333333,synthetic_segment_000,1.0004358411981713,1.000050644814748,0.9988339526046291,1.0012756136895735,0.0003851963834233807
-0.0249999999999999,-0.025,synthetic_segment_000,0.9985917059931376,0.999751885559506,0.9984041596914363,1.0011098195535044,-0.00116017956636838
-0.0041666666666666,-0.0041666666666666,synthetic_segment_000,1.0009270589996089,1.0000318678829931,0.9988136361877767,1.001234563061519,0.0008951911166157345
0.0166666666666666,0.0166666666666666,synthetic_segment_000,0.9995268402648452,1.0000493338950445,0.9988126451932757,1.0012688266386267,-0.0005224936301992944
0.0375,0.0374999999999999,synthetic_segment_000,1.0008906634202352,1.0000595080282235,0.9988256354586507,1.0013149084095017,0.0008311553920117287
0.0583333333333333,0.0583333333333333,synthetic_segment_000,0.9998049779574824,1.000063388364437,0.9988539892898675,1.0013153059747386,-0.00025841040695462336
0.0791666666666666,0.0791666666666666,synthetic_segment_000,0.9996921766124552,1.0000636972756172,0.99879036488702,1.0013555387916786,-0.00037152066316192833
0.1,0.0999999999999999,synthetic_segment_000,1.0005249837024193,1.000064425612855,0.9988220715669732,1.0012748157285516,0.0004605580895642447
0.1208333333333333,0.1208333333333333,synthetic_segment_000,1.0011236000582044,1.0000644617723264,0.9987984900470459,1.001350665513069,0.001059138285878003
0.1416666666666666,0.1416666666666666,synthetic_segment_000,0.9987044713418916,1.0000644617723264,0.998803112376186,1.001355221051421,-0.0013599904304348875
0.8499999999999999,-0.1499999999999999,synthetic_segment_000,1.000798497151938,1.0000644617723264,0.9987894352697063,1.0013473008255724,0.0007340353796114751
0.8708333333333332,-0.1291666666666668,synthetic_segment_000,0.9998447094838214,1.0000644617723264,0.9987711473106662,1.001362374844492,-0.00021975228850501516
0.8916666666666665,-0.1083333333333333,synthetic_segment_000,1.0003970764868353,1.0000644617723264,0.9987866616185517,1.001351479731244,0.00033261471450884983
0.9125,-0.0874999999999999,synthetic_segment_000,1.001124398094139,1.0000643836679528,0.9987955752146206,1.0013612903555298,0.0010600144261860844
0.9333333333333332,-0.0666666666666668,synthetic_segment_000,1.000530580603256,1.0000634185456334,0.9988219473367259,1.0013341483412876,0.00046716205762264984
0.9541666666666664,-0.0458333333333333,synthetic_segment_000,1.0000877028824842,1.000050644814748,0.9987349671138251,1.0013572046239387,3.7058067736239764e-05
0.975,-0.0249999999999999,synthetic_segment_000,0.9999449521487556,0.999751885559506,0.998310337636653,1.0011753609444511,0.00019306658924955755
0.9958333333333332,-0.0041666666666668,synthetic_segment_000,0.9998422117020632,1.0000318678829931,0.9987351517799193,1.0013610518388874,-0.0001896561809299202
1.0166666666666666,0.0166666666666666,synthetic_segment_000,1.0007389665651458,1.0000493338950445,0.9987581489603604,1.0013807024807586,0.0006896326701013589
1.0375,0.0375,synthetic_segment_000,1.0004001605046946,1.0000595080282235,0.9987242548769674,1.0014298283453087,0.00034065247647108166
1.0583333333333331,0.0583333333333333,synthetic_segment_000,1.0004603210665362,1.000063388364437,0.9987218549039275,1.0013962582972025,0.0003969327020991731
1.0791666666666666,0.0791666666666666,synthetic_segment_000,0.9996476974332024,1.0000636972756172,0.9986706741260725,1.0015055511337205,-0.0004159998424148048
1.1,0.1,synthetic_segment_000,1.0002046754453504,1.000064425612855,0.998690219642688,1.0014422106484846,0.00014024983249538714
1.1208333333333331,0.1208333333333333,synthetic_segment_000,1.00056579872612,1.0000644617723264,0.9987335598242063,1.0014103007862576,0.0005013369537936185
1.1416666666666666,0.1416666666666666,synthetic_segment_000,0.9996318536784456,1.0000644617723264,0.9986971646076687,1.0014569428337667,-0.000432608093880793
1.85,-0.1499999999999999,synthetic_segment_000,0.999486796845151,1.0000644617723264,0.9986714104656093,1.0014688722068448,-0.0005776649271754808
1.870833333333333,-0.1291666666666668,synthetic_segment_000,1.000813060511763,1.0000644617723264,0.998748209624514,1.0014359188607933,0.0007485987394366678
1.8916666666666664,-0.1083333333333333,synthetic_segment_000,1.0013544575811857,1.0000644617723264,0.9987050997520014,1.0014412332425404,0.0012899958088592456
1.9125,-0.0874999999999999,synthetic_segment_000,0.9993234608397368,1.0000643836679528,0.9987088913794507,1.0014172804974129,-0.0007409228282160285
1.933333333333333,-0.0666666666666668,synthetic_segment_000,1.000545737366504,1.0000634185456334,0.9986496927097805,1.001432584563399,0.00048231882087068634
1.9541666666666664,-0.0458333333333333,synthetic_segment_000,1.0004457016922637,1.000050644814748,0.9986684176531233,1.001448092997373,0.0003950568775157315
1.975,-0.0249999999999999,synthetic_segment_000,0.9988544067394916,0.999751885559506,0.9982789201448273,1.0012509052376939,-0.0008974788200144523
1.995833333333333,-0.0041666666666668,synthetic_segment_000,1.0000312839254863,1.0000318678829931,0.9986351262808604,1.0014338862675731,-5.839575067945191e-07
2.0166666666666666,0.0166666666666666,synthetic_segment_000,0.9989950977842506,1.0000493338950445,0.9986409158286966,1.0014711726525933,-0.0010542361107939158
2.0375,0.0375,synthetic_segment_000,1.0002883078830145,1.0000595080282235,0.99862222852993,1.0014566027257183,0.000228799854790962
2.0583333333333327,0.0583333333333331,synthetic_segment_000,1.0008324048935595,1.000063388364437,0.9986703453159395,1.00147698939833,0.0007690165291225348
2.0791666666666666,0.0791666666666666,synthetic_segment_000,0.9994587570009268,1.0000636972756172,0.9986247275186693,1.001415689481632,-0.0006049402746903798
2.1,0.1,synthetic_segment_000,0.9990198396420068,1.000064425612855,0.9986124691821722,1.0015406540636305,-0.001044585970848222
2.1208333333333327,0.1208333333333331,synthetic_segment_000,0.9996172851277584,1.0000644617723264,0.9986320677038226,1.001527467535921,-0.00044717664456805917
2.1416666666666666,0.1416666666666666,synthetic_segment_000,0.9995460032076796,1.0000644617723264,0.9986250920747567,1.0014882235206817,-0.0005184585646468287
2.85,-0.1499999999999999,synthetic_segment_000,1.0007986085186245,1.0000644617723264,0.9985604944344704,1.001519704775443,0.0007341467462980145
2.8708333333333327,-0.1291666666666668,synthetic_segment_000,1.0002131251969502,1.0000644617723264,0.9986148289714931,1.0015618358425082,0.0001486634246237184
2.8916666666666666,-0.1083333333333333,synthetic_segment_000,1.0000911817552411,1.0000644617723264,0.9985774629682053,1.0015607188529183,2.6719982914702456e-05
2.9125,-0.0874999999999999,synthetic_segment_000,1.0007175161061856,1.0000643836679528,0.9985816633065625,1.0015738315632696,0.0006531324382328396
2.9333333333333327,-0.0666666666666668,synthetic_segment_000,0.9988079058161557,1.0000634185456334,0.9986398575673773,1.001539880008289,-0.0012555127294776591
2.9541666666666666,-0.0458333333333333,synthetic_segment_000,0.9999737475086689,1.000050644814748,0.9985674442691027,1.0015583424400523,-7.689730607907119e-05
2.975,-0.0249999999999999,synthetic_segment_000,0.9997516500788568,0.999751885559506,0.9981843224126914,1.0013118031256303,-2.3548064920220213e-07
2.9958333333333327,-0.0041666666666668,synthetic_segment_000,1.0000986139563643,1.0000318678829931,0.9984696130562419,1.0015498958084468,6.674607337120442e-05
3.0166666666666666,0.0166666666666666,synthetic_segment_000,1.0010510572372922,1.0000493338950445,0.9985305804675015,1.0015461016965883,0.0010017233422476846
3.0375,0.0375,synthetic_segment_000,0.9999047520458128,1.0000595080282235,0.9985156322894592,1.0015620252863904,-0.00015475598241077027
3.0583333333333327,0.0583333333333331,synthetic_segment_000,1.0003477238051393,1.000063388364437,0.9985433758591411,1.0015907752555693,0.0002843354407022769
3.0791666666666666,0.0791666666666666,synthetic_segment_000,0.9995188746026173,1.0000636972756172,0.9985202795532199,1.0016412132835957,-0.0005448226729998229
3.1,0.1,synthetic_segment_000,1.0008750984269574,1.000064425612855,0.998515525469193,1.001579823553055,0.0008106728141024089
3.1208333333333327,0.1208333333333331,synthetic_segment_000,1.001360357131297,1.0000644617723264,0.9984636869392909,1.0016170256738177,0.0012958953589705668
3.1416666666666666,0.1416666666666666,synthetic_segment_000,0.999091918099474,1.0000644617723264,0.9984941875837621,1.0015816499644141,-0.0009725436728524883
4.860416666666667,-0.1395833333333333,synthetic_segment_001,1.0000600635329313,1.0000644617723264,0.9988665255789069,1.0012328459264774,-4.398239395131398e-06
4.88125,-0.11875,synthetic_segment_001,0.9998681050304278,1.0000644617723264,0.9988586150046359,1.001200290437747,-0.00019635674189866226
4.902083333333334,-0.0979166666666666,synthetic_segment_001,0.9992741392735444,1.0000644383140198,0.9988664267782692,1.0012681951131202,-0.0007902990404754506
4.922916666666667,-0.0770833333333333,synthetic_segment_001,1.0011765517803022,1.0000643213139673,0.9987718382101609,1.0013183850128,0.001112230466334907
4.94375,-0.05625,synthetic_segment_001,1.0000182562914703,1.0000612991634183,0.9988401285333258,1.0012601810951887,-4.304287194800693e-05
4.964583333333334,-0.0354166666666666,synthetic_segment_001,0.9995110534823488,0.9999245161825044,0.9986335987937901,1.0011933727758662,-0.00041346270015563125
4.985416666666667,-0.0145833333333333,synthetic_segment_001,1.000343851775848,0.9998612651337873,0.9984967837220186,1.0011256221464726,0.0004825866420608005
5.00625,0.0062499999999999,synthetic_segment_001,1.0003098053633532,1.000049924060294,0.9987969813134924,1.00132636263967,0.0002598813030592062
5.027083333333334,0.0270833333333333,synthetic_segment_001,0.9997810653728396,1.0000532170639562,0.9988177796306715,1.0012692057968569,-0.00027215169111660664
5.047916666666667,0.0479166666666666,synthetic_segment_001,0.9996839574443326,1.0000619955601835,0.9988550113192585,1.0012928518193127,-0.0003780381158509094
5.06875,0.0687499999999999,synthetic_segment_001,1.0009803552628609,1.0000638731040425,0.9988231628354911,1.0013122924524638,0.0009164821588183436
5.089583333333334,0.0895833333333333,synthetic_segment_001,1.000657675454985,1.0000640729498986,0.9987891937659708,1.0013054867547035,0.0005936025050863325
5.110416666666667,0.1104166666666666,synthetic_segment_001,0.9990189032746728,1.0000644617723264,0.9988169164945672,1.0013146597083855,-0.0010455584976536425
5.13125,0.1312499999999999,synthetic_segment_001,1.0001684157964843,1.0000644617723264,0.9987924171809918,1.0013263244883657,0.00010395402415785959
5.860416666666667,-0.1395833333333333,synthetic_segment_001,0.99981532560931,1.0000644617723264,0.9988038795132268,1.0013570276415786,-0.00024913616301647235
5.88125,-0.1187500000000001,synthetic_segment_001,1.0005984910640024,1.0000644617723264,0.998722638361684,1.0013397906932628,0.0005340292916760081
5.902083333333334,-0.0979166666666668,synthetic_segment_001,1.0006424931433278,1.0000644383140198,0.9987800295805115,1.001327603631611,0.0005780548293079502
5.922916666666667,-0.0770833333333333,synthetic_segment_001,0.9997030875341212,1.0000643213139673,0.9987680292961846,1.001301648350875,-0.00036123377984609295
5.94375,-0.0562500000000001,synthetic_segment_001,0.9992796025827698,1.0000612991634183,0.9987365870401541,1.0013655095775338,-0.0007816965806485277
5.964583333333334,-0.0354166666666668,synthetic_segment_001,0.9999350651572616,0.9999245161825043,0.9985693476508705,1.00123383312524,1.054897475727401e-05
5.985416666666667,-0.0145833333333333,synthetic_segment_001,0.999897287311888,0.9998612651337873,0.9984668490168208,1.001173432830151,3.602217810072528e-05
6.00625,0.0062499999999998,synthetic_segment_001,1.0004647161168492,1.000049924060294,0.9987436189818357,1.001372188786758,0.0004147920565551466
6.027083333333334,0.0270833333333331,synthetic_segment_001,0.9997715616746504,1.0000532170639562,0.9987138671381338,1.0013958255286215,-0.0002816553893058016
6.047916666666667,0.0479166666666666,synthetic_segment_001,1.0008726174037403,1.0000619955601835,0.9987089687012998,1.0013922810134803,0.0008106218435568469
6.06875,0.0687499999999998,synthetic_segment_001,0.9998553278330182,1.0000638731040425,0.9987067723150481,1.0013664779677907,-0.00020854527102431852
6.089583333333334,0.0895833333333331,synthetic_segment_001,1.000098377431342,1.0000640729498986,0.9987521897320045,1.001380121204855,3.430448144325915e-05
6.110416666666667,0.1104166666666666,synthetic_segment_001,0.99953747304998,1.0000644617723264,0.9987000777145709,1.0014300026281566,-0.0005269887223464664
6.13125,0.1312499999999998,synthetic_segment_001,0.999879632398784,1.0000644617723264,0.9986844090595905,1.0014247989562364,-0.0001848293735424722
6.860416666666667,-0.1395833333333333,synthetic_segment_001,1.0012293413672932,1.0000644617723264,0.9987301226163104,1.0014178226171204,0.0011648795949668056
6.88125,-0.1187500000000003,synthetic_segment_001,0.9995439500774548,1.0000644617723264,0.9986946848449967,1.0014018438183419,-0.0005205116948716615
6.902083333333334,-0.0979166666666668,synthetic_segment_001,0.9994829274071004,1.0000644383140198,0.9986628663643027,1.0013942325008482,-0.0005815109069193802
6.922916666666667,-0.0770833333333333,synthetic_segment_001,1.0001536197083885,1.0000643213139673,0.9986859232335323,1.0014300987289884,8.929839442117782e-05
6.94375,-0.0562500000000003,synthetic_segment_001,1.0000697474143228,1.0000612991634183,0.9986539423927057,1.0014692950727173,8.448250904402599e-06
6.964583333333334,-0.0354166666666668,synthetic_segment_001,0.9996627136466502,0.9999245161825043,0.9984779083522776,1.0013751206027595,-0.000261802535854172
6.985416666666667,-0.0145833333333333,synthetic_segment_001,0.998291919598908,0.9998612651337873,0.9983906480255488,1.001291499361626,-0.0015693455348793073
7.00625,0.0062499999999996,synthetic_segment_001,1.0003187505753957,1.000049924060294,0.9986408665113247,1.0014616251633928,0.0002688265151016278
7.027083333333334,0.0270833333333331,synthetic_segment_001,1.0011983410339709,1.0000532170639562,0.998655650579134,1.0014860273214525,0.0011451239700146498
7.047916666666667,0.0479166666666666,synthetic_segment_001,0.99792551574067,1.0000619955601835,0.9986148787164069,1.0014854826452155,-0.0021364798195134815
7.06875,0.0687499999999996,synthetic_segment_001,0.9993626770175668,1.0000638731040425,0.9985817794063914,1.0015214998684303,-0.000701196086475786
7.089583333333334,0.0895833333333331,synthetic_segment_001,0.9993659074612824,1.0000640729498986,0.9986154497346906,1.0014971230659735,-0.0006981654886162314
7.110416666666667,0.1104166666666666,synthetic_segment_001,1.000375249955873,1.0000644617723264,0.9986124838621907,1.001474299177915,0.0003107881835464621
7.13125,0.1312499999999996,synthetic_segment_001,0.9997269027154828,1.0000644617723264,0.9986288210204997,1.001563061729099,-0.0003375590568436282
7.860416666666666,-0.1395833333333333,synthetic_segment_001,0.9997497096281542,1.0000644617723264,0.9986200055770886,1.0015118548488635,-0.00031475214417220343
7.881249999999999,-0.1187500000000003,synthetic_segment_001,0.999907376581964,1.0000644617723264,0.9985646160224109,1.0015090030770606,-0.00015708519036239377
7.902083333333333,-0.0979166666666668,synthetic_segment_001,1.0001855553066286,1.0000644383140198,0.9986257666676784,1.0015817445551707,0.00012111699260874964
7.922916666666666,-0.0770833333333333,synthetic_segment_001,0.998565616881566,1.0000643213139673,0.9985346686302092,1.0015171191791905,-0.0014987044324012988
7.943749999999999,-0.0562500000000003,synthetic_segment_001,1.0010828073693872,1.0000612991634183,0.99858427771028,1.0015397968276187,0.0010215082059688019
7.964583333333333,-0.0354166666666668,synthetic_segment_001,1.0005209183587898,0.9999245161825043,0.9983803738752395,1.0014658662927938,0.0005964021762854266
7.985416666666666,-0.0145833333333333,synthetic_segment_001,1.0006970251314844,0.9998612651337873,0.9982768867119135,1.001407598719577,0.0008357599976971386
8.006249999999998,0.0062499999999996,synthetic_segment_001,1.0002226271503194,1.000049924060294,0.9985193801248458,1.0015789875043715,0.00017270309002537232
8.027083333333334,0.0270833333333331,synthetic_segment_001,0.9991131241151352,1.0000532170639562,0.9984802314359325,1.001560167120746,-0.0009400929488210252
8.047916666666666,0.0479166666666666,synthetic_segment_001,1.0018568118400282,1.0000619955601835,0.9985306004917095,1.001539642234558,0.0017948162798446798
8.068749999999998,0.0687499999999996,synthetic_segment_001,1.000373460805295,1.0000638731040425,0.9986016490731856,1.0016103947436588,0.00030958770125244506
8.089583333333334,0.0895833333333331,synthetic_segment_001,0.999996383843148,1.0000640729498986,0.9984959062902588,1.0015098332680354,-6.768910675059026e-05
8.110416666666666,0.1104166666666666,synthetic_segment_001,0.9992337242736862,1.0000644617723264,0.9984636145341755,1.0015875922376145,-0.000830737498640266
8.131249999999998,0.1312499999999996,synthetic_segment_001,1.001307593152522,1.0000644617723264,0.9985375257735496,1.0015773631475142,0.0012431313801954946
