parameter,mean,sd,hdi_3%,hdi_97%,ess_bulk,ess_tail,r_hat,mcse_mean,mcse_sd
baseline,0.99722988,0.00027345,0.99671441,0.99773194,5284.76102313,5282.86674051,1.00021917,3.76e-06,2.69e-06
depth,0.00660039,0.00040439,0.00583728,0.00734764,5007.10849657,5074.01234552,1.00032869,5.72e-06,4.2e-06
center,0.010782,0.00177792,0.00737242,0.0140754,6429.92206973,5164.22177745,1.00135589,2.223e-05,1.634e-05
half_duration,0.08411821,0.00349613,0.07746844,0.09082045,4701.2223751,4167.04304226,1.00020835,5.161e-05,4.118e-05
ingress_fraction,0.32442233,0.07591192,0.17991935,0.4585605,4381.5487896,4077.45757634,0.99988683,0.00115841,0.00078142
ingress_duration,0.0274905,0.00725924,0.01406,0.04084302,4230.19585011,3952.28488274,0.99991628,0.00011167,7.69e-05
extra_sigma,0.00407627,0.00012879,0.00384288,0.00432572,7640.09847205,5427.95648738,1.00071476,1.47e-06,1.04e-06
rp_rs,0.08120447,0.00249387,0.07640212,0.0857184,5007.10849657,5074.01234552,1.00030589,3.53e-05,2.61e-05
full_duration,0.16823642,0.00699225,0.15493687,0.1816409,4701.2223751,4167.04304226,1.00020835,0.00010323,8.237e-05
flat_duration,0.11325542,0.00964712,0.09574847,0.13020867,5296.79517582,5394.7156196,0.99984247,0.0001329,8.34e-05
ingress_egress_total,0.054981,0.01451847,0.02812001,0.08168604,4230.19585011,3952.28488274,0.99991628,0.00022334,0.0001538
