phase,normalized_flux,predicted_mean,residual,normalized_flux_err,sigma_eff_mean,standardized_residual
-0.149809932087837,1.001170004158897,0.9972298808229989,0.003940123335897994,0.002000154651550157,0.004540550158628107,0.8677634203447434
-0.1495031990385471,0.9932680164139455,0.9972298808229989,-0.003961864409053439,0.0020001610131075965,0.004540552960957025,-0.8725510842226553
-0.148998194577913,1.0014283676440723,0.9972298808229989,0.004198486821073377,0.0020001544207519655,0.004540550056959358,0.9246648023708721
-0.1485171137818421,0.9965942217561053,0.9972298808229989,-0.0006356590668935569,0.0020001608167677107,0.004540552874467258,-0.13999596182835744
-0.1484947762229933,0.999575422674571,0.9972298808229989,0.002345541851572097,0.0020001543440843293,0.004540550023186554,0.5165765908523122
-0.1476986326140541,0.9993287136471395,0.9972298808229989,0.002098832824140584,0.002000154658217592,0.004540550161565174,0.4622419639599565
-0.1473490644306827,0.9964942760570767,0.9972298808229989,-0.0007356047659221598,0.0020001611366111155,0.004540553015361617,-0.16200774738968116
-0.147176892251402,1.0012043659483045,0.9972298808229989,0.003974485125305627,0.002000154502657652,0.004540550093039573,0.875331192006516
-0.1463518868820075,0.9922286833012937,0.9972298808229989,-0.005001197521705247,0.002000161175581616,0.00454055303252853,-1.1014511857645224
-0.1455902038183878,1.0004844809068818,0.9972298808229989,0.003254600083882897,0.0020001546626028837,0.0045405501634969364,0.7167854041229982
-0.1454231342504499,0.9928144212676536,0.9972298808229989,-0.00441545955534528,0.0020001583853269523,0.004540551803392813,-0.9724499898990118
-0.1450972048926,0.9984907235871123,0.9972298808229989,0.0012608427641134234,0.0020001544450981004,0.004540550067684056,0.2776850261132626
-0.1448932087494348,0.9997413119989311,0.9972298808229989,0.0025114311759322216,0.0020001544683236412,0.004540550077915123,0.553111656701602
-0.1441875142450803,0.9887627220213017,0.9972298808229989,-0.008467158801697239,0.0020001608392610716,0.004540552884375817,-1.8647858569895737
-0.1434845766811894,0.9954844743720058,0.9972298808229989,-0.0017454064509930811,0.002000154646949949,0.004540550156601673,-0.3844041780829952
-0.1432545685664754,0.9921311403391756,0.9972298808229989,-0.005098740483823305,0.00200015974755803,0.004540552403469362,-1.1229339584160378
-0.1430205458455646,0.9969115234579612,0.9972298808229989,-0.0003183573650377136,0.0020001543123698852,0.004540550009216048,-0.07011427346720928
-0.1420994287815999,0.9993822040474545,0.9972298808229989,0.0021523232244555768,0.002000154481125303,0.0045405500835543735,0.47402257102089346
-0.1420241916743561,0.9904603276225816,0.9972298808229989,-0.006769553200417278,0.0020001609811419476,0.004540552946875823,-1.4909094287899765
-0.1410861493838644,0.9898423159740519,0.9972298808229989,-0.007387564848946981,0.002000159997298227,0.004540552513482478,-1.627018920497172
-0.1407990913316967,1.0013686010246015,0.9972298808229989,0.004138720201602553,0.002000154346793994,0.004540550024380186,0.9115019500677154
-0.139972347806712,0.9980031764501842,0.9972298808229989,0.0007732956271853109,0.0020001545230807338,0.00454055010203613,0.17030879735002594
-0.1398618136975531,0.9919070984234307,0.9972298808229989,-0.005322782399568182,0.0020001611125359214,0.0045405530047562415,-1.172276239037966
-0.1389178811992448,0.9893422532176898,0.9972298808229989,-0.007887627605309144,0.0020001600374920884,0.004540552531188286,-1.7371514922755253
-0.1378478890942811,0.9971424509115673,0.9972298808229989,-8.74299114316246e-05,0.002000154494882904,0.0045405500896147245,-0.01925535666517517
-0.1377005729747531,0.9916404945888168,0.9972298808229989,-0.005589386234182148,0.0020001611991979583,0.004540553042931776,-1.2309923882252796
-0.136808054278521,0.9957246044940029,0.9972298808229989,-0.001505276328995997,0.002000154382200879,0.004540550039977247,-0.33151849792267457
-0.1367497676141584,0.9924878334999434,0.9972298808229989,-0.004742047323055498,0.0020001581284631647,0.004540551690241756,-1.0443769053982543
-0.1367153691109819,0.9965778915589187,0.9972298808229989,-0.0006519892640801661,0.002000154173805139,0.004540549948176996,-0.14359257612438248
-0.1355406607908817,0.990460626762318,0.9972298808229989,-0.0067692540606808516,0.0020001612143006374,0.004540553049584665,-1.490843513280844
-0.1347430053243123,0.9965602676172628,0.9972298808229989,-0.0006696132057361082,0.0020001544170387218,0.00454055005532364,-0.14747402794315848
-0.1333819668933533,0.9946803555573509,0.9972298808229989,-0.0025495252656480005,0.0020001609525437934,0.0045405529342780375,-0.5615010556095154
-0.1324153143733837,0.9911357624747128,0.9972298808229989,-0.006094118348286104,0.0020001608117111856,0.004540552872239805,-1.3421533720143515
-0.131224778944428,0.9887466078543538,0.9972298808229989,-0.00848327296864515,0.0020001611148165238,0.004540553005760871,-1.8683347508292305
-0.130911374257844,0.9990792940181683,0.9972298808229989,0.0018494131951694026,0.002000154506359982,0.004540550094670484,0.4073103823565717
-0.1302486772256164,0.9886091316413481,0.9972298808229989,-0.008620749181650789,0.0020001609548842116,0.004540552935309016,-1.8986121964601845
-0.130197348060681,0.9977841577162595,0.9972298808229989,0.0005542768932605968,0.002000154335251225,0.00454055001929549,0.12207263236945867
-0.1293761085680134,0.9934349634030448,0.9972298808229989,-0.0037949174199540803,0.0020001546593168963,0.0045405501620494285,-0.835783613112029
-0.1290689829735058,0.9881747675633508,0.9972298808229989,-0.00905511325964814,0.002000161017813715,0.00454055296303012,-1.9942754403210938
-0.1288258519303098,0.9977718500945082,0.9972298808229989,0.0005419692715092905,0.002000154554709315,0.004540550115968815,0.11936202831529606
-0.1280826998034778,0.9922456747662474,0.9972298808229989,-0.004984206056751539,0.00200016079957585,0.004540552866894064,-1.0977090682265205
-0.1280607412929169,0.9976652136548431,0.9972298808229989,0.0004353328318441596,0.0020001543027380287,0.004540550004973125,0.09587667383188224
-0.1272648344727138,0.9969303316472565,0.9972298808229989,-0.00029954917574237516,0.002000154627832935,0.0045405501481804505,-0.06597200030097994
-0.1269148632595267,0.9901188622412267,0.9972298808229989,-0.0071110185817722105,0.0020001611461368026,0.004540553019557782,-1.5661128834180587
-0.1267432604748042,0.9942693002904267,0.9972298808229989,-0.002960580532572199,0.00200015452832407,0.00454055010434587,-0.6520312439099739
-0.1265111177771687,0.9956822106118535,0.9972298808229989,-0.0015476702111454355,0.0020001544781397935,0.004540550082239229,-0.3408552230707215
-0.1259175802458458,0.9899183425125307,0.9972298808229989,-0.0073115383104681575,0.0020001611032307433,0.004540553000657213,-1.6102748518539183
-0.1251564312957511,0.9994037191679671,0.9972298808229989,0.002173838344968204,0.0020001546816383973,0.0045405501718822575,0.47876100090907103
-0.1249886939040294,0.9922350745955575,0.9972298808229989,-0.004994806227441417,0.0020001585032100176,0.004540551855321481,-1.100043868365374
-0.124663800118689,0.9937877870057431,0.9972298808229989,-0.003442093817255798,0.002000154412394245,0.004540550053277705,-0.7580785977177016
-0.1244600670741227,0.9977402646537333,0.9972298808229989,0.0005103838307344288,0.0020001544622693093,0.004540550075248133,0.11240572667983124
-0.1230508302283088,0.9964448174605074,0.9972298808229989,-0.0007850633624915115,0.002000154660547644,0.004540550162591584,-0.1729004931956143
-0.1228202281625945,0.990095346263977,0.9972298808229989,-0.00713453455902191,0.0020001594432063237,0.004540552269399333,-1.571292242819117
-0.12258706807919,0.9985127333432336,0.9972298808229989,0.0012828525202347452,0.0020001542858263145,0.004540549997523359,0.2825324070728164
-0.1216653602075523,0.9992973464535954,0.9972298808229989,0.0020674656305964545,0.0020001545043535525,0.004540550093786634,0.45533373443574815
-0.1215898027252859,0.9925137998452622,0.9972298808229989,-0.004716080977736681,0.0020001609740957897,0.004540552943771916,-1.0386578542610165
-0.1206517099178348,0.9896740579569866,0.9972298808229989,-0.007555822866012307,0.002000160059031366,0.00454055254067656,-1.66407563800296
-0.1203659987835936,0.996505392915231,0.9972298808229989,-0.0007244879077679123,0.0020001543174664165,0.004540550011461117,-0.15955950401144844
-0.1194275347609621,0.9913682748276738,0.9972298808229989,-0.005861605995325148,0.0020001610283966373,0.004540552967692007,-1.2909454062166001
-0.1172664049892397,0.9927476138878739,0.9972298808229989,-0.00448226693512499,0.0020001611769600016,0.0045405530331357235,-0.987163216113681
-0.1167514995832141,0.9966745391199341,0.9972298808229989,-0.0005553417030648156,0.002000154525182835,0.004540550102962126,-0.12230714130927141
-0.1163155329153897,0.9911064564681187,0.9972298808229989,-0.006123424354880225,0.002000157878797821,0.0045405515802616975,-1.34860803729209
-0.1162822235939642,0.9951787834084607,0.9972298808229989,-0.002051097414538239,0.0020001541549440494,0.004540549939868512,-0.4517288526062629
-0.1152921035048479,0.9954941239027446,0.9972298808229989,-0.0017357569202542944,0.0020001545235226515,0.004540550102230799,-0.38227899289152356
-0.1146573509967479,0.9995401516163777,0.9972298808229989,0.0023102707933787547,0.0020001545407459962,0.004540550109817843,0.5088085666940119
-0.1143095348993505,1.0006692192629547,0.9972298808229989,0.003439338439955808,0.0020001544335755367,0.0045405500626082606,0.7574717583842968
-0.1141480805111236,0.991430028898691,0.9972298808229989,-0.005799851924307875,0.0020001601092628956,0.004540552562804064,-1.2773449583691456
-0.1129477233470201,0.9934628817352961,0.9972298808229989,-0.003766999087702838,0.0020001610389920998,0.004540552972359419,-0.8296344323333338
-0.1125661102248858,0.9989890303306269,0.9972298808229989,0.0017591495076280106,0.0020001545547332048,0.004540550115979339,0.3874309197551021
-0.1122473707240074,0.996819502045147,0.9972298808229989,-0.00041037877785188304,0.00200015439214562,0.004540550044357997,-0.09038085118383665
-0.111980988179448,0.992601372434618,0.9972298808229989,-0.004628508388380914,0.0020001608068375017,0.004540552870092897,-1.0193711032124195
-0.1110562709291582,1.001426415700725,0.9972298808229989,0.004196534877726199,0.002000154530712863,0.004540550105398155,0.9242349011272964
-0.1107905487858569,0.9915157211644262,0.9972298808229989,-0.005714159658572693,0.002000161099486796,0.0045405529990079655,-1.2584721860577646
-0.1104776884573177,1.001496395974401,0.9972298808229989,0.004266515151402084,0.002000154490285026,0.004540550087589317,0.9396471945246783
-0.1101880386933946,0.9931133203562182,0.9972298808229989,-0.004116560466780661,0.0020001543493843132,0.004540550025521246,-0.9066215422454438
-0.1098143567287555,0.9938067782004362,0.9972298808229989,-0.003423102622562735,0.0020001611369526206,0.004540553015512054,-0.7538955300969434
-0.1097632921831226,0.9987113184343368,0.9972298808229989,0.001481437611337899,0.0020001543726145955,0.0045405500357544,0.32626831544028173
-0.1089423850488944,0.9980127238529767,0.9972298808229989,0.0007828430299777756,0.002000154657954716,0.0045405501614493755,0.1724114924716274
-0.1086348671347807,0.9922032738827927,0.9972298808229989,-0.00502660694020618,0.0020001608989626165,0.00454055291067497,-1.1070473220097232
-0.1083922931388143,0.994727707383716,0.9972298808229989,-0.0025021734392829398,0.002000154547876885,0.004540550112959066,-0.5510727504452714
-0.1076266063620789,0.998464910892899,0.9972298808229989,0.0012350300699001115,0.0020001543069034415,0.004540550006808028,0.2720001030818573
-0.1068311365650793,0.9996710507411866,0.9972298808229989,0.002441169918187658,0.0020001546686850393,0.004540550166176183,0.5376374731794858
-0.1064805625605465,0.995566060694147,0.9972298808229989,-0.0016638201288519117,0.0020001611469661973,0.004540553019923139,-0.3664355688726384
-0.1054832737188236,0.9918145779348018,0.9972298808229989,-0.005415302888197138,0.0020001610550627537,0.0045405529794387105,-1.1926527259388042
-0.1045543536165496,0.9921008583831316,0.9972298808229989,-0.005129022439867348,0.002000158448030398,0.004540551831014306,-1.1296033237267515
-0.1042302955767904,0.998545189424022,0.9972298808229989,0.0013153086010231352,0.002000154404442681,0.004540550049774967,0.2896804542630959
-0.1040267256301183,1.00118108467149,0.9972298808229989,0.003951203848491014,0.00200015444733102,0.004540550068667678,0.8702037834042441
-0.1033189178457028,0.9937134193124944,0.9972298808229989,-0.003516461510504554,0.0020001608352277476,0.004540552882599096,-0.7744566799300587
-0.1023857878161456,0.9929809642229129,0.9972298808229989,-0.004248916600085972,0.002000159513072064,0.004540552300175902,-0.9357708752570405
-0.101978392060698,1.0007897238068928,0.9972298808229989,0.0035598429838938905,0.002000154430650187,0.004540550061319617,0.7840113941744089
-0.1012313916342093,1.000051146307832,0.9972298808229989,0.002821265484833191,0.0020001545058464304,0.00454055009444426,0.6213488291397211
-0.1011556137850147,0.9952803811292786,0.9972298808229989,-0.001949499693720269,0.0020001609428409897,0.0045405529300038515,-0.42935292766615
-0.1002174704460237,0.992935681981781,0.9972298808229989,-0.0042941988412179555,0.0020001597501689843,0.004540552404619514,-0.945743702208806
-0.0991044570006285,0.9997940744314228,0.9972298808229989,0.0025641936084238592,0.0020001545593798216,0.004540550118026216,0.5647319249365577
-0.0969800455527329,1.0000637451218906,0.9972298808229989,0.002833864298891653,0.0020001544616483585,0.0045405500749745985,0.6241235647880189
-0.0958811982231355,0.9918761101690274,0.9972298808229989,-0.005353770653971468,0.002000157743733271,0.004540551520764429,-1.1791013997942983
-0.0938762649343538,1.0021482493164102,0.9972298808229989,0.004918368493411318,0.002000154459057098,0.0045405500738331245,1.0832098343668832
-0.0925135799251397,0.995476639801097,0.9972298743579999,-0.001753234556902905,0.0020001610783532114,0.0045405529896984,-0.3861279806403848
-0.0915465619774749,0.995522528499987,0.9972298556882877,-0.001707327188300689,0.0020001607384918674,0.004540552839985935,-0.37601746934101926
-0.0914680409873285,1.0015195969507849,0.9972298530888312,0.004289743861953688,0.002000154445802603,0.0045405500679943965,0.944763034811883
-0.0879587348131223,0.9993679383375664,0.9972296192347695,0.0021383191027969373,0.0020001545217669275,0.004540550101457387,0.47093833456668566
-0.0871926719057012,1.0014608728503633,0.9972294726850407,0.004231400165322641,0.0020001542793101216,0.004540549994652915,0.9319135722116619
-0.0863973386638456,1.0016524107188225,0.9972292924811982,0.004423118237624313,0.0020001546299476965,0.004540550149112022,0.9741370742242159
-0.0841201132789137,0.9950845163306826,0.9972283999897256,-0.0021438836590429444,0.0020001582897054204,0.004540551761270575,-0.47216368665358527
-0.082884619816999,0.9954423034046671,0.9972268160315959,-0.0017845126269288025,0.002000161004853767,0.004540552957321127,-0.3930165871210638
-0.0819515474130261,0.9973086114302744,0.9972248771224086,8.373430786579039e-05,0.0020001593595162033,0.004540552232532985,0.018441436983333306
-0.0815451755303056,1.0058896490604639,0.9972235920500976,0.008666057010366268,0.0020001543142795825,0.004540550010057287,1.9085919087271392
-0.0807213250695366,0.9958258892328159,0.997219706307553,-0.0013938170747370693,0.002000160680817506,0.004540552814579778,-0.30697078784360865
-0.0800806196442347,1.0025431886693066,0.9972150734325539,0.005328115236752695,0.002000154462555902,0.00454055007537438,1.1734514867812307
-0.0797830310309257,0.9958831781761553,0.9972121950576018,-0.0013290168814464876,0.0020001598159356455,0.004540552433590401,-0.2926993798407872
-0.0794995139253802,0.9979806817794967,0.997208994123711,0.0007716876557857244,0.0020001541642730466,0.004540549943978021,0.16995466745370522
-0.0785589773607173,0.9949886142378419,0.9971951605388486,-0.0022065463010066955,0.0020001605755078098,0.004540552768189764,-0.4859642456894968
-0.0776148686096118,0.9957315587257931,0.9971747431160609,-0.0014431843902678043,0.0020001598510774707,0.004540552449070735,-0.317843347578369
-0.0765460240103901,1.0064137087089342,0.9971398456866427,0.009273863022291495,0.0020001541628533984,0.0045405499433526526,2.0424536978980696
-0.076397769474314,0.9941962784022454,0.9971338084022331,-0.0029375299999876425,0.002000160882266029,0.004540552903319949,-0.6469542504041276
-0.0754467635228155,0.995477165533195,0.9970876020982957,-0.0016104365651007368,0.0020001574595744837,0.004540551395589686,-0.35467863367100766
-0.0744243083921305,1.0008170762903545,0.9970191913268177,0.003797884963536835,0.002000154129368299,0.0045405499286021575,0.8364372208777897
-0.0732795186870967,0.991964075375887,0.9969133312390734,-0.004949255863186397,0.002000159689393921,0.004540552377847478,-1.0900118424650067
-0.0731748250878818,1.0028986745763468,0.9969020122837838,0.005996662292563015,0.002000153886742861,0.004540549821723419,1.320690781515731
-0.0723051107208099,1.001771898776957,0.9967968305165198,0.004975068260437254,0.0020001540406211563,0.004540549889508224,1.0956973013187379
-0.0720793367280525,0.9952449548875777,0.9967662020648936,-0.001521247177315943,0.002000160447874621,0.004540552711966023,-0.3350356826178668
-0.0713807831801758,0.9980993754862635,0.9966619651781151,0.001437410308148368,0.0020001539339461246,0.00454054984251689,0.316571859797401
-0.07111233589344,0.9964438721477019,0.9966183623580013,-0.00017449021029936063,0.0020001601625786914,0.004540552586290221,-0.038429289603696626
-0.0701884742957656,0.9968191961991985,0.9964547424205991,0.000364453778599394,0.002000154012538922,0.0045405498771377405,0.08026644095123064
-0.0699220890580671,0.9941056237840811,0.9964038554011537,-0.0022982316170726547,0.002000160460276613,0.004540552717429229,-0.5061567963412763
-0.0693215035437053,1.0037790866313236,0.9962836606619024,0.00749542596942121,0.002000153821659527,0.004540549793053614,1.6507749746271103
-0.0689457157423096,0.9909972301527762,0.9962048698729474,-0.005207639720171242,0.0020001604961708466,0.00454055273324101,-1.146917572842298
-0.0688951811119458,0.9979991324838752,0.9961940744494702,0.001805058034405005,0.002000153765370745,0.004540549768257889,0.3975417353695402
-0.0680746387141968,0.9990969991240646,0.9960130558896079,0.0030839432344567097,0.0020001540216489713,0.004540549881150801,0.6792003865565034
-0.0677663356878768,0.9912776658358222,0.9959426729878914,-0.004665007152069189,0.0020001604067165888,0.004540552693835484,-1.0274095394603993
-0.0672650264896925,0.995575654195838,0.9958259073912891,-0.0002502531954510223,0.002000153726734768,0.004540549751238387,-0.055115175289681254
-0.0667797579943605,0.9923074086872494,0.9957104799349202,-0.003403071247670808,0.002000160324465024,0.00454055265760282,-0.7494839294447156
-0.066758637441286,0.9964620704415754,0.9957054094109445,0.0007566610306308785,0.0020001536464046353,0.0045405497158522296,0.1666452473781269
-0.0659634412202359,0.9992735435086486,0.9955122317386315,0.0037613117700171506,0.002000153963141866,0.004540549855377883,0.8283824404135123
-0.0656122611503184,0.9898691449346267,0.9954257182944313,-0.005556573359804529,0.002000160346364268,0.004540552667249663,-1.2237658644251113
-0.0654426662898761,1.0011276467281462,0.9953836727258468,0.0057439740022994235,0.0020001537926201875,0.004540549780261518,1.2650393190862874
-0.0646146609048856,0.9899745545197849,0.9951764081714394,-0.005201853651654487,0.0020001602905606445,0.004540552642667591,-1.145643286408057
-0.0636857729332263,0.9913927941860505,0.9949412170416114,-0.0035484228555608954,0.002000157729819716,0.004540551514635371,-0.7814960019996274
-0.063363187430887,0.9992139555992772,0.9948588257487063,0.004355129850570849,0.002000153653086101,0.004540549718795476,0.959163563949738
-0.0631603432173597,0.9948820342625015,0.9948068757217445,7.515854075701434e-05,0.0020001537033863615,0.004540549740953201,0.016552740316690427
-0.0617495927394746,0.9974910784762234,0.9944431914989662,0.0030478869772572192,0.002000153872881258,0.004540549815617256,0.6712594511735096
-0.0615172070746288,0.9938663162449434,0.9943829705334811,-0.0005166542885377545,0.002000158583577526,0.004540551890724172,-0.11378667196673166
-0.0612866368829316,0.9936730220433994,0.9943232108725643,-0.0006501888291648994,0.0020001535118177385,0.004540549656565473,-0.14319606178620897
-0.061112059240838,0.9972364896518962,0.9942779467112317,0.0029585429406644437,0.0020001536088315383,0.004540549699300936,0.6515825476197169
-0.0602870362376433,0.9907188683010687,0.9940640628336338,-0.003345194532565099,0.002000160151160948,0.004540552581260587,-0.7367373183544055
-0.059348691623851,0.9920138000665273,0.9938208513180316,-0.0018070512515042658,0.00200015891944666,0.0045405520386779,-0.39798051781175836
-0.0590664218429952,0.9936429205729584,0.9937478424939884,-0.00010492192102995457,0.0020001535093177878,0.004540549655464222,-0.023107757648611695
-0.0582366671266005,0.9936190942654908,0.9935343978224679,8.469644302289137e-05,0.0020001537059474526,0.004540549742081385,0.018653345483242427
-0.0581246987733723,0.9905336091347505,0.9935057159953015,-0.002972106860550938,0.0020001599487611756,0.004540552492101408,-0.6545694308613578
-0.0571422892806805,0.9967317207036933,0.9932554472725067,0.003476273431186616,0.002000153440077246,0.004540549624963132,0.7656063072352925
-0.0561122027097336,0.9962403832006946,0.9929954981766305,0.0032448850240641702,0.0020001536354359124,0.004540549711020406,0.7146458536041314
-0.0559635019464246,0.9895955582068939,0.9929582890724201,-0.0033627308655261867,0.0020001603257789363,0.004540552658181611,-0.7405994641350299
-0.0554505007458465,0.9940527197674573,0.9928306948071417,0.0012220249603156486,0.0020001536013531944,0.004540549696006658,0.2691359069124164
-0.0550125289404905,0.9896584157711096,0.9927231617094295,-0.003064745938319957,0.00200015657547443,0.004540551006135004,-0.6749722520854846
-0.0530094252421542,0.9956228266704029,0.9922520388457671,0.003370787824635846,0.002000153528282207,0.004540549663818221,0.7423743983016576
-0.052845087944926,0.9872870059450458,0.9922152633493068,-0.0049282574042609495,0.0020001593810825952,0.004540552242033199,-1.0853872263903612
-0.051871138072959,0.9984601913248626,0.9920038049183157,0.006456386406546888,0.0020001535847419196,0.00454054968868924,1.4219393794170128
-0.0516449935302039,0.9889807776066393,0.9919565163686167,-0.002975738761977431,0.002000159978570365,0.004540552505232662,-0.6553693099128587
-0.051265272979204,0.9922588654024158,0.9918788461282468,0.0003800192741689745,0.0020001535709058297,0.004540549682594316,0.08369455258374013
-0.0506780098159196,0.9894491679651908,0.9917631297413468,-0.0023139617761560594,0.0020001599622740066,0.0045405524980539486,-0.5096211919469731
-0.0497547263367335,0.9923552148331162,0.9915923368921207,0.0007628779409954989,0.0020001536475360675,0.0045405497163506356,0.16801444508984362
-0.0494878593651573,0.9891111473371829,0.9915454541772185,-0.0024343068400356493,0.0020001600721233845,0.004540552546443728,-0.5361256840739038
-0.0491770322302138,0.9964641793170987,0.9914923639695442,0.004971815347554531,0.0020001535765140147,0.004540549685064773,1.0949809367593357
-0.0488880864297702,0.9923659819874417,0.991444421603383,0.0009215603840587727,0.002000153439851112,0.004540549624863518,0.2029622975624836
-0.0485114953626255,0.9896397002978239,0.9913838514394093,-0.0017441511415854372,0.0020001601188068046,0.004540552567008255,-0.38412750779684257
-0.0484610259321178,0.994739238585203,0.9913759178694892,0.003363320715713769,0.002000153410502714,0.004540549611935282,0.740729868224091
-0.0476409158935982,0.9953095556323787,0.9912529220553998,0.00405663357697883,0.002000153727175546,0.004540549751432554,0.8934234396834773
-0.0473321203213275,0.9909646219513122,0.9912095778908863,-0.00024495593957407635,0.002000160044359703,0.004540552534213541,-0.05394848704608251
-0.0468316349870998,0.9931349629339336,0.9911432179606209,0.00199174497331267,0.002000153460037203,0.004540549633755675,0.43865724063569284
-0.0463454441331729,0.9855392447911248,0.9910833434785512,-0.005544098687426446,0.002000159970136501,0.004540552501517458,-1.221018518247196
-0.0463246032097015,0.9917000128228627,0.9910808663239979,0.0006191464988647422,0.0020001533566332158,0.004540549588205278,0.13635937386810246
-0.045529744011008,0.9915564344957624,0.9909928731926955,0.0005635613030668951,0.0020001536840299713,0.004540549732426534,0.12411741667362379
-0.0451779606841689,0.9866899577629263,0.9909578767074582,-0.004267918944531823,0.002000160106405857,0.0045405525615455095,-0.9399558504569128
-0.0447779525993028,0.9938502941059199,0.990920611273928,0.002929682831991798,0.0020001535550343875,0.004540549675602801,0.6452264684457736
-0.044180354610694,0.9871685894803813,0.990870600727899,-0.003702011247517678,0.002000160241212884,0.004540552620929394,-0.8153217364894063
-0.0434213442100044,0.9944592109708298,0.9908158854045596,0.003643325566270228,0.0020001536858166636,0.0045405497332135876,0.8023974585323291
-0.0432513326450134,0.9871371975453944,0.9908050522949602,-0.0036678547495657687,0.0020001576800472796,0.004540551492710122,-0.807799395173588
-0.0429297838211009,0.9957029417381642,0.9907858565014623,0.004917085236701868,0.0020001534542645116,0.004540549631212752,1.0829273185124388
-0.0427270022389882,0.9920659202486897,0.990774564512255,0.001291355736434685,0.0020001535261511814,0.004540549662879485,0.2844051562725876
-0.0420161238840441,0.9913916154831502,0.990739588364056,0.0006520271190942895,0.0020001598249606398,0.004540552437566004,0.14360083449312905
-0.0413158474579948,0.99374069455135,0.9907118418096338,0.0030288527417161593,0.002000153708294145,0.004540549743115125,0.6670674066083816
-0.0410829667297028,0.9848229607033097,0.9907039589894083,-0.005880998286098671,0.0020001584560007317,0.004540551834525318,-1.2952166389514386
-0.0408532602815001,0.9901348137439316,0.9906967026405731,-0.0005618888966414382,0.002000153340796645,0.004540549581229124,-0.12374909393442525
-0.0398526476450951,0.9865943902687104,0.9906714601390815,-0.004077069870371042,0.002000159686504206,0.004540552376574529,-0.8979237617443483
-0.0389144522684694,0.9855661744920767,0.9906557308247321,-0.005089556332655398,0.0020001588284833515,0.0045405519986076465,-1.120911363687962
-0.0386332299999554,0.9932180857902475,0.9906521157739592,0.0025659700162883325,0.002000153404778556,0.004540549609413738,0.5651232200983799
-0.0378027225348138,0.9928687125885108,0.9906438268327002,0.0022248857558105906,0.002000153569929468,0.00454054968216422,0.4900036144412619
-0.0376904201860273,0.984897497188126,0.9906429514277446,-0.005745454239618586,0.0020001598243290035,0.004540552437287761,-1.2653645826080486
-0.0356782816338419,0.9898934119460037,0.9906334524875182,-0.0007400405415145528,0.0020001535112701284,0.0045405496563242454,-0.1629847920468829
-0.0355293344192966,0.9817687839423381,0.9906330820957586,-0.008864298153420491,0.002000160155404556,0.004540552583129941,-1.9522509630997515
-0.0345781943646517,0.9843247129102549,0.9906314112395768,-0.006306698329321847,0.002000156593629332,0.004540551014132413,-1.3889720233716834
-0.0335565142107072,0.9929872115434402,0.990630400855587,0.002356810687853206,0.0020001535047941194,0.004540549653471505,0.5190584549716997
-0.0333693813736473,0.9850694596586707,0.9906302900306289,-0.005560830371958203,0.002000160078541951,0.004540552549271173,-1.224703449991081
-0.0325760559749164,0.9887206279916395,0.9906299409671762,-0.0019093129755366478,0.002000153460418085,0.004540549633923457,-0.42050261080106816
-0.0324108570878629,0.9851046758488435,0.9906298802304848,-0.00552520438164128,0.0020001592867373704,0.00454055220047317,-1.2168573639711706
-0.0314373654266026,0.9918404590568111,0.9906296333831902,0.0012108256736208522,0.0020001535111867966,0.004540549656287537,0.2666694046488752
-0.0312108505739847,0.9826063353339773,0.9906295944193628,-0.008023259085385481,0.002000159975398526,0.004540552503835434,-1.7670226428629958
-0.030831661102407,0.9913174402484096,0.990629540487176,0.0006878997612336235,0.0020001534865929796,0.004540549645453737,0.15150142933078353
-0.030514096806955,0.9910946050198924,0.9906295057126692,0.0004650993072232712,0.0020001534366733517,0.004540549623463686,0.10243238061309362
-0.0302437837318847,0.9823773391465593,0.9906294967713901,-0.00825215762483078,0.0020001597304112667,0.004540552395916038,-1.8174347315655064
-0.0293207786017331,0.991614387772969,0.9906294958008703,0.0009848919720986116,0.00200015355414142,0.004540549675209441,0.2169102955697058
-0.0287433476011167,0.9919428491832084,0.9906294958008703,0.0013133533823380672,0.002000153532865749,0.004540549665837313,0.2892498659842045
-0.0284547693238157,0.9929588996769042,0.9906294958008703,0.0023294038760338642,0.0020001534049808637,0.004540549609502857,0.5130224480223022
-0.0280770749886944,0.9865554515616048,0.9906294958008703,-0.004074044239265495,0.0020001601064544875,0.004540552561566932,-0.8972573676934937
-0.0272070933123163,0.9878356306945993,0.9906294958008703,-0.0027938651062709985,0.0020001536535863237,0.004540549719015828,-0.6153142855302933
-0.0268979049475022,0.9824146535566181,0.9906294958008703,-0.008214842244252285,0.0020001599889854006,0.004540552509820592,-1.8092164392955943
-0.0266580607743889,0.991912526523018,0.9906294958008703,0.0012830307221476378,0.0020001535848014566,0.004540549688715466,0.28257167305895303
-0.0259112305128534,0.9853783178584478,0.9906294958008703,-0.00525117794242258,0.002000159737223716,0.004540552398916991,-1.1565064073867062
-0.0247438602122662,0.9852733849022506,0.9906294958008703,-0.005356110898619759,0.0020001599748395073,0.004540552503589181,-1.179616554237816
-0.0243446869416161,0.9983637642772145,0.9906294958008703,0.007734268476344175,0.002000153487473847,0.004540549645841767,1.7033771414496512
-0.0229876730778939,0.9917630663240005,0.9906294958008703,0.001133570523130123,0.002000153618810886,0.00454054970369693,0.24965490900962195
-0.0228169923066303,0.9874922855636428,0.9906294958008703,-0.0031372102372275723,0.0020001574350763103,0.004540551384798001,-0.6909315568437598
-0.0224962802178292,0.992714824631236,0.9906294958008703,0.002085328830365607,0.0020001534411841146,0.004540549625450718,0.4592679306216385
-0.0222938617351053,0.9919269505724313,0.9906294958008703,0.0012974547715609575,0.0020001534765107984,0.004540549641012444,0.2857483948290571
-0.0215817260874096,0.9834685713189883,0.9906294958008703,-0.007160924481881992,0.002000159823928158,0.004540552437111185,-1.5771042358973293
-0.0208821021692107,0.9923958736623159,0.9906294958008703,0.0017663778614455117,0.0020001536786461334,0.004540549730054904,0.38902290833937253
-0.020648526390544,0.9834546918201323,0.9906294958008703,-0.007174803980737998,0.0020001583048283606,0.00454055176793238,-1.5801612551606632
-0.0204197839121094,0.9904451108875948,0.9906294958008703,-0.00018438491327554818,0.0020001533331939535,0.00454054957788007,-0.040608501264649856
-0.0202455271179471,0.9898196301051946,0.9906294958008703,-0.0008098656956757599,0.0020001534040764318,0.004540549609104446,-0.17836292198016387
-0.0194184591632091,0.9844146686283408,0.9906294958008703,-0.0062148271725295245,0.002000159909878515,0.004540552474973198,-1.3687381010977546
-0.018779462482001,0.9955072809921698,0.9906294958008703,0.004877785191299444,0.00200015357372777,0.0045405496838374065,1.0742719562484835
-0.0184801128541045,0.9811922210735403,0.9906294958008703,-0.009437274727330025,0.002000158813916624,0.004540551992190857,-2.0784421681682925
-0.0181999383817088,0.9922117752168056,0.9906294958008703,0.0015822794159352505,0.0020001533583466125,0.004540549588960044,0.34847751025171636
-0.0166795777633539,0.9878093188706973,0.9906294958008703,-0.0028201769301730018,0.0020001535091630296,0.004540549655396049,-0.6211091484973558
-0.0163118561945876,0.9840351356354627,0.9906294958008703,-0.006594360165407598,0.002000159013283251,0.004540552080013864,-1.4523256311570514
-0.0162754441169323,0.9934189056758989,0.9906294958008703,0.0027894098750285146,0.00200015327091609,0.004540549550446106,0.6143330986784313
-0.0145832694325327,0.9912856360626306,0.9906294958008703,0.0006561402617603074,0.0020001534728327293,0.004540549639392221,0.14450679187996623
-0.0142076761736862,0.9890987883051076,0.9906294958008703,-0.0015307074957627842,0.0020001533943182614,0.004540549604805883,-0.3371194302431203
-0.0141437597807754,0.983874614129153,0.9906294958008703,-0.006754881671717339,0.0020001566513713183,0.004540551039568317,-1.4876788329989887
-0.0131226173492025,0.9928010972762257,0.9906294958008703,0.0021716014753553337,0.0020001534720590314,0.0045405496390514,0.47826841417573823
-0.0129351257201206,0.9832441483317373,0.9906294958008703,-0.007385347469132997,0.0020001600928626264,0.004540552555579577,-1.626530555198099
-0.012489255182015,0.9919160935808401,0.9906294958008703,0.0012865977799697559,0.0020001534565854775,0.004540549632235159,0.28335727702119784
-0.0121427867084116,0.9916262566252577,0.9906294958008703,0.0009967608243873771,0.002000153408551014,0.0045405496110755405,0.2195242668323736
-0.0119765263464537,0.9839756311444221,0.9906294958008703,-0.0066538646564482384,0.002000159021328368,0.004540552083557819,-1.4654307524723955
-0.0110034930195914,0.9959428512032225,0.9906294958008703,0.005313355402352116,0.0020001534737254605,0.004540549639785477,1.170200928053977
-0.0107766076097282,0.9862322008793032,0.9906294958008703,-0.004397294921567152,0.002000159775186655,0.004540552415640054,-0.9684493248928373
-0.0103980492256101,0.9878192565939211,0.9906294958008703,-0.0028102392069492277,0.002000153507615452,0.0045405496547143275,-0.6189204877500754
-0.0100807540824106,0.992118016301666,0.9906294958008703,0.0014885205007956204,0.002000153421284889,0.004540549616684928,0.3278282645179847
-0.0098093577627422,0.9842402382333303,0.9906294958008703,-0.006389257567540052,0.0020001596684380086,0.004540552368616184,-1.4071542510338437
-0.0088869311003247,0.9937111640846298,0.9906294958008703,0.0030816682837594422,0.002000153535508757,0.004540549667001582,0.6786993887888615
-0.0086194003358595,0.9838241615222778,0.9906294958008703,-0.006805334278592534,0.0020001600185309445,0.004540552522835708,-1.4987899037323336
-0.0083098629662949,0.9918691414543203,0.9906294958008703,0.0012396456534499167,0.002000153482771949,0.004540549643770537,0.27301665012090853
-0.0080215526770364,0.9931237083223975,0.9906294958008703,0.0024942125215271505,0.0020001533264599586,0.004540549574913684,0.5493195218718795
-0.0076427547246642,0.9876003476577916,0.9906294958008703,-0.0030291481430787526,0.002000160022918648,0.004540552524768536,-0.6671320564083046
-0.0075930160258557,0.9898255160067044,0.9906294958008703,-0.0008039797941659099,0.002000153315907158,0.00454054957026508,-0.17706662634650483
-0.0067731711887151,0.9915446237687571,0.9906294958008703,0.0009151279678867308,0.0020001536136782694,0.004540549701435966,0.2015456339124133
-0.0064636898137835,0.9849650263995247,0.9906294958008703,-0.005664469401345684,0.0020001599704524632,0.004540552501656643,-1.2475286651302842
-0.0062245033873238,0.9911093076822771,0.9906294958008703,0.00047981188140677755,0.0020001535379374873,0.004540549668071461,0.10567264240731704
-0.0059651529227973,0.9960708193041825,0.9906294958008703,0.005441323503312168,0.002000153373886609,0.004540549595805555,1.1983843339887148
-0.0054769167680812,0.9869792494515093,0.9906294958008703,-0.0036502463493610637,0.002000159841905968,0.004540552445030595,-0.8039211953946428
-0.0054565354523004,0.990097815999801,0.9906294958008703,-0.0005316798010693846,0.0020001532604960437,0.004540549545855981,-0.11709591442618049
-0.0046620500632053,0.9944809925457098,0.9906294958008703,0.003851496744839422,0.002000153606473697,0.004540549698262286,0.8482445960922812
-0.0043096602052634,0.9906343066833481,0.9906294958008703,4.810882477723766e-06,0.002000159945103574,0.004540552490490197,0.0010595368047830638
-0.0041422746747703,0.9948545465000066,0.9906294958008703,0.004225050699136257,0.002000153510139198,0.004540549655826061,0.9305152502219679
-0.0039115215176068,0.9897626807023996,0.9906294958008703,-0.0008668150984707523,0.0020001534702259694,0.00454054963824392,-0.19090532370129476
-0.0033117422624173,0.9855991982020936,0.9906294958008703,-0.005030297598776712,0.0020001600672487634,0.004540552544296407,-1.1078602328026124
-0.0023827519617043,0.9900584325599361,0.9906294958008703,-0.0005710632409342553,0.0020001577718760048,0.004540551533161581,-0.12576957595647517
-0.0020627770729713,0.9918851607316657,0.9906294958008703,0.0012556649307953194,0.002000153381442711,0.004540549599134087,0.2765447008958526
-0.0011474282988124,0.9876186455463516,0.9906294958008703,-0.0030108502545187488,0.0020001598902445674,0.004540552466324242,-0.6631021834565766
-0.0002141860448849,0.9892222620460589,0.9906294958008703,-0.0014072337548114433,0.0020001580550721054,0.004540551657912266,-0.30992572287097064
1.3792217879338152e-05,0.9917330081884235,0.9906294958008703,0.0011035123875531294,0.002000153307579387,0.004540549566596621,0.2430349831816217
0.0001875884803328,0.9933929014985514,0.9906294958008703,0.002763405697681076,0.0020001533874401275,0.004540549601776003,0.608605992675466
0.0010158293194382,0.9806403913875111,0.9906294958008703,-0.009989104413359207,0.002000159841492953,0.004540552444848657,-2.199975561276037
0.0016542560312307,0.9917763685649836,0.9906294958008703,0.0011468727641132936,0.0020001535584395942,0.004540549677102826,0.25258456479328184
0.0019543264955097,0.9874017098642349,0.9906294958008703,-0.003227785936635419,0.0020001584367464907,0.004540551826043632,-0.7108796596311335
0.0022331530021273,0.9913494775547895,0.9906294958008703,0.0007199817539191855,0.0020001533434974897,0.0045405495824188714,0.1585670943242144
0.0031781365157255,0.990703724024878,0.9906294958008703,7.422822400771079e-05,0.002000159985521786,0.004540552508294834,0.016347839579458266
0.0041224812916058,0.9853982708458002,0.9906294958008703,-0.005231224955070113,0.0020001589620973243,0.004540552057465947,-1.1521120975737973
0.0041579782356637,0.9935894987332792,0.9906294958008703,0.002960002932408834,0.0020001532559760426,0.004540549543864879,0.6519041150885238
0.0051895598194495,0.9949398949296286,0.9906294958008703,0.004310399128758302,0.0020001535381875047,0.004540549668181596,0.9493121854747898
0.0053393002807218,0.9907381848859182,0.9906294958008703,0.00010868908504790831,0.0020001599960342746,0.004540552512925694,0.023937413946540784
0.005850495763243,0.9917745737552546,0.9906294958008703,0.0011450779543842327,0.0020001534922710483,0.0045405496479549775,0.2521892817315554
0.0062257194034427,0.9971270597641344,0.9906294958008703,0.006497563963264064,0.002000153384964989,0.004540549600685681,1.4310082555386792
0.0062905748023394,0.9887329844896051,0.9906294958008703,-0.0018965113112652254,0.0020001563903184957,0.00454055092457203,-0.41768308356633643
0.0073112792794431,0.9930121602149531,0.9906294958008703,0.002382664414082747,0.0020001534713567533,0.00454054963874204,0.5247524206657203
0.0074991297005753,0.9891418534347417,0.9906294958008703,-0.0014876423661286386,0.0020001601200833998,0.004540552567570608,-0.32763465326965513
0.0084578042712641,0.98923428146498,0.9906294958008703,-0.0013952143358902935,0.0020001590321726357,0.004540552088334829,-0.30727856629477956
0.0094303789290344,0.9941077399554885,0.9906294958008703,0.003478244154618171,0.0020001535044369906,0.004540549653314186,0.7660403299585923
0.0096577351224591,0.988730301332783,0.9906294958008703,-0.0018991944680873951,0.002000159917654669,0.004540552478398673,-0.41827387242470293
0.0103526886356477,0.9945468439698171,0.9906294958008703,0.003917348168946733,0.0020001534211658784,0.004540549616632503,0.8627475745661012
0.0106249680819474,0.9893976547643943,0.9906294958008703,-0.0012318410364760002,0.0020001598996483004,0.004540552470466684,-0.2712976106956848
0.0115468161602438,0.9969014217122011,0.9906294958008703,0.006271925911330745,0.002000153529508447,0.004540549664358391,1.3813142405561616
0.0118148290078043,0.9922055224494666,0.9906294958008703,0.0015760266485962404,0.002000159968277192,0.004540552500698414,0.34710019284080973
0.0121237214364859,0.9932229376172046,0.9906294958008703,0.002593441816334252,0.0020001534537289066,0.004540549630976813,0.5711735422163687
0.0124117637376737,0.9999864795159652,0.9906294958008703,0.009356983715094858,0.0020001533461507658,0.004540549583587664,2.0607601663280466
0.0127914654221892,0.9855348670656287,0.9906294958008703,-0.005094628735241691,0.0020001601400597402,0.004540552576370391,-1.1220283543802094
0.0139705253272111,0.9890822079932005,0.9906294958008703,-0.0015472878076698837,0.00200015985411445,0.004540552450408556,-0.3407708257022028
0.0144681378804851,0.9971571819610351,0.9906294958008703,0.006527686160164747,0.002000153383917821,0.004540549600224395,1.4376422977170313
0.014957496861037,0.9901376257507778,0.9906294958008703,-0.0004918700500925466,0.002000159922575614,0.0045405524805664,-0.10832823807185453
0.0157716464475874,0.99488816643463,0.9906294958008703,0.00425867063375962,0.0020001536214189074,0.004540549704845788,0.9379196155951471
0.0161245397944349,0.9892717872239765,0.9906294958008703,-0.001357708576893879,0.0020001600070575667,0.0045405525177815665,-0.2990183620995163
0.0165217438998879,0.995256507443347,0.9906294958008703,0.004627011642476697,0.0020001534625962653,0.004540549634882965,1.01904218972291
0.0171225637989436,0.9886459717948621,0.9906294958008703,-0.0019835240060082082,0.0020001601293236702,0.0045405525716410424,-0.436846391427492
0.017879968715873,0.9980180313945656,0.9906294958008703,0.0073885355936952335,0.00200015363386388,0.004540549710327912,1.6272337194964097
0.0180516884429238,0.9913502369226419,0.9906294958008703,0.000720741121771562,0.0020001577049626813,0.004540551503685602,0.15873426855449843
0.0192867692634686,0.9884537522279196,0.9906294958008703,-0.0021757435729506946,0.002000159709853366,0.004540552386860072,-0.4791803700464045
0.0202201543007882,0.992498049151111,0.9906294958008703,0.0018685533502406093,0.0020001584851383,0.004540551847360708,0.4115256059297606
0.0206208038465436,0.9970904393495497,0.9906294958008703,0.006460943548679321,0.0020001534277472354,0.0045405496195316504,1.4229430553708509
0.0214502176791557,0.9916374605953684,0.9906294958008703,0.0010079647944980508,0.0020001597652765084,0.004540552411274533,0.22199166603499573
0.0220880743123932,0.9978909835515778,0.9906294958008703,0.0072614877507074516,0.0020001536237530455,0.004540549705873997,1.599253002629493
0.0223885658508913,0.9889890233598636,0.9906294958008703,-0.001640472441006735,0.0020001588204915477,0.004540551995087176,-0.3612936142525638
0.0234991103019477,0.99564919075385,0.9906294958008703,0.005019694952979714,0.002000153541497279,0.004540549669639581,1.1055258323775075
0.0236124146374092,0.9914376959792832,0.9906294958008703,0.0008082001784128767,0.0020001597650821947,0.004540552411188936,0.17799600251751105
0.0245569186694498,0.9918058101836355,0.9906294958008703,0.001176314382765109,0.00200015910781411,0.004540552121655663,0.2590685782803389
0.0245915001161978,0.9967091511628315,0.9906294958008703,0.0060796553619612,0.0020001532572487732,0.004540549544425529,1.3389690614487944
0.0267248092610015,0.9909852292419314,0.9906294958008703,0.0003557334410611013,0.0020001566850931353,0.004540551054423104,0.07834587405741629
0.0279334849983414,0.9925879681704763,0.9906294958008703,0.0019584723696060014,0.0020001602755621113,0.004540552636060582,0.43132907524340186
0.0283781214175919,0.9954741482625827,0.9906294958008703,0.004844652461712395,0.0020001534990086826,0.004540549650922967,1.0669748894228286
0.0288921350126734,0.9914063412218372,0.9906294958008703,0.0007768454209668985,0.002000159334664505,0.00454055222158556,0.17109051565882535
0.0300919778466091,0.9895752987530256,0.9906294958008703,-0.0010541970478447071,0.0020001600228700305,0.00454055252474712,-0.2321737370284951
0.0304691733565261,0.9962824343618643,0.9906294958008703,0.005652938560993914,0.0020001535295322576,0.00454054966436888,1.244989919470389
0.0307859308937978,0.9987752390192821,0.9906294958008703,0.008145743218411772,0.0020001534428503763,0.004540549626184722,1.7939993809199655
0.0310591939331517,0.9918925971486477,0.9906294958008703,0.0012631013477774067,0.002000159761268816,0.0045405524095091035,0.27818230775888464
0.0319806631959909,0.9981998245519759,0.9906294958008703,0.007570328751105526,0.002000153567726713,0.004540549681193886,1.6672714280520755
0.0322490582350529,0.9924566976675254,0.9906294958008703,0.0018272018666550816,0.002000160004164979,0.004540552516507352,0.40241839732328155
0.0332258856797049,0.9900656451450351,0.9906294958008703,-0.0005638506558351963,0.0020001600587153164,0.004540552540537336,-0.12418106624716413
0.0353917103722172,0.991231350008899,0.9906294958008703,0.0006018542080286071,0.002000159598234796,0.004540552337690953,0.13255087999595075
0.0365587398014661,0.9891431721257623,0.9906294958008703,-0.0014863236751080366,0.002000159964923172,0.0045405524992209335,-0.32734423296791737
0.0375567697431278,0.9902691768170383,0.9906294958008703,-0.00036031898383204197,0.0020001601242414886,0.004540552569402289,-0.07935575644694579
0.0383136391496052,0.995648050944722,0.9906294958008703,0.005018555143851633,0.002000153654562951,0.004540549719446041,1.1052747913668721
0.0384860287813353,0.9905382474016852,0.9906294958008703,-9.124839918517313e-05,0.002000157904634443,0.004540551591642985,-0.02009632471815064
0.0388042285110334,0.9972176247679216,0.9906294958008703,0.006588128967051299,0.0020001534622153803,0.004540549634715182,1.450954068794043
0.0397211669436878,0.9875541389239529,0.9906294958008703,-0.003075356876917401,0.002000159808295573,0.004540552430224871,-0.6773089671745282
0.0406544946464473,0.9940696251506045,0.9906294958008703,0.0034401293497341445,0.002000158339948766,0.004540551783403269,0.7576456593466429
0.0410541192135158,0.9936030645836541,0.9906294958008703,0.0029735687827837642,0.002000153490473577,0.004540549647163175,0.6548918113122224
0.041884405928211,0.9864026109776123,0.9906294958008703,-0.004226884823258059,0.0020001598087328377,0.004540552430417491,-0.9309186245580714
0.0425216923520115,0.9976855437673094,0.9906294958008703,0.007056047966439105,0.002000153647428879,0.004540549716303418,1.554007423617337
0.0428229052070343,0.990854164662814,0.9906294958008703,0.00022466886194361102,0.002000158715635919,0.004540551948897219,0.04948051789126148
0.0430996350664867,0.9966020936479868,0.9906294958008703,0.0059725978471164565,0.0020001534742253913,0.004540549640005702,1.3153909373643489
0.0440465927510556,0.9897086598589017,0.9906294958008703,-0.0009208359419686785,0.002000159892309963,0.004540552467234071,-0.2028026211818264
0.0449911560457567,0.9888663181931037,0.9906295082592753,-0.0017631900661716493,0.0020001590070920414,0.004540552077286574,-0.38832063505927866
0.0450248217695974,0.9934391683752225,0.990629508805123,0.0028096595700994875,0.0020001533337412458,0.004540549578121157,0.6187928403288356
0.0460573003333242,0.9950930734132991,0.9906295255454765,0.004463547867822659,0.002000153569929468,0.00454054968216422,0.9830413012230586
0.0462078345143175,0.9867436154434779,0.9906295279862006,-0.003885912542722747,0.002000160186181516,0.004540552596687509,-0.8558237042684309
0.0470925096191021,0.9967782646635159,0.990629542330105,0.006148722333410905,0.0020001534764631855,0.0045405496409914705,1.354180180721089
0.047159143727701,0.9884842654049893,0.990629543410494,-0.0021452780055046805,0.0020001566869452944,0.004540551055238998,-0.472470847570232
0.0471827333083525,0.9928129411708443,0.9906295437929696,0.002183397377874652,0.0020001532030969804,0.004540549520571173,0.48086632862006407
0.0483676401854453,0.987141121878733,0.9906295724737407,-0.003488450595007686,0.0020001601810862714,0.004540552594443001,-0.7682876747814925
0.0493264656303913,0.9889038125194777,0.9906296047077864,-0.0017257921883087057,0.002000159236380414,0.00454055217829042,-0.3800842101452273
0.0505261203444429,0.9864240085399103,0.9906296833323077,-0.004205674792397418,0.002000159904155872,0.004540552472452315,-0.926247371418652
0.0509027843020004,0.9924540858930225,0.9906297267927953,0.0018243591002272685,0.002000153578740647,0.0045405496860456245,0.4017925639783291
0.0512192729198788,0.9945972906643955,0.9906297742664648,0.003967516397930693,0.0020001535221748933,0.004540549661127894,0.8737964991104497
0.0514935197851174,0.9882528664982646,0.9906298181064145,-0.00237695160814988,0.0020001597568239794,0.004540552407551107,-0.5234939264651854
0.0526832872221949,0.9861769053797015,0.990630062789347,-0.00445315740964547,0.002000160077630215,0.004540552548869543,-0.980752311908419
0.0529908895363084,0.992967722415922,0.9906301764554184,0.0023375459605036175,0.0020001536370198624,0.004540549711718151,0.5148156300262345
0.054528294474093,0.9940029391158844,0.9906313999226607,0.0033715391932237493,0.002000153772400322,0.004540549771354482,0.7425398603698143
0.0548389549107084,0.9841217511693207,0.9906317879798318,-0.0065100368105110995,0.002000160120897992,0.004540552567929445,-1.4337543092205114
0.0553347185486221,0.9906572781153177,0.990632575479896,2.47026354216473e-05,0.002000153534139628,0.004540549666398469,0.005440450438072457
0.0558260238768828,0.985594640292148,0.990633650939583,-0.005039010647434949,0.0020001600928869403,0.004540552555590288,-1.1097791702093536
0.0569929395756383,0.9864760656709071,0.9906376106129277,-0.00416154494202059,0.002000160182083425,0.004540552594882258,-0.9165282980558678
0.0571584148471155,0.9940489833312699,0.9906383543147781,0.0034106290164918063,0.0020001536363410256,0.004540549711419117,0.7511489210027475
0.0573882735853046,0.9961569519756375,0.9906394636490344,0.005517488326603037,0.0020001536362695693,0.00454054971138764,1.2151586652085864
0.0579911756815589,0.9885136911769437,0.9906430487055753,-0.002129357528631637,0.002000160162408456,0.004540552586215231,-0.46896440206335305
0.0589202691262471,0.9872168192098701,0.9906510397029201,-0.0034342204930499776,0.0020001581445933596,0.004540551697347268,-0.7563443215625881
0.0592376309566948,0.9931757216080148,0.9906544652738383,0.002521256334176547,0.0020001536033418445,0.004540549696882676,0.5552755728909917
0.0594390984426547,0.9910832897233164,0.9906568524093107,0.00042643731400571205,0.0020001536427721703,0.0045405497142520955,0.09391755202397413
0.060155464390315,0.9865358773761383,0.9906669163372401,-0.004131038961101785,0.002000160163673065,0.004540552586772304,-0.9098097383865725
0.060852775718089,0.9925424707072112,0.9906796788890652,0.0018627918181460812,0.0020001538462563343,0.004540549803888733,0.41025688487123335
0.0610888349266511,0.987919021395438,0.990684849123237,-0.0027658277277989862,0.002000158514375322,0.004540551860239908,-0.6091391119256699
0.0613142192231861,0.9914320875249234,0.9906902207991672,0.0007418667257561573,0.00200015348891419,0.0045405496464762515,0.1633869869327146
0.0614872341059995,0.9941384175804534,0.990694615057555,0.0034438025228984426,0.0020001536365196666,0.00454054971149781,0.7584549760963681
0.0623186941780278,0.9893631265999895,0.9907194179445394,-0.0013562913445499536,0.002000160028667724,0.004540552527301063,-0.29870623374467226
0.062955410166666,0.9929569252774317,0.9907430466162739,0.002213878661157853,0.0020001538577808058,0.004540549808965368,0.4875794241451826
0.0632573444984552,0.9878462640830822,0.9907558538696181,-0.002909589786535882,0.002000158923589132,0.0045405520405027,-0.6408008895353948
0.0635327257518878,0.9944182052292554,0.990768394346559,0.003649810882696447,0.00200015360699766,0.004540549698493096,0.8038257755239933
0.0643670976163899,0.992407841117505,0.990811895437469,0.0015959456800360705,0.0020001537997576292,0.0045405497834056265,0.3514873211761233
0.064480870756324,0.9868826346313136,0.9908185607482328,-0.003935926116919175,0.002000160186351764,0.004540552596762505,-0.8668385693242626
0.0650550887137213,0.9932425850330261,0.9908548888859142,0.002387696147111873,0.0020001538339100167,0.004540549798450066,0.5258605792467956
0.0654254934228677,0.9873546925000202,0.9908807887680184,-0.003526096267998269,0.0020001594196704274,0.004540552259031531,-0.7765787214505843
0.0654582434237585,0.9918446777016966,0.990883171480843,0.0009615062208535585,0.002000153604449302,0.004540549697370521,0.2117598715878777
0.066491320238605,0.9934489978083083,0.9909677625762314,0.002481235232076884,0.0020001538114114373,0.004540549788539236,0.5464614083386441
0.0686128675275852,0.9946768480776155,0.9911959769959513,0.003480871081664172,0.002000153921775096,0.00454054983715544,0.7666188471669468
0.0692453970852002,0.9966234586726843,0.9912780868155556,0.005345371857128689,0.0020001539524479636,0.004540549850667121,1.1772521022631917
0.0695906875521052,0.9958077877927375,0.9913254547689899,0.0044823330237475645,0.0020001538781731464,0.004540549817948381,0.9871784703317886
0.0697607961389699,0.9918666992131175,0.9913494994326738,0.0005171997804437334,0.0020001596942627858,0.004540552379992263,0.11390679749070853
0.070731994069201,0.9925628216963134,0.9914953114022086,0.0010675102941047898,0.002000153991934987,0.004540549868061517,0.23510595084831404
0.0709603627266228,0.989178511618655,0.9915317069562047,-0.0023531953375497405,0.0020001604737866874,0.004540552723380557,-0.5182618683034974
0.0716526149459881,0.9946451434534885,0.9916468439267705,0.00299829952671804,0.0020001539555237636,0.0045405498520220385,0.6603384225332997
0.0719279456305685,0.9922097908480032,0.9916948619932189,0.0005149288547843245,0.0020001602410426064,0.004540552620854384,0.11340664843730666
0.0728483565616886,0.9929582813706818,0.991864005358598,0.0010942760120837836,0.0020001541543833642,0.004540549939621524,0.2410007656858844
0.0731175162166128,0.9863208476928039,0.991916252039095,-0.005595404346291022,0.002000160643879683,0.004540552798308284,-1.2323178685149865
0.0737117118104033,0.9935697429345935,0.9920362545237353,0.001533488410858208,0.0020001540058019514,0.004540549874170043,0.3377318724284492
0.0740945258512435,0.9841917528304199,0.9921171579315754,-0.00792540510115547,0.0020001608421002692,0.004540552885626514,-1.7454713777795603
0.0752731695787658,0.9875274656238453,0.992382806733646,-0.0048553411098006816,0.0020001604551039866,0.004540552715150633,-1.0693282105501567
0.0762604372731705,0.9873645070986258,0.9926206646557092,-0.0052561575570834185,0.002000160401763864,0.0045405526916537575,-1.1576030307378777
0.0774271391097038,0.9895700338735189,0.9929128264913548,-0.003342792617835877,0.002000160889566109,0.004540552906535711,-0.7362082738919818
0.0775919442945887,0.9964812638360727,0.992954686679667,0.003526577156405697,0.0020001542436405796,0.0045405499789401525,0.7766850211455804
0.0778215380715905,0.9994733991164537,0.9930131160618985,0.00646028305455526,0.002000154235753024,0.0045405499754656116,1.4227974781607353
0.0784254816265046,0.9913695728432644,0.9931673236190806,-0.0017977507758161204,0.0020001609009370146,0.004540552911544714,-0.39593212783518
0.0791812795463884,0.9949422354753429,0.993361334949605,0.0015809005257378939,0.0020001544568002115,0.004540550072838945,0.34817378960198264
0.0793546094719346,0.9888539298029504,0.99340597387841,-0.004552044075459616,0.0020001587866618066,0.0045405519801848355,-1.002530990796919
0.0796712331710485,0.9973834473487699,0.993487646289483,0.0038958010592868852,0.0020001542366360385,0.004540549975854588,0.8580020217823167
0.0798723377904218,0.9937474695011661,0.9935395351324562,0.00020793436870991666,0.002000154323565655,0.004540550014147888,0.04579497375031979
0.0805896618289048,0.9936340351709424,0.9937248074616781,-9.077229073573001e-05,0.0020001608074710765,0.004540552870371993,-0.01999146212524849
0.0812866196033179,0.9990474655762078,0.9939051696320216,0.005142295944186248,0.002000154555844086,0.004540550116468692,1.1325270754164805
0.0815231752723244,0.9899394955994244,0.9939664123789199,-0.004026916779495515,0.002000159092543796,0.004540552114928935,-0.886878220438296
0.0819204487737184,0.9934894472439393,0.9940691793034035,-0.0005797320594642663,0.0020001543410523973,0.004540550021850959,-0.12767881791288757
0.0827528821942524,0.9930623310830199,0.994284505499629,-0.0012221744166091009,0.002000160879097431,0.004540552901924149,-0.2691686327652256
0.083691583853851,0.9909580051083194,0.9945270848253739,-0.0035690797170544464,0.0020001596598302135,0.004540552364824363,-0.7860452716511078
0.083821034591049,0.9998352279529532,0.9945604671360936,0.005274760816859625,0.0020001530601812673,0.0045405494576155085,1.1617009937008134
0.0839659161980006,0.9940383003251124,0.9945977907604392,-0.0005594904353267705,0.00200015427557471,0.004540549993007432,-0.12322085125995763
0.0854888797537554,0.9965177093199968,0.9949872845122579,0.001530424807738906,0.00200015447936982,0.0045405500827810676,0.33705713621410544
0.0858597307919128,0.9915147441864472,0.9950812193088372,-0.003566475122389945,0.002000160026832384,0.004540552526492577,-0.785471614210116
0.0858915646042493,0.9979437977368099,0.9950892664724337,0.002854531264376181,0.002000154288690619,0.0045405499987851115,0.6286752188919738
0.0870762684051817,0.9902437607596112,0.9953859359955438,-0.005142175235932633,0.0020001609688661283,0.004540552941468197,-1.1324997863079427
0.0879592989107149,0.9994400962404896,0.9956019946163125,0.0038381016241770816,0.002000154410460062,0.004540550052425679,0.8452944202490772
0.089236050320308,0.9893525534423214,0.9959040632676424,-0.006551509825320934,0.0020001611253660442,0.004540553010408045,-1.4428880822012846
0.0896790343404805,0.9980534862887297,0.9960052790519534,0.002048207236776345,0.0020001545414029386,0.004540550110107232,0.45109230976595766
0.0900241554232059,0.998732622990245,0.9960824624577894,0.002650160532455592,0.00200015442500255,0.0045405500588317806,0.5836650842117224
0.0901952267647252,0.993241560952833,0.9961201442507935,-0.0028785832979605352,0.002000160348128439,0.004540552668026799,-0.633972009229328
0.0911658650864475,1.000159275469905,0.996325594318033,0.0038336811518718816,0.0020001545073034858,0.0045405500950861065,0.8443208579552474
0.0913947051022883,0.9897023524160381,0.996371628384828,-0.006669275968789856,0.00200016096153987,0.004540552938240903,-1.4688246254372845
0.0917699052535891,0.9956471828538157,0.9964450770453277,-0.0007978941915119941,0.0020001545598337363,0.00454055011822617,-0.17572632626808285
0.0920860564998649,1.0012785397057624,0.9965049317275213,0.004773607978241112,0.0020001544022817054,0.004540550048823038,1.0513281269696577
0.0923622713661189,0.9932685671186688,0.9965552569757882,-0.0032866898571193293,0.002000160797273112,0.004540552865879684,-0.7238523488664564
0.0924387349482827,0.9974530062813725,0.9965688610039721,0.0008841452774003278,0.0020001544301367614,0.004540550061093448,0.19472206351743412
0.0932822028988868,1.00213527894544,0.9967096821986032,0.005425596746836847,0.0020001545453685135,0.004540550111854105,1.1949205741991775
0.0935517449782001,0.9926307305464788,0.9967509011890332,-0.004120170642554433,0.002000160937721538,0.00454055292774868,-0.9074160588184833
0.0941451275200786,1.0014119274822755,0.9968345958657943,0.004577331616481217,0.0020001543601994277,0.0045405500302854035,1.0081006895531337
0.0945287457652663,0.9930449222224453,0.9968833931815289,-0.0038384709590835175,0.002000161132452101,0.0045405530135295274,-0.8453752103864861
0.0953958368492036,1.0033959328429354,0.9969774760667844,0.006418456776150938,0.0020001546652436476,0.004540550164660218,1.413585698514411
0.0962013982934455,1.0030293128770709,0.9970456316013737,0.00598368127569715,0.002000154396431627,0.0045405500462460235,1.317831807766167
0.096694650544244,0.9926835411594768,0.997078782316944,-0.004395241157467256,0.0020001607002197845,0.004540552823126684,-0.9679969221106066
0.0978614386518068,0.9952042481867327,0.9971378408847025,-0.001933592697969777,0.0020001610783288225,0.004540552989687657,-0.4258496051827353
0.0980254732836765,1.0011561324870626,0.9971444302344002,0.004011702252662341,0.002000154470485079,0.0045405500788672564,0.8835278067592973
0.0988596873378582,0.9961735534371585,0.9971718956794479,-0.0009983422422893407,0.0020001612287086183,0.004540553055931532,-0.2198723877887872
0.0996149492816003,0.9981821739741183,0.9971896147455361,0.0009925592285822127,0.002000154637654153,0.004540550152506788,0.21859889115732628
0.0997890498692868,0.9959781876799816,0.9971928875159982,-0.0012146998360166306,0.00200015906784622,0.004540552104049403,-0.26752249686405405
0.1001047351444772,1.0025190682068366,0.9971981549638035,0.005320913243033076,0.0020001543984373557,0.004540550047129566,1.1718653440229865
0.1010239591591166,0.990482400405272,0.99720993590501,-0.006727535499737924,0.0020001610123029302,0.004540552960602561,-1.481655551231614
0.101720363262316,0.9982043664493891,0.9972162226789806,0.0009881437704085672,0.002000154667800789,0.004540550165786662,0.21762644048166102
0.1019574155590286,0.9908415009232202,0.9972179397863853,-0.006376438863165079,0.0020001593772616716,0.0045405522403500435,-1.4043311310241642
0.10218106916721,1.0002357236042148,0.9972193720715781,0.003016351532636685,0.0020001543172157655,0.0045405500113507025,0.6643141304679506
0.1023537634349227,1.0019495450218134,0.9972203578596981,0.004729187162115345,0.0020001544040128723,0.0045405500495856324,1.0415449913489947
0.103187270204724,0.9971794586865242,0.9972241693342024,-4.471064767819222e-05,0.0020001610795848477,0.004540552990240949,-0.009846960882141275
0.1038228450904061,1.0011669004024062,0.9972259927389314,0.003940907663474769,0.0020001546033529345,0.004540550137396782,0.867936162848803
0.1041259231517721,0.998298947802352,0.9972266702991487,0.0010722775032032672,0.0020001593055702254,0.0045405522087692335,0.23615574800183164
0.1043990066505142,0.9982088020324582,0.9972271800971543,0.0009816219353039335,0.00200015433085864,0.004540550017360515,0.2161900940526505
0.1052348842380364,0.9977589348691329,0.997228255973718,0.0005306788954149155,0.0020001545468974233,0.0045405501125276035,0.11687546272218119
0.1053494264103389,0.9944082524751404,0.9972283607927107,-0.0028201083175702912,0.002000160919523765,0.00454055291973237,-0.6210935908960873
0.1062941680533415,0.9959902100795798,0.997229019484035,-0.001238809404455199,0.0020001598446877603,0.004540552446256002,-0.2728323082088133
0.106325085560623,1.0014454736958056,0.9972290347464344,0.004216438949371182,0.002000154319829708,0.0045405500125021685,0.928618545718346
0.107510535118164,0.9906762583590334,0.9972294705653375,-0.006553212206304115,0.002000161052258257,0.0045405529782033,-1.4432630205533303
0.1094807586829715,1.0018417485818216,0.9972297719229816,0.004611976658840056,0.002000154507697609,0.004540550095259721,1.01573081720977
0.1096704051596888,0.9926550915736959,0.9972297916864942,-0.004574700112798258,0.0020001612118119402,0.004540553048488368,-1.0075204636847614
0.1104574230525918,1.0034434063427202,0.99722984869595,0.006213557646770229,0.0020001544403576775,0.004540550065595856,1.3684592300503187
0.1106294572725423,0.996449545766217,0.9972298541455221,-0.0007803083793050947,0.0020001601848924967,0.004540552596119683,-0.17185317486949483
0.1118288472508761,0.9938046592205517,0.9972298799768127,-0.0034252207562609494,0.0020001610044880188,0.004540552957160011,-0.7543620322409651
0.1125192978266924,1.0012370697653692,0.9972298808229989,0.004007188942370288,0.002000154373545753,0.0045405500361645834,0.8825338142854544
0.112796596985254,0.9939413000211276,0.9972298808229989,-0.0032885808018713325,0.0020001605833366563,0.004540552771638453,-0.7242688208388892
0.1137161490041296,1.0023957253983482,0.9972298808229989,0.005165844575349299,0.002000154536159381,0.004540550107797397,1.1377133723242248
0.1139859736160961,0.9978880038771016,0.9972298808229989,0.0006581230541027328,0.002000161110072401,0.004540553003671035,0.1449433700191674
0.1145783427698741,1.0006541639068103,0.9972298808229989,0.0034242830838113747,0.0020001543522969556,0.004540550026804292,0.7541560083242683
0.1149631656808121,0.9973008985987285,0.9972298808229989,7.101777572959822e-05,0.0020001612118851373,0.004540553048520612,0.015640776568558536
0.1158296578078901,1.0015844051229557,0.9972298808229989,0.004354524299956752,0.002000154622611806,0.004540550145880494,0.9590301086989387
0.1161415984564953,0.9946550084259898,0.9972298808229989,-0.0025748723970091536,0.002000161042247623,0.004540552973793511,-0.5670834393674998
0.1166345879245658,1.0026089550391637,0.9972298808229989,0.005379074216164792,0.0020001544131703097,0.004540550053619569,1.1846745774505405
0.117128963823355,0.9944077127049991,0.9972298808229989,-0.002822168117999846,0.002000160841588481,0.004540552885401066,-0.6215472408820021
0.1182955379595562,0.9952867098550973,0.9972298808229989,-0.0019431709679016418,0.0020001610322494924,0.00454055296938923,-0.42795910123762443
0.1184590022727927,1.0005438668332882,0.9972298808229989,0.003313986010289316,0.0020001544791190375,0.004540550082670595,0.7298644327121139
0.118688166593587,1.0069363946239303,0.9972298808229989,0.009706513800931349,0.0020001544904163933,0.0045405500876471855,2.137739616029884
0.1192939930426972,0.9966505553310816,0.9972298808229989,-0.0005793254919173041,0.0020001612245118157,0.004540553054082796,-0.12758919123219659
0.1202232902142128,0.9959896823903595,0.9972298808229989,-0.00124019843263945,0.0020001591829523014,0.0045405521547547956,-0.27313824186354374
0.1205381368915898,1.0036510944821424,0.9972298808229989,0.006421213659143499,0.0020001543850899544,0.0045405500412499114,1.41419290632372
0.1207388160130187,1.0028104768484039,0.9972298808229989,0.005580596025404949,0.0020001544563225653,0.004540550072628538,1.2290572587330428
0.1214583563663986,0.9961418652050795,0.9972298808229989,-0.00108801561791938,0.0020001609792889637,0.004540552946059565,-0.23962183259278905
0.1221540066876651,1.004392994750206,0.9972298808229989,0.007163113927207032,0.0020001546495427847,0.004540550157743841,1.5775872258542165
0.1223918558981873,0.9989694662807176,0.9972298808229989,0.0017395854577186842,0.0020001590499604586,0.004540552096170544,0.38312201267018453
0.1226145436666512,1.0021366947757993,0.9972298808229989,0.0049068139528003485,0.0020001542795130044,0.004540549994742287,1.0806651085181695
0.1227869776370087,1.0019751187627721,0.9972298808229989,0.004745237939773217,0.002000154402759268,0.0045405500490334075,1.045079976771401
0.1236215581052948,0.9959520563329515,0.9972298808229989,-0.00127782449004743,0.0020001609925526615,0.004540552951902361,-0.2814248624745271
0.1245602623842097,0.9926403080449403,0.9972298808229989,-0.004589572778058604,0.002000159735207896,0.004540552398029002,-1.0107961269317982
0.1248322966389179,1.0001592150171457,0.9972298808229989,0.00292933419414676,0.002000154298823308,0.004540550003248655,0.6451496387113657
0.125668926960635,1.0061167473151715,0.9972298808229989,0.00888686649217263,0.002000154548533843,0.004540550113248462,1.9572224225083306
0.1257837041827767,0.999900595841325,0.9972298808229989,0.002670715018326053,0.0020001609121133124,0.004540552916467989,0.5881915853551052
0.126356161125686,1.0027558707951116,0.9972298808229989,0.005525989972112733,0.002000154540650441,0.00454055010977575,1.2170309408578803
0.1267285053649405,0.9983701644132085,0.9972298808229989,0.0011402835902095676,0.002000160156085484,0.004540552583429896,0.2511332198576163
0.1267585062834899,1.0039957547509977,0.9972298808229989,0.006765873927998767,0.0020001542962692184,0.004540550002123555,1.4901000814514669
0.1277930788096672,1.0094117647039735,0.9972298808229989,0.012181883880974631,0.0020001544824508784,0.004540550084138302,2.6829092632476685
0.1279449018246317,0.9987557783657095,0.9972298808229989,0.001525897542710597,0.002000161128939544,0.004540553011982209,0.3360598452840123
0.1289154065150684,1.002533104469718,0.9972298808229989,0.005303223646719202,0.002000154076672719,0.004540549905389268,1.1679694656421904
0.1299145539139004,1.001210929606468,0.9972298808229989,0.0039810487834690544,0.0020001544931034575,0.004540550088830862,0.8767767573497086
0.1301046599983082,0.9931975373113013,0.9972298808229989,-0.004032343511697567,0.002000161195965247,0.004540553041507733,-0.8880732093283926
0.1305463083782458,1.0034257426670363,0.9972298808229989,0.00619586184403742,0.002000154544998232,0.004540550111690992,1.3645619344855016
0.1308907906900436,1.0016171323352558,0.9972298808229989,0.00438725151225694,0.0020001544218862448,0.004540550057459018,0.9662378911668981
0.1310637876574296,0.9937876349480634,0.9972298808229989,-0.003442245874935468,0.002000160153252346,0.00454055258218187,-0.7581116643035035
0.1311660220993862,1.001764232922889,0.9972298808229989,0.004534352099890171,0.0020001543377698274,0.004540550020404957,0.9986349846413026
0.1320336068808907,1.000842470174158,0.9972298808229989,0.0036125893511591567,0.002000154514660528,0.004540550098326952,0.795628122788532
0.1322630892838101,0.9995640514970631,0.9972298808229989,0.002334170674064162,0.0020001609439867832,0.004540552930508585,0.5140719004464315
0.1326372255154848,1.004687496974761,0.9972298808229989,0.007457616151762103,0.0020001544917420083,0.004540550088231132,1.6424477225990424
0.132952638914118,1.0028411387323306,0.9972298808229989,0.005611257909331702,0.0020001544137195257,0.004540550053861503,1.2358101645767823
0.1332309225971131,0.9995003422292832,0.9972298808229989,0.0022704614062842854,0.0020001608061186397,0.004540552869776231,0.5000407376373484
0.134149894867686,1.0030039618577844,0.9972298808229989,0.005774081034785494,0.0020001545519978256,0.004540550114774378,1.2716699273943397
0.1344201021440914,0.9943282194280908,0.9972298808229989,-0.002901661394908106,0.002000160931017617,0.0045405529247955325,-0.6390546356287152
0.1347252222507129,1.0058164818054858,0.9972298808229989,0.00858660098248687,0.0020001545059061456,0.004540550094470565,1.8910926658299714
0.1350116577876003,1.0036129746928262,0.9972298808229989,0.006383093869827272,0.00200015434198346,0.004540550022261101,1.4057974999796659
0.1353974855955964,0.9942663942002924,0.9972298808229989,-0.0029634866227065126,0.002000161103328306,0.004540553000700191,-0.6526708579878967
0.1365758126661673,0.9957046069070006,0.9972298808229989,-0.0015252739159983264,0.0020001611237317604,0.004540553009688126,-0.33592249947173103
0.1375632771024659,0.9943432829454923,0.9972298808229989,-0.002886597877506558,0.002000160947314482,0.004540552931974471,-0.6357370832920372
0.1387297370279605,0.9929655130310558,0.9972298808229989,-0.004264367791943058,0.0020001610926575573,0.004540552995999614,-0.9391736635824127
0.1391213303805059,1.0038521178829634,0.9972298808229989,0.006622237059964453,0.0020001544680489846,0.004540550077794134,1.4584658128430186
0.1404825880484836,1.0056655249779392,0.9972298808229989,0.008435644154940247,0.0020001546718635805,0.00454055016757636,1.8578462617103948
0.1406576306180937,0.9935546011184291,0.9972298808229989,-0.0036752797045698227,0.002000159184831286,0.004540552155582508,-0.8094345310076767
0.1411720548951245,1.0028372464722333,0.9972298808229989,0.005607365649234364,0.002000154461791655,0.0045405500750377225,1.2349529366632475
0.1418926535802236,0.9939093889616935,0.9972298808229989,-0.0033204918613054524,0.0020001610064630643,0.00454055295803004,-0.731296802833917
0.1425877498736691,1.0005790610489675,0.9972298808229989,0.00334918022596864,0.0020001546547643682,0.004540550160043997,0.7376155108781326
0.1428261961856529,0.9946152798687153,0.9972298808229989,-0.0026146009542835635,0.002000159092774057,0.004540552115030367,-0.5758332660974375
0.1432200918383048,0.9997255983678248,0.9972298808229989,0.002495717544825915,0.0020001544127285493,0.004540550053424969,0.5496509267513475
0.1440558459985896,0.9947652646915693,0.9972298808229989,-0.0024646161314295645,0.0020001610512705922,0.004540552977768224,-0.5428008754653876
0.1449946016821734,0.9934454111693863,0.9972298808229989,-0.0037844696536125655,0.002000159461417506,0.004540552277421544,-0.8334822335228487
0.1452654863865103,1.001604588477641,0.9972298808229989,0.004374707654642096,0.0020001542967704867,0.004540550002344369,0.9634752733442765
0.1462180818395606,0.9942505132963764,0.9972298808229989,-0.002979367526622534,0.002000160852409328,0.004540552890167761,-0.6561684443923423
0.1471628426256077,0.9940491120013689,0.9972298808229989,-0.0031807688216299868,0.0020001597793402634,0.004540552417469761,-0.7005246342696075
0.1471919267662502,0.9990281548782567,0.9972298808229989,0.001798274055257787,0.00200015428750909,0.004540549998264637,0.39604762769820245
0.1482269977828072,0.9996810575359294,0.9972298808229989,0.0024511767129304918,0.002000154529649848,0.004540550104929887,0.5398413532028058
0.1483790683040218,0.9953568228206665,0.9972298808229989,-0.001873058002332395,0.002000161172654091,0.004540553031238925,-0.412517591898121
