scenario_id,replicate_id,parameter,status,truth,mean,sd,scientific_gate
t0_deep_short__direct,rep_0000,baseline,completed,1.0,0.9999962091249165,8.00144049996633e-05,True
t0_deep_short__direct,rep_0000,r,completed,0.1,0.09758274127923587,0.0016642645135210546,True
t0_deep_short__direct,rep_0000,b,completed,0.3,0.21154946434443303,0.13776418221914086,True
t0_deep_short__direct,rep_0000,a,completed,5.0,4.969464681690494,0.18714396080345846,True
t0_deep_short__direct,rep_0000,t0,completed,0.001,0.0007679766164290371,0.0002311980798808519,True
t0_deep_short__direct,rep_0000,q1,completed,0.25,0.4347907790653813,0.23605152690282064,True
t0_deep_short__direct,rep_0000,q2,completed,0.3,0.3618696079355601,0.24586104455514923,True
t0_deep_short__direct,rep_0000,extra_sigma,completed,0.0002,0.000348004295862193,0.00014993719383114986,True
t0_deep_short__direct,rep_0000,depth,completed,0.010000000000000002,0.00952516047949716,0.0003251617454607437,True
t0_deep_short__direct,rep_0000,full_duration,completed,0.06801140489176338,0.06905222256090246,0.0010590609756149462,True
t0_deep_short__direct,rep_0001,baseline,completed,1.0,1.0000367982394491,7.837194359811564e-05,True
t0_deep_short__direct,rep_0001,r,completed,0.1,0.1024800756268055,0.002689947943260346,True
t0_deep_short__direct,rep_0001,b,completed,0.3,0.4955450106584383,0.17191464418566038,True
t0_deep_short__direct,rep_0001,a,completed,5.0,4.4312301855472995,0.3595251072701703,True
t0_deep_short__direct,rep_0001,t0,completed,0.001,0.0007303966833048598,0.0002559222632418144,True
t0_deep_short__direct,rep_0001,q1,completed,0.25,0.2933351658117786,0.24129559447843477,True
t0_deep_short__direct,rep_0001,q2,completed,0.3,0.3106920030455536,0.26720349620427836,True
t0_deep_short__direct,rep_0001,extra_sigma,completed,0.0002,0.00023624004940947963,0.00013762575429383475,True
t0_deep_short__direct,rep_0001,depth,completed,0.010000000000000002,0.01050939991145824,0.0005474906542782932,True
t0_deep_short__direct,rep_0001,full_duration,completed,0.06801140489176338,0.07067370397529028,0.0014757014852529887,True
t0_deep_short__direct,rep_0002,baseline,rejected,1.0,1.0000721102102035,7.565624614493283e-05,False
t0_deep_short__direct,rep_0002,r,rejected,0.1,0.09760384666360215,0.0018437549310134733,False
t0_deep_short__direct,rep_0002,b,rejected,0.3,0.22097687557388734,0.1428639044827814,False
t0_deep_short__direct,rep_0002,a,rejected,5.0,4.9708874313426605,0.2005173729415132,False
t0_deep_short__direct,rep_0002,t0,rejected,0.001,0.0009987259417244623,0.00022232601296016857,False
t0_deep_short__direct,rep_0002,q1,rejected,0.25,0.4876287404792791,0.2354068010194532,False
t0_deep_short__direct,rep_0002,q2,rejected,0.3,0.4113762309225834,0.22349427214817016,False
t0_deep_short__direct,rep_0002,extra_sigma,rejected,0.0002,0.00013273207824345508,9.314810332017301e-05,False
t0_deep_short__direct,rep_0002,depth,rejected,0.010000000000000002,0.009529909465919537,0.00036116912102523546,False
t0_deep_short__direct,rep_0002,full_duration,rejected,0.06801140489176338,0.06887011846884869,0.0010895260376604828,False
t0_deep_short__standardized,rep_0000,baseline,rejected,1.0,0.9999940107593779,8.040238949380194e-05,False
t0_deep_short__standardized,rep_0000,r,rejected,0.1,0.09753193459176838,0.0017535452998762068,False
t0_deep_short__standardized,rep_0000,b,rejected,0.3,0.20997305929709872,0.13758219460809848,False
t0_deep_short__standardized,rep_0000,a,rejected,5.0,4.9694536931775195,0.18475610961919828,False
t0_deep_short__standardized,rep_0000,t0,rejected,0.001,0.0007619361761678608,0.00022381307924153687,False
t0_deep_short__standardized,rep_0000,q1,rejected,0.25,0.44271482037122134,0.2404562502537265,False
t0_deep_short__standardized,rep_0000,q2,rejected,0.3,0.35946067823291683,0.24483072903593756,False
t0_deep_short__standardized,rep_0000,extra_sigma,rejected,0.0002,0.00034057645920986456,0.0001483063242379487,False
t0_deep_short__standardized,rep_0000,depth,rejected,0.010000000000000002,0.009515552417601427,0.0003426232681587441,False
t0_deep_short__standardized,rep_0000,full_duration,rejected,0.06801140489176338,0.06906521599070402,0.0010191348412168326,False
t0_deep_short__standardized,rep_0001,baseline,completed,1.0,1.000042241209899,7.917817153119861e-05,True
t0_deep_short__standardized,rep_0001,r,completed,0.1,0.10268293360616007,0.0026192957955597463,True
t0_deep_short__standardized,rep_0001,b,completed,0.3,0.5089228999300276,0.16352338250246773,True
t0_deep_short__standardized,rep_0001,a,completed,5.0,4.404908045281418,0.35415572334378564,True
t0_deep_short__standardized,rep_0001,t0,completed,0.001,0.0007353743119367729,0.00025439321379972207,True
t0_deep_short__standardized,rep_0001,q1,completed,0.25,0.27773215144292246,0.22896546965175454,True
t0_deep_short__standardized,rep_0001,q2,completed,0.3,0.32216035621189953,0.26653541347115567,True
t0_deep_short__standardized,rep_0001,extra_sigma,completed,0.0002,0.0002320054568763812,0.0001396181111386059,True
t0_deep_short__standardized,rep_0001,depth,completed,0.010000000000000002,0.010550643849254101,0.0005336730197232739,True
t0_deep_short__standardized,rep_0001,full_duration,completed,0.06801140489176338,0.07074118627772276,0.0014794352664637847,True
t0_deep_short__standardized,rep_0002,baseline,completed,1.0,1.000074604961474,7.642944751640749e-05,True
t0_deep_short__standardized,rep_0002,r,completed,0.1,0.0978151880929731,0.0019188592498780251,True
t0_deep_short__standardized,rep_0002,b,completed,0.3,0.24201602326618935,0.14943471972164454,True
t0_deep_short__standardized,rep_0002,a,completed,5.0,4.941466649416869,0.220527339502498,True
t0_deep_short__standardized,rep_0002,t0,completed,0.001,0.0009995043851256272,0.00022932753176691827,True
t0_deep_short__standardized,rep_0002,q1,completed,0.25,0.4800490387008688,0.23288004074707602,True
t0_deep_short__standardized,rep_0002,q2,completed,0.3,0.4190804774007552,0.2308501479599994,True
t0_deep_short__standardized,rep_0002,extra_sigma,completed,0.0002,0.00012994119923477276,9.59192128808905e-05,True
t0_deep_short__standardized,rep_0002,depth,completed,0.010000000000000002,0.009571492121979342,0.00037679051719874244,True
t0_deep_short__standardized,rep_0002,full_duration,completed,0.06801140489176338,0.06895610617417164,0.0011482133827163351,True
t0_intermediate_long__direct,rep_0000,baseline,completed,1.0,1.0000135378938884,4.318396786063472e-05,True
t0_intermediate_long__direct,rep_0000,r,completed,0.04,0.04122685563893265,0.006156139774406074,True
t0_intermediate_long__direct,rep_0000,b,completed,0.75,0.4215160970040634,0.2630440958647807,True
t0_intermediate_long__direct,rep_0000,a,completed,7.0,9.606004784813344,3.524682162010741,True
t0_intermediate_long__direct,rep_0000,t0,completed,0.001,0.0002936316418475737,0.0013384873946198322,True
t0_intermediate_long__direct,rep_0000,q1,completed,0.25,0.4901931137396482,0.28472706280961735,True
t0_intermediate_long__direct,rep_0000,q2,completed,0.3,0.5051050883390588,0.2958532753432598,True
t0_intermediate_long__direct,rep_0000,extra_sigma,completed,0.0003,0.00028194053903561486,4.162332888272912e-05,True
t0_intermediate_long__direct,rep_0000,depth,completed,0.0016,0.001737542208281186,0.0006090155733889242,True
t0_intermediate_long__direct,rep_0000,full_duration,completed,0.03301137115374576,0.03200662019551378,0.006760818535037768,True
t0_intermediate_long__direct,rep_0001,baseline,completed,1.0,1.0000825019588984,4.632262348943912e-05,True
t0_intermediate_long__direct,rep_0001,r,completed,0.04,0.03985968202413712,0.005253373754855093,True
t0_intermediate_long__direct,rep_0001,b,completed,0.75,0.413970405649382,0.26321162289790134,True
t0_intermediate_long__direct,rep_0001,a,completed,7.0,7.50545213727203,1.7496375285549026,True
t0_intermediate_long__direct,rep_0001,t0,completed,0.001,-0.0011361206970703006,0.0014409721527883501,True
t0_intermediate_long__direct,rep_0001,q1,completed,0.25,0.46623172261738455,0.282960979964727,True
t0_intermediate_long__direct,rep_0001,q2,completed,0.3,0.4835530696277058,0.28518762494577493,True
t0_intermediate_long__direct,rep_0001,extra_sigma,completed,0.0003,0.000328506157918116,4.037831548782049e-05,True
t0_intermediate_long__direct,rep_0001,depth,completed,0.0016,0.0016163852873895687,0.000532047206645718,True
t0_intermediate_long__direct,rep_0001,full_duration,completed,0.03301137115374576,0.03956409200951143,0.005292969624741147,True
t0_intermediate_long__direct,rep_0002,baseline,rejected,1.0,0.9999545765375556,3.875591660597207e-05,False
t0_intermediate_long__direct,rep_0002,r,rejected,0.04,0.04167242951105552,0.010019437666392187,False
t0_intermediate_long__direct,rep_0002,b,rejected,0.75,0.43120751318356443,0.26312922685641243,False
t0_intermediate_long__direct,rep_0002,a,rejected,7.0,12.49557020976636,6.2624882658100995,False
t0_intermediate_long__direct,rep_0002,t0,rejected,0.001,0.002119191808677231,0.001362060553552722,False
t0_intermediate_long__direct,rep_0002,q1,rejected,0.25,0.48415875745574805,0.28913125807086243,False
t0_intermediate_long__direct,rep_0002,q2,rejected,0.3,0.49486037050510934,0.28422649617096296,False
t0_intermediate_long__direct,rep_0002,extra_sigma,rejected,0.0003,0.0002490282381253554,4.192292216487275e-05,False
t0_intermediate_long__direct,rep_0002,depth,rejected,0.0016,0.0018369554152218221,0.0015302683944045633,False
t0_intermediate_long__direct,rep_0002,full_duration,rejected,0.03301137115374576,0.02581331692806665,0.006753932193376259,False
t0_intermediate_long__standardized,rep_0000,baseline,completed,1.0,1.0000133105995934,4.209380259573818e-05,True
t0_intermediate_long__standardized,rep_0000,r,completed,0.04,0.04150885015405635,0.006690574686388301,True
t0_intermediate_long__standardized,rep_0000,b,completed,0.75,0.43561654637092645,0.2656303903620977,True
t0_intermediate_long__standardized,rep_0000,a,completed,7.0,9.396102739014198,2.8324639802861267,True
t0_intermediate_long__standardized,rep_0000,t0,completed,0.001,0.00033042903252791084,0.001327837537471826,True
t0_intermediate_long__standardized,rep_0000,q1,completed,0.25,0.49426153373900633,0.2810627401914325,True
t0_intermediate_long__standardized,rep_0000,q2,completed,0.3,0.49479190467093553,0.28989968712872954,True
t0_intermediate_long__standardized,rep_0000,extra_sigma,completed,0.0003,0.0002823812799942168,4.119752605015048e-05,True
t0_intermediate_long__standardized,rep_0000,depth,completed,0.0016,0.0017677372397986355,0.0006948638905792387,True
t0_intermediate_long__standardized,rep_0000,full_duration,completed,0.03301137115374576,0.03208530032402742,0.00660644000867583,True
t0_intermediate_long__standardized,rep_0001,baseline,rejected,1.0,1.0000823687578007,4.612778870915722e-05,False
t0_intermediate_long__standardized,rep_0001,r,rejected,0.04,0.039850386431555404,0.004806920531604867,False
t0_intermediate_long__standardized,rep_0001,b,rejected,0.75,0.42142900319143056,0.25885790987362767,False
t0_intermediate_long__standardized,rep_0001,a,rejected,7.0,7.512181837503584,1.731272265619936,False
t0_intermediate_long__standardized,rep_0001,t0,rejected,0.001,-0.001100364907071827,0.0014596088646084855,False
t0_intermediate_long__standardized,rep_0001,q1,rejected,0.25,0.46521160721213833,0.2886319240397668,False
t0_intermediate_long__standardized,rep_0001,q2,rejected,0.3,0.4760350534783187,0.2860202232851503,False
t0_intermediate_long__standardized,rep_0001,extra_sigma,rejected,0.0003,0.000327792801098528,3.989535410856032e-05,False
t0_intermediate_long__standardized,rep_0001,depth,rejected,0.0016,0.0016111540071202099,0.00047866225614278963,False
t0_intermediate_long__standardized,rep_0001,full_duration,rejected,0.03301137115374576,0.039437866049467085,0.005234781494766077,False
t0_intermediate_long__standardized,rep_0002,baseline,rejected,1.0,0.9999554649190636,4.0088966800652685e-05,False
t0_intermediate_long__standardized,rep_0002,r,rejected,0.04,0.04166740453107669,0.009608327238154479,False
t0_intermediate_long__standardized,rep_0002,b,rejected,0.75,0.4222524892336646,0.2684220083703515,False
t0_intermediate_long__standardized,rep_0002,a,rejected,7.0,12.461547357111282,6.215505014360388,False
t0_intermediate_long__standardized,rep_0002,t0,rejected,0.001,0.0021430016818153722,0.0013824043893785553,False
t0_intermediate_long__standardized,rep_0002,q1,rejected,0.25,0.4747785502700749,0.28925459895465183,False
t0_intermediate_long__standardized,rep_0002,q2,rejected,0.3,0.49212616169271933,0.28486031689157576,False
t0_intermediate_long__standardized,rep_0002,extra_sigma,rejected,0.0003,0.0002509843990464717,4.13543431495453e-05,False
t0_intermediate_long__standardized,rep_0002,depth,rejected,0.0016,0.0018284694726837724,0.0013521771500320241,False
t0_intermediate_long__standardized,rep_0002,full_duration,rejected,0.03301137115374576,0.025901881647938153,0.0067931941037313376,False
