intentType,obs_collection,provenance_name,instrument_name,project,filters,wave_region,target_name,target_classification,obs_id,s_ra,s_dec,dataproduct_type,proposal_pi,calib_level,t_min,t_max,t_exptime,wavelength_region,em_min,em_max,obs_title,t_obs_release,proposal_id,proposal_type,sequence_number,s_region,jpegURL,dataURL,dataRights,mtFlag,srcDen,obsid,objID,wave_min,wave_max,objID1,distance,exptime,obsID,obs_collection_products,dataproduct_type_products,description,type,dataURI,productType,productGroupDescription,productSubGroupDescription,productDocumentationURL,project_products,prvversion,proposal_id_products,productFilename,size,parent_obsid,dataRights_products,calib_level_products,filters_products,author,mission,#,year,sort_order
science,TESS,SPOC,Photometer,TESS,TESS,Optical,292152376,,tess2022302161335-s0058-0000000292152376-0247-a_fast,31.0428231073994,46.6878362174409,timeseries,"Ricker, George",3,59881.83304799769,59909.55299016204,20.0,Optical,600.0,1000.0,,59928.0,G05095_G05015_G05098_G05069,,58,CIRCLE 31.04282311 46.68783622 0.00138889,,mast:TESS/product/tess2022302161335-s0058-0000000292152376-0247-a_fast-lc.fits,PUBLIC,False,nan,104654338,820546314,600.0,1000.0,820546314,0.0,20,104654338,TESS,timeseries,Light curves,S,mast:TESS/product/tess2022302161335-s0058-0000000292152376-0247-a_fast-lc.fits,SCIENCE,Minimum Recommended Products,FAST-LC,,SPOC,spoc-5.0.78-20221129,G05095_G05015_G05098_G05069,tess2022302161335-s0058-0000000292152376-0247-a_fast-lc.fits,12006720,104654338,PUBLIC,3,TESS,SPOC,TESS Sector 58,,2022,1
science,TESS,SPOC,Photometer,TESS,TESS,Optical,292152376,,tess2022302161335-s0058-0000000292152376-0247-s,31.0428231073994,46.6878362174409,timeseries,"Ricker, George",3,59881.83304799769,59909.55229574074,120.0,Optical,600.0,1000.0,,59928.0,G05095_G05015_G05098_G05069,,58,CIRCLE 31.04282311 46.68783622 0.00138889,,mast:TESS/product/tess2022302161335-s0058-0000000292152376-0247-s_lc.fits,PUBLIC,False,nan,104654331,820546301,600.0,1000.0,820546301,0.0,120,104654331,TESS,timeseries,Light curves,S,mast:TESS/product/tess2022302161335-s0058-0000000292152376-0247-s_lc.fits,SCIENCE,Minimum Recommended Products,LC,,SPOC,70cc9b4d91,G05095_G05015_G05098_G05069,tess2022302161335-s0058-0000000292152376-0247-s_lc.fits,2027520,104654331,PUBLIC,3,TESS,SPOC,TESS Sector 58,,2022,1
science,HLSP,TESS-SPOC,Photometer,TESS,TESS,Optical,292152376,,hlsp_tess-spoc_tess_phot_0000000292152376-s0018_tess_v1_tp,31.0428231073994,46.6878362174409,timeseries,Douglas A. Caldwell,4,58790.17112966,58814.52502963,1800.0,Optical,600.0,1000.0,,59183.4088657,N/A,,18,CIRCLE ICRS 31.04282311 46.68783622 0.00111111,,mast:HLSP/tess-spoc/s0018/target/0000/0002/9215/2376/hlsp_tess-spoc_tess_phot_0000000292152376-s0018_tess_v1_lc.fits,PUBLIC,False,nan,38437674,82379276,600.0,1000.0,82379276,0.0,1800,38437674,HLSP,timeseries,FITS,C,mast:HLSP/tess-spoc/s0018/target/0000/0002/9215/2376/hlsp_tess-spoc_tess_phot_0000000292152376-s0018_tess_v1_lc.fits,SCIENCE,Minimum Recommended Products,,,TESS-SPOC,30,N/A,hlsp_tess-spoc_tess_phot_0000000292152376-s0018_tess_v1_lc.fits,146880,38437674,PUBLIC,4,TESS,TESS-SPOC,TESS Sector 18,,2019,2
science,HLSP,TESS-SPOC,Photometer,TESS,TESS,Optical,292152376,,hlsp_tess-spoc_tess_phot_0000000292152376-s0058_tess_v1_tp,31.0428231073994,46.6878362174409,timeseries,Douglas A. Caldwell,4,59881.83489987269,59909.55229574074,200.0,Optical,600.0,1000.0,,60170.50766194,N/A,,58,CIRCLE 31.0428231073994 46.6878362174409 0.0011111111111111111,,mast:HLSP/tess-spoc/s0058/target/0000/0002/9215/2376/hlsp_tess-spoc_tess_phot_0000000292152376-s0058_tess_v1_lc.fits,PUBLIC,False,nan,166095547,293149907,600.0,1000.0,293149907,0.0,200,166095547,HLSP,timeseries,FITS,D,mast:HLSP/tess-spoc/s0058/target/0000/0002/9215/2376/hlsp_tess-spoc_tess_phot_0000000292152376-s0058_tess_v1_lc.fits,SCIENCE,Minimum Recommended Products,,,TESS-SPOC,83,N/A,hlsp_tess-spoc_tess_phot_0000000292152376-s0058_tess_v1_lc.fits,1226880,166095547,PUBLIC,4,TESS,TESS-SPOC,TESS Sector 58,,2022,2
science,HLSP,QLP,Photometer,TESS,TESS,Optical,292152376,,hlsp_qlp_tess_ffi_s0018-0000000292152376_tess_v01_llc,31.0428231074,46.6878362174,timeseries,Chelsea X. Huang,4,58790.18236951,58814.51543656,1800.0,Optical,600.0,1000.0,,59184.70013878,N/A,,18,CIRCLE ICRS 31.04282311 46.68783622 0.00111111,,mast:HLSP/qlp/s0018/0000/0002/9215/2376/hlsp_qlp_tess_ffi_s0018-0000000292152376_tess_v01_llc.fits,PUBLIC,False,nan,38738328,82679930,600.0,1000.0,82679930,0.0,1800,38738328,HLSP,timeseries,FITS,C,mast:HLSP/qlp/s0018/0000/0002/9215/2376/hlsp_qlp_tess_ffi_s0018-0000000292152376_tess_v01_llc.fits,SCIENCE,Minimum Recommended Products,,,QLP,,N/A,hlsp_qlp_tess_ffi_s0018-0000000292152376_tess_v01_llc.fits,72000,38738328,PUBLIC,4,TESS,QLP,TESS Sector 18,,2019,3
science,HLSP,QLP,Photometer,TESS,TESS,Optical,292152376,,hlsp_qlp_tess_ffi_s0058-0000000292152376_tess_v01_llc,31.0428231074,46.6878362174,timeseries,Chelsea X. Huang,4,59881.82993581844,59909.55196168553,200.0,Optical,600.0,1000.0,,60136.85498831,N/A,,58,CIRCLE 31.0428231074 46.6878362174 0.0011111111111111111,,mast:HLSP/qlp/s0058/0000/0002/9215/2376/hlsp_qlp_tess_ffi_s0058-0000000292152376_tess_v01_llc.fits,PUBLIC,False,nan,150897008,272397154,600.0,1000.0,272397154,0.0,200,150897008,HLSP,timeseries,FITS,D,mast:HLSP/qlp/s0058/0000/0002/9215/2376/hlsp_qlp_tess_ffi_s0058-0000000292152376_tess_v01_llc.fits,SCIENCE,Minimum Recommended Products,,,QLP,,N/A,hlsp_qlp_tess_ffi_s0058-0000000292152376_tess_v01_llc.fits,711360,150897008,PUBLIC,4,TESS,QLP,TESS Sector 58,,2022,3
science,HLSP,CDIPS,Photometer,TESS,TESS,Optical,292152376,,hlsp_cdips_tess_ffi_gaiatwo0000356348286886230272-s0018-cam2-ccd3_tess_v01_llc,31.0427614411,46.6878511859,timeseries,Luke Bouma,4,58790.17668320006,58814.51000630017,1800.0,Optical,600.0,1000.0,,59689.92324067,N/A,,18,CIRCLE ICRS 31.04276144 46.68785119 0.00583333,,mast:HLSP/cdips/s0018/cam2_ccd3/hlsp_cdips_tess_ffi_gaiatwo0000356348286886230272-s0018-cam2-ccd3_tess_v01_llc.fits,PUBLIC,False,nan,80233393,154563031,600.0,1000.0,154563031,0.0,1800,80233393,HLSP,timeseries,FITS,C,mast:HLSP/cdips/s0018/cam2_ccd3/hlsp_cdips_tess_ffi_gaiatwo0000356348286886230272-s0018-cam2-ccd3_tess_v01_llc.fits,SCIENCE,Minimum Recommended Products,,,CDIPS,1820,N/A,hlsp_cdips_tess_ffi_gaiatwo0000356348286886230272-s0018-cam2-ccd3_tess_v01_llc.fits,336960,80233393,PUBLIC,4,TESS,CDIPS,TESS Sector 18,,2019,9
science,HLSP,DIAMANTE,Photometer,TESS,TESS,Optical,292152376,,hlsp_diamante_tess_lightcurve_tic-0000000292152376_tess_v2_llc,31.04276144,46.68785119,timeseries,Marco Montalto,4,58790.16707237391,58814.50039544376,1800.0,Optical,600.0,1000.0,,59879.0,N/A,,,CIRCLE 31.04276144 46.68785119 0.005833333333333334,,mast:HLSP/diamante/0000/0002/9215/2376/hlsp_diamante_tess_lightcurve_tic-0000000292152376_tess_v2_llc.fits,PUBLIC,False,nan,99121563,185652101,600.0,1000.0,185652101,0.0,1800,99121563,HLSP,timeseries,FITS,D,mast:HLSP/diamante/0000/0002/9215/2376/hlsp_diamante_tess_lightcurve_tic-0000000292152376_tess_v2_llc.fits,SCIENCE,Minimum Recommended Products,,,DIAMANTE,,N/A,hlsp_diamante_tess_lightcurve_tic-0000000292152376_tess_v2_llc.fits,397440,99121563,PUBLIC,4,TESS,DIAMANTE,TESS Sector ,,2019,9
science,HLSP,TARS,Photometer,TESS,TESS,OPTICAL,292152376,,hlsp_tars_tess_ffi_s0018-0000000292152376_tess,31.042759398787133,46.68785164786019,timeseries,Andrew Boyle,4,58790.18215729167,58814.515171875,1800.0,OPTICAL,600.0,1000.0,TESS All-Sky Rotation Survey,61190.67118042,N/A,,18,CIRCLE 31.042759398787133 46.68785164786019 0.005833333333333334,mast:HLSP/tars/sec_18_cam_2_ccd_3/hlsp_tars_tess_ffi_s0018-0000000292152376_tess_v01_preview.jpeg,mast:HLSP/tars/sec_18_cam_2_ccd_3/hlsp_tars_tess_ffi_s0018-0000000292152376_tess_v01_lc.fits,PUBLIC,False,nan,401574877,1125266091,600.0,1000.0,1125266091,0.0,1800,401574877,HLSP,timeseries,FITS,S,mast:HLSP/tars/sec_18_cam_2_ccd_3/hlsp_tars_tess_ffi_s0018-0000000292152376_tess_v01_lc.fits,SCIENCE,Minimum Recommended Products,,,TARS,1.0,N/A,hlsp_tars_tess_ffi_s0018-0000000292152376_tess_v01_lc.fits,25920,401574877,PUBLIC,4,TESS,TARS,TESS Sector 18,,2019,9
