sample_id,radius_ratio,geometric_depth_fraction,extra_sigma_fraction,baseline,minimum_model_flux,maximum_model_flux,minimum_simulated_flux,maximum_simulated_flux
0,0.015380026588358303,0.00023654521785860833,0.0007950359440089231,1.0006213518671498,1.0003261116838322,1.0006213518671498,0.9979299927307096,1.0037889915350815
1,0.016117106846508602,0.00025976113310177446,0.00038423599990378485,1.0306288977462166,1.0303565400521761,1.0306288977462166,1.0286782710712976,1.0323148371154252
2,0.013952855274347016,0.00019468217030687334,0.0008493377009393206,0.993642437032059,0.9933924799782275,0.993642437032059,0.9897884783469004,0.9963250707368424
3,0.010563722247214401,0.00011159222771629248,0.0006775659025590461,1.0003155428983932,1.0001768586135795,1.0003155428983932,0.9980829795159226,1.002856969442599
4,0.019976217593216626,0.00039904926933153744,0.000851425799022279,1.0062810722555897,1.005841770281023,1.0062810722555897,1.002344749002367,1.0092161977801024
5,0.014897136903238647,0.00022192468791383475,0.001449500512199915,0.9920479973788511,0.9917269339847408,0.9920479973788511,0.9871579167627971,0.9977276833468247
6,0.009932359830451635,9.865177180156922e-05,0.0005926629763964084,1.0106287441318094,1.0105249581710052,1.0106287441318094,1.0085107646286802,1.0128008099285943
7,0.013733063726844645,0.00018859703932557614,0.00096737408320872,1.0246178572796667,1.0243814069947483,1.0246178572796667,1.0212281645867276,1.0281481436651703
8,0.014858793132572573,0.00022078373335658586,3.3888334567914636e-06,0.9850563332642,0.9848328317416519,0.9850563332642,0.98426053165779,0.985684323345832
9,0.014230114655010397,0.00020249616309474166,0.0007196179250063526,1.0202293228215888,1.0200049476095943,1.0202293228215888,1.0175979814855476,1.0227441367920034
10,0.008570165017763321,7.344772843169419e-05,0.0009730900702399289,1.009223633602082,1.0091553780438145,1.009223633602082,1.0058239029348628,1.0127758231372137
11,0.02055590912826881,0.000422545400089645,0.00031744982603474996,0.9985599895146846,0.9979940164895182,0.9985599895146846,0.9971633998209346,0.999767912106834
12,0.017813854535633125,0.00031733341341669686,0.0002299607694760701,0.9909493542982517,0.9905910790877447,0.9909493542982517,0.9898281158395044,0.9920949225588731
13,0.015506991135069374,0.00024046677406312013,0.0008549730693558945,0.9530883742912534,0.9527889561068111,0.9530883742912534,0.9504556157330246,0.955885366951298
14,0.01194280235904548,0.00014263052818722227,0.00010426228526941502,1.0098368783471703,1.009697323865176,1.0098368783471703,1.008924017422015,1.01066032466908
15,0.014181559325765095,0.00020111662491019495,0.001001457877488422,1.0056546928286296,1.005452152814738,1.0056546928286296,1.0015719539488166,1.0091067642876452
16,0.022009559212833554,0.0004844206967432264,1.296095217793509e-05,1.0113951329293935,1.0108393103808808,1.0113951329293935,1.0102738248712742,1.012123503563758
17,0.012994302791181864,0.00016885190502891677,0.0002750018143217685,0.9894491790796461,0.9892511730678474,0.9894491790796461,0.9883740105935531,0.9905796085321474
18,0.012906623228180708,0.0001665809231542138,6.117533902393002e-05,1.0048371422480444,1.0046570447681948,1.0048371422480444,1.0041339907497007,1.0056292101054272
19,0.015370363424174404,0.0002362480717911983,0.00030817726989382346,1.0232855726994927,1.0230491470598482,1.0232855726994927,1.0217018267947529,1.024684699317776
20,0.010551770840933672,0.00011133986787957808,0.00043066023474011767,1.0119085054084718,1.011762169023404,1.0119085054084718,1.010159942595082,1.0135194375384704
21,0.008471133199971647,7.176009769166188e-05,0.0007098067693824698,0.9826342002293714,0.9825294826811154,0.9826342002293714,0.9796896136277102,0.9849396569994547
22,0.01729351915557083,0.00029906580478409527,0.0007851009071714167,0.9752031542639525,0.9749465904337947,0.9752031542639525,0.9721744542125603,0.9780366436276161
23,0.009938615659585918,9.877608122896644e-05,0.0004722691449105523,1.0086545777342397,1.00857563312959,1.0086545777342397,1.0069648600263508,1.0104525429509048
24,0.013404523837121552,0.0001796812592999599,0.00042693579918681165,0.9956699200349864,0.9955085249058584,0.9956699200349864,0.9942478247495583,0.9972986085503196
25,0.012654272160132651,0.00016013060390270828,0.0010101836515654507,1.0103403329748397,1.0101406892966045,1.0103403329748397,1.0058207036330946,1.0134604089422696
26,0.016844007871820534,0.0002837206011859521,0.0004782478477095718,1.0094297643609353,1.009217564088977,1.0094297643609353,1.0075981089803636,1.011059778844854
27,0.014867136874381138,0.00022103175884158335,0.000640330277494783,0.9978340762144584,0.9975248178367077,0.9978340762144584,0.9953417348741829,1.0003120663335292
28,0.010772533154263648,0.00011604747055970949,0.001354647260503121,1.0175057509591652,1.0173919001298362,1.0175057509591652,1.0128527093621835,1.0219581227519479
29,0.013917057351895391,0.00019368448533594557,0.00046005706641564744,1.0189314008174954,1.018751879224412,1.0189314008174954,1.0172862559646256,1.0205426772567796
30,0.010152269943408133,0.00010306858500382817,0.0007853923486681375,0.9874846329391743,0.9873770805725587,0.9874846329391743,0.9846656148041204,0.9901340952591707
31,0.026558003838450816,0.0007053275678831683,0.000578113645660118,1.0088802125261704,1.0080249682729596,1.0088802125261704,1.0066187009722858,1.0109661920603699
32,0.014387147300875439,0.0002069900074570874,0.0002910507286327794,0.9889265312744965,0.9886625877041653,0.9889265312744965,0.9876699453330182,0.9902835154534625
33,0.012177677312284018,0.0001482958247221169,0.000412507614163856,0.9792697086822978,0.9791429406806911,0.9792697086822978,0.9777699462785769,0.9810840527900502
34,0.013112655754958747,0.00017194174094805275,0.0006135373211419346,1.0280236867469654,1.0278114955044957,1.0280236867469654,1.0257987498334737,1.0303100215745777
35,0.015318690428632343,0.00023466227644827214,0.0005069449629637749,0.9890153254928284,0.9888306797637957,0.9890153254928284,0.9872722903355757,0.9909187198716553
36,0.019468723847983503,0.0003790312082690416,0.0008888158833084011,1.0292436116975472,1.02869575943945,1.0292436116975472,1.0260399582454605,1.0328126659124643
37,0.016679935723506897,0.00027822025574032153,0.0009408020986983146,1.01840256270843,1.0180514326638705,1.01840256270843,1.0154080830955834,1.0217225330156265
38,0.01750874106368823,0.00030655601363528245,0.0008684388385348608,0.9846797314516498,0.9844123457844453,0.9846797314516498,0.9817909979957834,0.9876817293465553
39,0.014474012200201676,0.00020949702917158697,0.0007029705490928032,0.989067042946222,0.9888498439843464,0.989067042946222,0.9865221022980396,0.9916524459246315
40,0.020283104468184158,0.00041140432686727216,3.4545928789722373e-05,0.981459306320912,0.9809173463610243,0.981459306320912,0.9806139218310246,0.9821755376732583
41,0.014197144029210417,0.000201558898586145,0.0008450593986265645,0.9819209744034708,0.9816981569939689,0.9819209744034708,0.9791127659542855,0.985186572220076
42,0.010352844471938346,0.00010718138866014437,0.0010922172414922033,1.0093758919336993,1.0092217655882643,1.0093758919336993,1.0053728811418416,1.0134991821996513
43,0.01579011605713922,0.00024932776509792586,0.0002594335451778483,1.0102399685160783,1.00992065559913,1.0102399685160783,1.0090867321409005,1.0112901689854448
44,0.01061308558477398,0.00011263758562973726,0.000264075716596343,0.9933215320438911,0.993201370363279,0.9933215320438911,0.9922811957522328,0.9945466982085199
45,0.012817217933191979,0.00016428107554693807,0.0006956702335544682,0.9712302027685993,0.9710526498241336,0.9712302027685993,0.9688085701211342,0.9737289903682562
46,0.015918394081859744,0.0002533952701453873,5.303070422376756e-05,1.0065441139365012,1.0063323429713706,1.0065441139365012,1.005824931370815,1.007413957599256
47,0.013512004480740053,0.00018257426508753926,0.0009039769627131161,0.9834316346986652,0.9832070088894405,0.9834316346986652,0.9798785029143146,0.9873256909840351
48,0.012988502018485008,0.0001687011846841891,0.0009162561164868073,0.9942392791600554,0.9940556757118296,0.9942392791600554,0.990584150248733,0.9975765269675237
49,0.0093101716523645,8.667929619649153e-05,0.0007152414840452106,1.0125133549184273,1.0124132951835272,1.0125133549184273,1.009973754915123,1.015017570962329
50,0.008800065195949202,7.744114745295647e-05,0.00015085239151265117,1.0018701111352883,1.0017985959175395,1.0018701111352883,1.0008408994968427,1.002730822385934
51,0.015839874498906923,0.00025090162414112186,0.00020331526308377463,1.008419715521213,1.0080496383704636,1.008419715521213,1.0073421869797488,1.0094455108166576
52,0.019036051874769543,0.00036237127097891704,0.0011698613432166347,0.9732530500454007,0.9729928022476406,0.9732530500454007,0.968654986768844,0.9775489660696441
53,0.012061004437053205,0.0001454678280306171,0.00030680546786119396,0.9839237727217565,0.9837436505403824,0.9839237727217565,0.9827605917690064,0.985187005759567
54,0.021318385334018617,0.00045447355324970006,0.0005916594456144276,0.9645894498844466,0.9639927534171836,0.9645894498844466,0.9625110552580524,0.9668191577101773
55,0.012814031465972228,0.00016419940241092635,0.0003830707891995931,1.0417179078497338,1.0416062247990383,1.0417179078497338,1.040163349787132,1.0434054244892041
56,0.014073826476257632,0.0001980725916838103,0.0004174710410633297,1.0252696157871164,1.0250575177388277,1.0252696157871164,1.0238138701374084,1.027273968833726
57,0.019570417475490744,0.00038300124016499347,0.00010928853356142581,1.0140881684064578,1.0136660941708096,1.0140881684064578,1.0130706764721182,1.0148693999528782
58,0.016033322825257615,0.0002570674408189268,0.0007890053182671975,1.055499710891899,1.0552158960197608,1.055499710891899,1.052544416481015,1.058030272662531
59,0.012195288234883766,0.00014872505513189438,0.00023624821775592637,0.9915972145419868,0.9914547331412547,0.9915972145419868,0.9905225558803707,0.9926968621987401
60,0.014751143068712043,0.00021759622183361134,0.0010285605454034164,1.0018372448832418,1.0015742999547876,1.0018372448832418,0.9985634611777359,1.0058957579830745
61,0.015333523516849574,0.0002351169434417789,0.0005426387506981439,1.013851191384173,1.0135901574098296,1.013851191384173,1.0116980179345996,1.0161246870525666
62,0.017199780158589185,0.0002958324375037982,0.0007529934283691315,0.9783946053942756,0.978042094106782,0.9783946053942756,0.9757976717950054,0.9808906278336904
63,0.012121805116617868,0.00014693815928526312,0.0008105097096453943,0.9855908084768431,0.9854211740282683,0.9855908084768431,0.9820300642800353,0.9883915549634599
64,0.01371914949187229,0.0001882150627803397,0.0007648008120144871,0.9590655019009071,0.9588541658450085,0.9590655019009071,0.9564781026426233,0.96181049867706
65,0.018433059065181806,0.00033977766650048114,0.00045524377589876286,0.9600835675968393,0.9596897418460868,0.9600835675968393,0.9577848514499299,0.9615676853833971
66,0.012337095659872723,0.0001522039293208504,0.000776916542830521,0.9584870149396156,0.9583065810233452,0.9584870149396156,0.9550689240605346,0.9617736223606297
67,0.02441549202553872,0.0005961162508491449,0.0017194294335200321,0.9511162002868917,0.9505361865724968,0.9511162002868917,0.9457044983798044,0.9567806543669527
68,0.012137531166475589,0.00014731966281716625,0.0006759985266424241,1.010269432057412,1.010216523569643,1.010269432057412,1.007823640283053,1.0128058913214342
69,0.015023883457866781,0.0002257170741555631,0.0008862199803395616,0.9948560228450337,0.9946810802956062,0.9948560228450337,0.9918025425842636,0.9975102298396115
70,0.013328213132104241,0.00017764126529479595,0.0009877887872176843,1.011742739102776,1.011692173533998,1.011742739102776,1.008763943585727,1.0153985132889323
71,0.011286251159145113,0.0001273794652273044,0.0008120931733635845,1.0303260847507616,1.0301806304399177,1.0303260847507616,1.0273015469331066,1.0334322733245225
72,0.010254875696132064,0.00010516247554312008,0.0006414823565058477,1.000241847998578,1.0001108083946544,1.000241847998578,0.9979786287431646,1.0025330850069296
73,0.014187329750947381,0.00020128032546211667,0.00046544086827374263,0.9910328905267966,0.9908200684135063,0.9910328905267966,0.9888543033386847,0.9929397118595003
74,0.009855713629385972,9.713509114446442e-05,0.0005018362106225451,0.9821511769300147,0.9820618719354494,0.9821511769300147,0.9802622937491141,0.9841236355700114
75,0.014847473874981781,0.00022044748046826652,0.0005034953621222962,0.9747139657951481,0.97445300440426,0.9747139657951481,0.9728362135484981,0.9766229656507772
76,0.014956589821562841,0.00022369957909047718,0.0011535540238622733,0.9986044514746075,0.9982448542024787,0.9986044514746075,0.9943206632155236,1.002624515109667
77,0.009751676110101193,9.509518695631833e-05,0.0004669248737002081,0.9759970403340381,0.9758941413186915,0.9759970403340381,0.9744162811735226,0.9778065702163806
78,0.009428568311634411,8.889790040715656e-05,0.00033302437035993355,0.9807061124772704,0.980605268448547,0.9807061124772704,0.9794770724811185,0.9821343996922342
79,0.020650075979386825,0.0004264256379544488,9.281440086404996e-05,0.9845158552280423,0.9840910627136634,0.9845158552280423,0.9835037057203891,0.9853983728475513
80,0.019021624545784935,0.00036182220036080795,0.00036063584867462346,0.9975113821232175,0.99689561023936,0.9975113821232175,0.9960932383095054,0.9990167443042184
81,0.011500333882102703,0.00013225767939983944,0.0009925230217408538,0.9995812766065713,0.9993470599908876,0.9995812766065713,0.9963030513822279,1.0030101399152018
82,0.009813204535998824,9.629898326534789e-05,0.00023067233344225126,1.0297684160930445,1.0296671930523456,1.0297684160930445,1.0286736879830682,1.0309704863831421
83,0.012619757699806824,0.0001592582844018336,0.0010248038549020256,1.0047509039280726,1.0045819292586646,1.0047509039280726,1.0010736736613643,1.0083224700427946
84,0.014655152241601601,0.00021477348722452044,0.001162069791392836,0.9570912644105863,0.9568026361021433,0.9570912644105863,0.9531130043710216,0.9613095741686112
85,0.011350504894398785,0.00012883396135777078,0.0002918039805478169,0.9497761498408862,0.9495986960500301,0.9497761498408862,0.9484957157982691,0.9509131310515861
86,0.013210064240686594,0.00017450579724306669,0.0005733026974397472,0.9887330271435565,0.988543813194653,0.9887330271435565,0.9863228085311202,0.9906627245666808
87,0.015329655904487165,0.0002349983501499782,0.00016184339200595534,1.0147846786069334,1.0145062501741295,1.0147846786069334,1.0137199613128314,1.0156481195507718
88,0.009363420857659803,8.767365015765865e-05,0.0005300970238245664,1.002969959224238,1.002907008798093,1.002969959224238,1.0010538739484551,1.0050929195686593
89,0.02078128434633428,0.00043186177908319825,0.0010749597262325334,0.9965775268130191,0.9961319824172175,0.9965775268130191,0.9925387447713734,0.9997995238253586
90,0.012047122987428245,0.00014513317227422205,0.0004310868859938837,0.987566125637062,0.9874106503128833,0.987566125637062,0.9857710176547673,0.9892003378709961
91,0.01910106231661283,0.0003648505816231268,0.0011574959685258146,0.9909138668127504,0.9904837083676467,0.9909138668127504,0.9870072869003405,0.995190797626858
92,0.011778398548641189,0.00013873067237063285,0.001738491197955054,0.9986262483597823,0.9984700722602446,0.9986262483597823,0.9911679599594492,1.0061336310656652
93,0.01626625754791598,0.00026459113461513355,0.0001810861978085595,1.018858405477099,1.0185793277355595,1.018858405477099,1.0178085836189583,1.019713551350086
94,0.023833580612461085,0.000568039564810681,0.0006834896186780824,1.0127009678553205,1.0119763803364366,1.0127009678553205,1.0103186111302371,1.0153173346902615
95,0.012075626591359023,0.00014582075757393713,0.0008042981759261088,1.009848422871271,1.0097011138997856,1.009848422871271,1.0070314106133038,1.0128250073772942
96,0.01396379988641744,0.00019498770726791173,0.00035870047150456027,1.0339459424509134,1.0337399604413,1.0339459424509134,1.0323585602334262,1.0354588391764519
97,0.011500486393407255,0.00013226118728494542,0.0010906549153830648,1.0186451762775413,1.0185053346161559,1.0186451762775413,1.0147043251246168,1.0226100263664668
98,0.019200260639468714,0.00036865000862353157,0.000797747984123176,1.0056653965382285,1.0049765770899421,1.0056653965382285,1.0024200560466279,1.0085109891564377
99,0.017218559256020883,0.0002964787828531024,0.00027816724799265474,1.024222831079879,1.023984902590241,1.024222831079879,1.0231106043179115,1.0253424601466827
100,0.016913482997626367,0.0002860659071109962,0.0006404715430752671,1.0103787780447089,1.010047840112823,1.0103787780447089,1.0081541846527444,1.0130246620327044
101,0.017065036705660806,0.00029121547776555064,0.00010856325178799678,1.0206583510669167,1.0204032648703032,1.0206583510669167,1.0199581597109308,1.0214555707654591
102,0.012625755479198237,0.0001594097014205043,0.0013457070737010225,0.9653448979307754,0.9651787205042305,0.9653448979307754,0.9605351541004304,0.9696360483294125
103,0.011696147471884272,0.00013679986568406485,4.507123404449726e-05,1.039785558453774,1.039619896193392,1.039785558453774,1.0390217264926036,1.0404450290510154
104,0.012180133786506037,0.00014835565905718589,0.0007478395316569005,1.0167910047556266,1.0166700287287025,1.0167910047556266,1.0139396144751045,1.0194517747933405
105,0.009123296662160364,8.323454198578645e-05,0.0006341958712266458,0.9879907818875424,0.9878855801166853,0.9879907818875424,0.9856058988230403,0.9904713587714029
106,0.018510895544955865,0.00034265325387626685,0.0003047068691122462,0.960942078263743,0.9605687945256906,0.960942078263743,0.9595068117572507,0.9621303202859286
107,0.01598170163718582,0.0002554147872200279,0.00019111553142742315,1.0232544929233145,1.0229665598852353,1.0232544929233145,1.0220387755207847,1.0243424551883673
108,0.01149932833681638,0.00013223455219790818,0.0013988357666233308,0.9732729349174739,0.9731302679248548,0.9732729349174739,0.9685457414591834,0.9787653313343084
109,0.012860079323619166,0.00016538164020977718,2.222886523880025e-05,1.0085912163253663,1.0084999450907468,1.0085912163253663,1.0078890106402525,1.0093743374613786
110,0.009963042375397958,9.926221337397538e-05,0.000600969923100175,1.0289800386003596,1.0288341736188578,1.0289800386003596,1.0270330971982307,1.0309225063432328
111,0.01300252520660302,0.0001690656617483469,0.0004030724415655256,1.0098462333590177,1.0096469913026438,1.0098462333590177,1.008315260660398,1.011435040441642
112,0.009926341343111779,9.853225245997015e-05,0.0002131292266456207,1.0438510581446674,1.0437781752013342,1.0438510581446674,1.0428205668033532,1.0448694395027627
113,0.020369107745030587,0.000414900550328665,0.0013542304266872542,1.0049551447670424,1.004530713191478,1.0049551447670424,0.9992179855533273,1.0094995650646164
114,0.012833477784746503,0.000164698152051582,0.0009554412677734726,0.9617298173251448,0.9615453404419244,0.9617298173251448,0.9581718543138125,0.9649449573152883
115,0.01077495738927738,0.0001160997067407432,0.00011000768667460275,1.02097835809815,1.0208376126551826,1.02097835809815,1.0200788002842984,1.0218692686069315
116,0.018356830208638902,0.00033697321530879777,0.00020851541853849004,1.0018479146702373,1.0015318130020725,1.0018479146702373,1.0007567888734021,1.0029684812336765
117,0.013377955197422022,0.0001789696852642309,0.0002082107130469304,1.0022491858423546,1.0020067790189096,1.0022491858423546,1.0011600218436334,1.0031450169792833
118,0.014591869084864272,0.0002129226433898177,0.0007524128323561903,0.968327806631039,0.9680178942378568,0.968327806631039,0.9646886054371501,0.9710307257139114
119,0.012136381067259708,0.0001472917454097399,0.0005856501684469433,0.989055363529817,0.9888441571073393,0.989055363529817,0.9867176395652653,0.9913124883872267
120,0.015185733879197584,0.00023060651344980932,0.0009110003451752485,0.9854694897216557,0.9852026835459613,0.9854694897216557,0.9817546506354943,0.9884580451930006
121,0.020421565966344944,0.0004170403565177781,0.0011562148152069267,0.988878006199903,0.9884359376133157,0.988878006199903,0.9842996082758118,0.99336832545376
122,0.017007692983131185,0.00028926162060844974,0.00010160696753720007,0.9838607103640107,0.9835329328177007,0.9838607103640107,0.9830157319822063,0.9846980582787259
123,0.014366328984894098,0.0002063914085022083,0.0005313557560221417,1.0298090209729964,1.0296738298599841,1.0298090209729964,1.027871134980482,1.0320218289180902
124,0.01453050233995583,0.00021113549825146183,0.0009215159012197276,1.0015088839673736,1.0012907159079507,1.0015088839673736,0.9983019369859853,1.0050583040843926
125,0.020031856247367974,0.00040127526471521533,0.0005187356316575986,0.9909874111107577,0.9904817922828322,0.9909874111107577,0.9886751523176629,0.9925552492629836
126,0.014240256880656383,0.00020278491602708146,0.00016177481610271915,1.0098699347646876,1.0096346801041924,1.0098699347646876,1.0087454193911642,1.0107682608897521
127,0.010448699973419906,0.00010917533113454514,0.0002734183700789913,1.0120011839696113,1.0118779656253485,1.0120011839696113,1.0106354178728947,1.0130927687274967
128,0.015932614307405963,0.0002538481986685572,5.345956464454918e-06,1.0241877756112903,1.0238901157776121,1.0241877756112903,1.0233991327032357,1.024867183521209
129,0.016270900968695143,0.0002647422183330845,0.000713536858013236,1.001821159472046,1.0016103920327406,1.001821159472046,0.9992857458067097,1.0043511727509546
130,0.010899786639845595,0.00011880534879415652,0.00042496779797119834,1.0472899603884924,1.0471504691533586,1.0472899603884924,1.0455092963374542,1.049020266856638
131,0.014748696091724744,0.00021752403640605674,5.924065055342735e-05,1.0153098637997697,1.0150645794974147,1.0153098637997697,1.0144413525169653,1.0160908031337559
132,0.013811301978883186,0.00019075206235190262,0.0007089654812834821,0.9999464752354577,0.9996235390461617,0.9999464752354577,0.9973696416637873,1.0024043753974516
133,0.015343292918101072,0.00023541663757065053,0.000696336778560534,0.9924080094849672,0.9921744127336856,0.9924080094849672,0.9897486474582209,0.9946814701382393
134,0.012899853857270457,0.00016640622953893549,0.00015936168722989314,0.9892590259986084,0.9891006197232172,0.9892590259986084,0.9881048229780617,0.9901864056278301
135,0.01245495701946845,0.00015512595435680643,0.0006491088950433618,1.0085916822814043,1.0084831068104054,1.0085916822814043,1.006112363276956,1.0109907878062865
136,0.016268155433642326,0.00026465288121314633,0.0004464438371927274,0.9750825114440431,0.9747422701688562,0.9750825114440431,0.9733796767946062,0.9766646039127485
137,0.014409786046690347,0.00020764193391139182,0.0004684858126182358,0.9761512516433031,0.9758729198892694,0.9761512516433031,0.9742255884063874,0.9778918806461696
138,0.010092508278819532,0.00010185872335804078,0.0003572969151586153,1.000480099659277,1.0003910981689883,1.000480099659277,0.9990044753130951,1.001906257365579
139,0.014763179306531427,0.00021795146323679774,0.0007930622682953459,1.0058855596229404,1.0055410637146205,1.0058855596229404,1.0029188512453064,1.008415816128942
140,0.016702982720246427,0.0002789896317528507,0.00020773339630991198,0.9793370847196832,0.9790236516177615,0.9793370847196832,0.9780944194648782,0.9803263111471969
141,0.017010708910596438,0.00028936421764104507,0.00022702625110341754,0.9996107644863393,0.999283296738891,0.9996107644863393,0.9984379493228173,1.0007097994756673
142,0.012942126999815695,0.0001674986512793584,0.0006686336681019058,0.9847017158208525,0.9845189969448754,0.9847017158208525,0.9819140020448079,0.9872571376599446
143,0.017247576821154686,0.0002974789062016324,0.00033840027030876494,0.9806301036403977,0.9804327190907732,0.9806301036403977,0.9791872662897272,0.9820386455724973
144,0.010892678372973016,0.00011865044213703408,0.0006476376552559668,1.0126330888148625,1.0124898675908913,1.0126330888148625,1.0102859199348084,1.0151020045422081
145,0.008476715619377649,7.1854707691801e-05,0.000307581922515716,0.9931744631498144,0.9930913037767973,0.9931744631498144,0.9919354715077668,0.994683399576434
146,0.015237673060797359,0.00023218668030774954,1.3556616041417206e-05,1.0239163241910023,1.0236592152420771,1.0239163241910023,1.0231756857777041,1.0247369352932385
147,0.012154947000004149,0.00014774273657290987,0.0005886674750420865,0.9855038183299235,0.9854456904186158,0.9855038183299235,0.9835982292710295,0.9873973480229604
148,0.021918366188846707,0.0004804147763883785,0.00011711770213549568,0.9833805828986915,0.9828863402630733,0.9833805828986915,0.9822714266355902,0.984260196260151
149,0.009680785821542758,9.37176141225833e-05,1.6456994414087434e-05,1.0189681996353124,1.0188723265321864,1.0189681996353124,1.0182832343650483,1.019681764637781
150,0.011929884292186515,0.00014232213922495853,0.0006752410170072086,1.0281054069836082,1.0280067704182232,1.0281054069836082,1.02556178849631,1.0311296346185488
151,0.012507267617607246,0.00015643174325844682,0.0006204602844197539,0.9915175997677926,0.9913268712471854,0.9915175997677926,0.989065556002266,0.9937848943893623
152,0.016436126383234714,0.00027014625048566425,8.851907969295984e-05,1.007126453301107,1.0068118596379738,1.007126453301107,1.0062005253892725,1.0078793354823061
153,0.012465406504485521,0.00015538635932206993,0.0004914591009430369,1.0357957848216788,1.0356372567324428,1.0357957848216788,1.033870009117128,1.03795885583948
154,0.013292844098850627,0.00017669970423634794,0.0002973665343913061,1.0133795109742343,1.0131437680955595,1.0133795109742343,1.011890886501095,1.0146597058080535
155,0.01570168866428113,0.0002465430269100145,0.00021093754575496158,0.996684112104465,0.9963726049590856,0.996684112104465,0.9955353491235802,0.9976708079720478
156,0.011213911212582545,0.00012575180468368452,0.00014523063541571206,0.9586230626019681,0.958471411947822,0.9586230626019681,0.9577377197025215,0.9596358085617556
157,0.015918182772047252,0.00025338854276430193,0.0013250122765057074,1.0126343126644914,1.0122768336166519,1.0126343126644914,1.0082910999916148,1.0177311071372173
158,0.02323867708353257,0.0005400361125927018,7.074640532738127e-05,1.0299038740242572,1.029316440464315,1.0299038740242572,1.028830704396883,1.0307115369202167
159,0.014357694521433501,0.00020614339197080157,0.0009267602081356364,1.0001327343649122,0.9999061370529306,1.0001327343649122,0.9969377279021113,1.0034086595096972
160,0.01635174074555523,0.00026737942540985105,2.9980260471519073e-05,1.0208324506022786,1.020547114123378,1.0208324506022786,1.020090040744048,1.0216241206255712
161,0.01806304495127087,0.00032627359291163214,0.00031110785374820346,0.9576177332054545,0.9571838163677315,0.9576177332054545,0.9560066525322636,0.958745686193365
162,0.014598435642917799,0.00021311432322041282,0.0009996218147825143,0.9795645970068984,0.9793827617828154,0.9795645970068984,0.9762131344951971,0.9825636727823589
163,0.013495005144062709,0.00018211516383827896,0.00022306814606087337,0.9947791927416434,0.994570467457739,0.9947791927416436,0.9934584184875718,0.9958687609807843
164,0.013462551380493182,0.00018124028967241888,0.000586831805366251,0.9712717478450386,0.9710819588480252,0.9712717478450386,0.9691793318711212,0.9735657953040631
165,0.014983154563727475,0.00022449492068054745,0.00025963420474080413,1.0163903689820704,1.0161095195469072,1.0163903689820704,1.0151242379030632,1.017474579017865
166,0.01001416038477872,0.00010028340821207149,0.0006455157869051202,0.9950252631320478,0.9949423520534956,0.9950252631320478,0.9926491079351524,0.9978020152926886
167,0.016569203869891327,0.00027453851688202173,0.00013413518724810736,1.0406896331227347,1.0403941634670995,1.0406896331227347,1.0398163372467726,1.0415319271661914
168,0.015528754578123825,0.00024114221874760167,0.0008798863479197453,1.0163567015224058,1.0160859261547106,1.0163567015224058,1.0132663068942436,1.0195156534265846
169,0.013635606764672762,0.0001859297718407896,0.0007905150182969696,1.0297571367587384,1.0295425914534317,1.0297571367587384,1.0267419151997814,1.0323690300604214
170,0.014057633087484077,0.0001976170480223271,0.0005772302329465472,0.9680659146271394,0.9678396041179168,0.9680659146271394,0.9662061225080391,0.9708232993062221
171,0.013144106314482661,0.00017276753080642298,0.0004618857847510849,1.022224297610274,1.0221070095647466,1.022224297610274,1.0201301735674655,1.0243385963692029
172,0.012285768622768855,0.00015094011065221172,0.0003416647846304773,1.0235157444897234,1.0233517726159564,1.0235157444897234,1.0221773309337545,1.0249449717769872
173,0.010727496485904748,0.00011507918085509872,5.186357430393259e-05,1.0261647987528095,1.026051815877938,1.0261647987528095,1.0253846374704987,1.0267938382208714
174,0.004979180569174139,2.47922391404413e-05,0.0006032131752884533,1.0025535677148203,1.0025418491406368,1.0025535677148203,1.000281941422834,1.0047096607460766
175,0.01060782255959051,0.00011252589945575736,7.997035769203088e-05,1.0234331729608352,1.0233212682808794,1.0234331729608352,1.022708393681045,1.0242221833161889
176,0.019578359545984744,0.0003833121625118519,3.097760830152071e-05,0.9967868958425593,0.996352654035622,0.9967868958425593,0.995915295128915,0.997568171261635
177,0.01589015543767191,0.00025249703983337414,5.2094724639486246e-05,0.9752419960984137,0.974971090981501,0.9752419960984137,0.9743009350195438,0.976209566455474
178,0.01239175445690945,0.00015355557852033525,0.00017604359076123525,1.010784559016225,1.0106004553027979,1.010784559016225,1.0099889457157487,1.011756098708094
179,0.01483745078415274,0.00022014994577215473,0.00021287809923915902,1.0077788046259235,1.007540988837708,1.0077788046259235,1.0065800895567434,1.0088224593076243
180,0.015045731416640349,0.0002263740338616784,0.00016298294939918754,0.9914203677920858,0.9911234513601658,0.9914203677920858,0.990434995114829,0.9923030884394709
181,0.0145821404542922,0.00021263882022870513,0.0004894407838128023,1.0462673423271078,1.0460204883985902,1.0462673423271078,1.0445046487018388,1.0483909667263145
182,0.01853415402155517,0.00034351486529472975,0.00023220991449093468,0.9972680943762003,0.9968547136251238,0.9972680943762003,0.995990400843675,0.9984485054652388
183,0.012297084985035928,0.00015121829912919605,3.0144557436780113e-05,0.9556837866957896,0.9554459161259269,0.9556837866957896,0.9548638312074115,0.9564961398065739
184,0.010257839326506679,0.000105223267648427,0.00041177561300579014,0.9674629860094848,0.9673294991371141,0.9674629860094848,0.9658764931113477,0.9691030013878772
185,0.014047547537234948,0.00019733359181087564,0.0002661066916763518,1.0245001963713511,1.0242767554550238,1.0245001963713511,1.0233741021346592,1.0256916758025336
186,0.010840069560499477,0.00011750710807646733,0.00014437963699754532,1.0311555643841128,1.0310672695017138,1.0311555643841128,1.0303629624726032,1.0321046936580065
187,0.013161610824232745,0.00017322799948856057,0.0007973262352424178,1.0009769728943747,1.0008131198952757,1.0009769728943747,0.9981231123844606,1.0039457333969655
188,0.014784119542942849,0.00021857019066002468,0.0019906200609837218,0.9942995977014435,0.9941207474415116,0.9942995977014435,0.9873444438670914,1.0020427092207007
189,0.014040033702980608,0.00019712254638083135,0.0004325330055426759,0.9654569795492595,0.9652361466045709,0.9654569795492595,0.9638386881134978,0.9671791893356657
190,0.009197499420631557,8.459399559251783e-05,1.3779247646906755e-05,0.9939858836830787,0.993892829609183,0.9939858836830787,0.9932966778796847,0.9947088407916226
191,0.013948073335208625,0.00019454874976435784,0.001218895569411315,0.9847201807437803,0.9844270257766871,0.9847201807437803,0.9810396068223688,0.9888252861092723
192,0.02160177616062947,0.0004666367332939397,0.0006886726760601661,0.9872214150520028,0.9868209986405352,0.9872214150520028,0.9848404524706578,0.9901492795373187
193,0.012914219462933951,0.00016677706433682206,0.00021758309634418155,0.9971511195159569,0.9970094910999341,0.9971511195159569,0.9960060674135208,0.9981868228740493
194,0.01694973460537263,0.00028729350319256654,0.0003922857825141624,1.008388947337569,1.00798626058564,1.008388947337569,1.0066603983997138,1.0098981724477236
195,0.01402352351088912,0.00019665921166045993,0.00039397094543512076,0.9860878192539844,0.9858801429264886,0.9860878192539844,0.9844254008665579,0.9875143849716926
196,0.01654693095701703,0.0002738009240962885,6.693982526711622e-05,1.0331411814896103,1.032817394337627,1.0331411814896103,1.0324211051542034,1.0338978427518803
197,0.019311406225126303,0.0003729304103918469,0.0005672942443496662,1.039434248578247,1.0390319448431509,1.039434248578247,1.0374737179028202,1.0417883921079938
198,0.014842234011369216,0.00022029191044824512,0.0003020406542200712,1.0011461968035755,1.0008898602210012,1.0011461968035755,0.9998683173988174,1.0023375482598256
199,0.02405888568678548,0.0005788299804898113,0.0002290678342477123,1.020253126481828,1.0197853010975801,1.020253126481828,1.0192258761147588,1.0212501572187453
200,0.012176598805694005,0.00014826955847482866,0.0006262079111924873,0.9988653606978046,0.9988252643422062,0.9988653606978046,0.9963605029343354,1.001171673353221
201,0.017002634967879002,0.0002890895958509418,0.0003735047584642411,0.9780045197840137,0.9777547518236939,0.9780045197840137,0.9766145485976807,0.9795273768464909
202,0.011242915907785068,0.00012640315810952656,0.0003926877393976277,0.9734947695457624,0.9733303814759721,0.9734947695457624,0.9715858833368913,0.9750230421980293
203,0.01369475600141338,0.00018754634193824781,0.001079898750893489,0.9771181789080035,0.976918714026695,0.9771181789080035,0.9736010683370879,0.9812145655501058
204,0.012019043192938105,0.0001444573992737118,0.001041750356300685,0.9861649059260155,0.9860342348849269,0.9861649059260157,0.9826283955896169,0.9907321988090864
205,0.011838980543209098,0.0001401614603024836,5.708041477194863e-07,0.993149310873129,0.9930334959298629,0.993149310873129,0.9923830226012388,0.9938887904103776
206,0.014099890305373293,0.00019880690662355978,0.00046283355453316933,1.016214142804251,1.01600736908112,1.016214142804251,1.0144707168593743,1.0181033940922453
207,0.011113601655067468,0.00012351214174751836,0.0010475515530132882,0.9772518168041935,0.9771037114543009,0.9772518168041935,0.9737476432565869,0.9808674804662596
208,0.026065080911114268,0.0006793884429029335,0.0005695001886289672,0.990767264893547,0.9899870608570323,0.990767264893547,0.9887003029509326,0.9930641921186215
209,0.015399417798299588,0.00023714206852658613,0.0007523848190084818,1.0051964477596036,1.0049194544463724,1.0051964477596036,1.0023469871809625,1.0084069575389314
210,0.011225438240201252,0.00012601046368457258,0.0007719728392637568,0.9897381691908236,0.9895581892465412,0.9897381691908236,0.9868814952931612,0.9921896437437925
211,0.011673314265323203,0.00013626626593699818,0.0018831126900550638,1.0045284815575963,1.004366525542874,1.0045284815575963,0.9981177797528402,1.0107894984302241
212,0.018708058597257864,0.0003499914564784339,0.000749667066101198,0.9850941335810619,0.984702964791503,0.9850941335810619,0.9824312815143691,0.9880408413371072
213,0.011590441958214662,0.00013433834478674293,4.439810834246437e-05,0.9728135247439036,0.9726745589959558,0.9728135247439036,0.9720021445198256,0.9735740884307861
214,0.010935402713557191,0.00011958303250767397,0.0006417933425323738,1.0205783450414814,1.0204232438531096,1.0205783450414814,1.0183202586667843,1.0234895085015667
215,0.015092757921238265,0.00022779134166910038,2.780492962088675e-05,1.0010017413019459,1.0007516975869057,1.0010017413019459,1.0002654048948323,1.0017687885677862
216,0.013120929489986067,0.00017215879068118605,0.0008523730747238809,1.0178318908135748,1.0175856138616046,1.0178318908135748,1.014897889353246,1.020855775598542
217,0.016162704592942726,0.0002612330197587319,0.00017912704718376846,1.0041050538143628,1.0037525941048122,1.0041050538143628,1.0031280410559271,1.005158591638128
218,0.00991003412486162,9.82087763559218e-05,0.0003158339616170735,1.0090593151975753,1.0089199303466336,1.0090593151975753,1.007588885390702,1.010291662988462
219,0.013450314558932839,0.0001809109617342407,0.00153203287206276,0.9879592413675984,0.987766338924018,0.9879592413675984,0.9817771446621756,0.9939577163316629
220,0.013806981003491581,0.0001906327244307774,0.0009751458381981915,1.0108262493346287,1.0106027803395436,1.0108262493346287,1.0075316525094076,1.0143467609875862
221,0.009309214684742525,8.666147804662586e-05,0.00024453007846724737,1.0182353243212972,1.01814599682272,1.0182353243212972,1.0171770666611388,1.019472030263373
222,0.022683022144340304,0.0005145194936006327,0.0006987723592100932,0.9921968757924435,0.9915736361769679,0.9921968757924435,0.9896863429602785,0.9946084266274489
223,0.02268716292398473,0.0005147073615394273,0.0006825808123034689,0.9801019482067825,0.9795381719388336,0.9801019482067825,0.9774605942646339,0.9827801720189547
224,0.01689704660100324,0.0002855101838364751,0.0002903007754697819,0.9647777956820113,0.9644118042411797,0.9647777956820113,0.9632812473531851,0.9659891553304581
225,0.01092067024925716,0.00011926103869301045,0.0006063527265109341,0.9854352582387574,0.9852615618217577,0.9854352582387574,0.9829754109313044,0.9879359037171267
226,0.011860064633676948,0.0001406611331149947,0.00027628486759334635,0.989720656865328,0.9895618248104564,0.989720656865328,0.9885007072687162,0.9908464298735989
227,0.012334692272835946,0.0001521446334655588,0.0008219274459870432,0.9712783757936225,0.9710494569599687,0.9712783757936225,0.9681996569015029,0.9741832885977363
228,0.014400052278417202,0.00020736150562114847,0.0005763211914201665,1.021985215436393,1.0216799215125307,1.021985215436393,1.0196857893627889,1.024252795584306
229,0.010576557944752648,0.00011186357795871036,0.0009993222279808336,1.0139410409448988,1.0138057491834744,1.0139410409448988,1.0100778249633784,1.0179580111331743
230,0.015057394027302369,0.00022672511489344106,0.0005999413803376048,1.0004537864530751,1.0002251486292868,1.0004537864530751,0.9980368381750795,1.002474568387543
231,0.018892285817970454,0.00035691846342788755,0.0007411135961642894,0.9955790560508503,0.9952440670409597,0.9955790560508503,0.9922833689959202,0.9984218676907847
232,0.016692923557100288,0.00027865369688319375,0.0002798714708804653,1.0036031292969012,1.0033103834345773,1.0036031292969012,1.0023943911092206,1.004955209979
233,0.012980892751559227,0.00016850357662748287,0.0005728461075233967,1.0028412533450979,1.002624450966743,1.0028412533450979,1.000771157922447,1.0053400773597434
234,0.023774331765450896,0.0005652188508937276,0.0001845134883919538,1.0069886085640956,1.0063282442285872,1.0069886085640956,1.0058123808954318,1.007989546822424
235,0.012247909445609101,0.00015001128578784063,0.000512388758169786,1.0229191779648388,1.0226823386754227,1.0229191779648388,1.0212750326165831,1.0247717461329202
236,0.014341044684657552,0.00020566556264734463,0.0005463430634660002,1.0116924630696107,1.011423955491741,1.0116924630696107,1.0097980926517864,1.0137223233596604
237,0.014001253507119017,0.00019603509977061256,0.0005370568921706238,1.0068594147974177,1.0066402164876864,1.0068594147974177,1.0049957299585097,1.0089026438793152
238,0.012587625440770217,0.0001584483142371256,0.00035792756567520917,0.9923101641458841,0.9921372013012406,0.9923101641458841,0.990977365650448,0.9938615258173626
239,0.02169159536224642,0.00047052530935943045,0.0012271993247963138,1.0081692934874178,1.0076444376591265,1.0081692934874178,1.00393552334296,1.0124356566448054
240,0.022191112513439467,0.0004924454745841297,0.00044203035740004705,1.012727840723109,1.0122806240495552,1.012727840723109,1.0110384073346672,1.0144217456316682
241,0.013613985723256417,0.00018534060727302954,0.0004228159730104033,0.9994422137356683,0.9992193519999645,0.9994422137356683,0.9978655119373252,1.0012695149745563
242,0.011904110374797284,0.00014170784381535635,0.0003186372742161204,0.9912392785277635,0.9911219502728201,0.9912392785277637,0.9900053611098608,0.9925719773211796
243,0.017361290291369676,0.000301414400581207,0.0010990928432353761,1.0025710836057389,1.0022160206592643,1.0025710836057389,0.9986283480889597,1.0065466623182693
244,0.015375867508921151,0.00023641730165189714,0.0006457981155995046,0.9798946716184213,0.9796174113105925,0.9798946716184213,0.9775058969094127,0.9822701667035436
245,0.016356166131092354,0.00026752417050789263,0.0009531906704578429,1.0015233408283346,1.0012069832647603,1.0015233408283346,0.9980546961012131,1.004745176573567
246,0.013309315240193888,0.00017713787216285727,0.0009111094372329607,0.9811656492352284,0.9809177768499774,0.9811656492352284,0.9780902377076296,0.9841163615900029
247,0.009108764376144848,8.296958846012545e-05,0.0013395291152912862,0.9941841989845926,0.9940499503493371,0.9941841989845926,0.9892987409917866,0.9994012117683087
248,0.015259624640941475,0.00023285614418242824,0.00033191883382927614,1.0203099192820353,1.0200886423379252,1.0203099192820353,1.0189799410277816,1.0219426568802563
249,0.010538905839605471,0.00011106853629607031,0.00047975928139044985,1.0004581743361818,1.0003246057313164,1.0004581743361818,0.9984251785740694,1.0023353935149037
250,0.01340099143217982,0.00017958657136535696,0.001127453469570587,1.000397942577172,1.0001741958796964,1.000397942577172,0.9960470743266532,1.004591548522469
251,0.01996088211959845,0.0003984368149925051,0.00038507207948689995,1.0168498385452371,1.01647457338636,1.0168498385452371,1.0147648224113026,1.0184413628836664
252,0.014284734407924774,0.00020405363710494995,0.0006486311780466584,1.020735577923804,1.0204997577915786,1.020735577923804,1.0184251032673342,1.0233000168245205
253,0.01926076141828996,0.00037097693041228706,0.0003150774702388748,1.0132874770626368,1.0127484526410422,1.0132874770626368,1.0117997783220392,1.0147278026190802
254,0.021925691103413122,0.00048073593036228936,0.0006692897065129367,1.002007037675972,1.0014355846119274,1.002007037675972,0.9995168912229144,1.0044629248605954
255,0.013371979738911736,0.000178809842137866,0.0007097872285401588,0.9848248061136565,0.9845924576343048,0.9848248061136565,0.9823361668909688,0.9872326620340229
256,0.01281247482256912,0.0001641595110789676,0.000749449333150257,0.9675864192367413,0.9674169467045718,0.9675864192367413,0.9649360994865555,0.9700237648226825
257,0.016811060645675984,0.00028261176003259583,2.125646085411896e-05,1.0283572579040114,1.0279684403764953,1.0283572579040114,1.027569114596929,1.0290119352295237
258,0.01432795867634202,0.0002052903998309646,0.0006780110704850897,1.007205373897336,1.0069427167893796,1.007205373897336,1.004237621976594,1.0097840875283357
259,0.015202551132439531,0.00023111756093443847,0.0009767767923301752,1.0020840175439842,1.001859560799293,1.0020840175439842,0.9988168094840173,1.005764753129172
260,0.011409420933430904,0.00013017488603621132,0.0009656749405861888,0.9890901456676399,0.9889531723817412,0.9890901456676399,0.985812020731203,0.992117991541064
261,0.01804405530592465,0.0003255879318832675,0.0002719541462804795,0.9929094901539969,0.9924364811329851,0.9929094901539969,0.9915952179319147,0.9942144684059104
262,0.014370019215101757,0.00020649745224239372,0.001582293299105226,1.0150159256880968,1.0147576881774991,1.0150159256880968,1.0095678321736192,1.0200526748625196
263,0.017274215206844013,0.00029839851101236096,7.879608055595555e-05,0.9796717885497126,0.9793314698256372,0.9796717885497126,0.9786851272836368,0.9805898111637669
264,0.011710074749491836,0.0001371258506386863,6.678763297005106e-05,1.0066221449355925,1.006473206635091,1.0066221449355925,1.0057309834760997,1.0073781748509518
265,0.01404708474976084,0.00019732058996696356,0.0006275468302414946,1.0194449304343607,1.0192263424718793,1.0194449304343607,1.017057855633274,1.021792648758797
266,0.010692525248207723,0.00011433009618355964,0.0014401524046206361,0.9984926551294305,0.9983410160260545,0.9984926551294305,0.9932138829748475,1.0034942987694537
267,0.010048108097642136,0.00010096447634190146,0.0008746741447693616,1.0048386801311227,1.0047158170638752,1.0048386801311227,1.0017209335619461,1.0077990628900757
268,0.009927475882995484,9.855477740745696e-05,0.0005449796195962766,0.9940101082337733,0.9939104348768724,0.9940101082337733,0.9917139192294633,0.995943853254283
269,0.016679233334945143,0.0002781968246415453,0.0005035738419459805,0.9789516087111768,0.978536615187138,0.9789516087111768,0.9770338905484159,0.9810338238509467
270,0.011304938708939366,0.00012780163921287567,0.001601721204184867,0.9855868009407404,0.9854520441832575,0.9855868009407404,0.9802052175344375,0.9913646330720371
271,0.01293743762018582,0.00016737729217619935,0.00017193317628181104,0.9797006161022465,0.9794879387865701,0.9797006161022465,0.978743812082007,0.9805860362398161
272,0.011075160428014673,0.00012265917850626216,0.0003995165063317615,0.9882114215244148,0.9880771774779659,0.9882114215244148,0.9865875685719355,0.9897772817909841
273,0.018999479208788233,0.00036098021020517635,0.0005559653942750831,0.9394249018110665,0.9389765011548119,0.9394249018110665,0.9368428570265752,0.941360311345112
274,0.02430823722239069,0.0005908903968600202,0.00018673966374427322,0.991646186713197,0.9909480242296359,0.991646186713197,0.990161715978891,0.9925740506511305
275,0.01125935858173026,0.00012677315567198285,0.0006513299594579317,0.9815474898162386,0.981376224247864,0.9815474898162386,0.9792675647118337,0.9837719594029003
276,0.021659522482241615,0.00046913491415872995,0.00023042788991250958,0.9866770481833365,0.986104762211169,0.9866770481833365,0.9853547771643918,0.9876910112109947
277,0.013930077271562358,0.0001940470527916982,0.0008017627360002655,0.9989651820373046,0.9987517245108455,0.9989651820373046,0.9957235380309656,1.001722130620127
278,0.021286112257559046,0.0004530985750414055,0.0012781294048109621,1.0085896253856081,1.0080755422766834,1.0085896253856081,1.0038208921238811,1.012660191849923
279,0.011563662538236574,0.00013371829129821592,0.0003609007977053909,1.0455051085024956,1.04537328620544,1.0455051085024956,1.0440973497720418,1.0469469203196653
280,0.009717248378061196,9.442491604093296e-05,0.00014848824198613613,0.9890427784989118,0.9889547431745638,0.9890427784989118,0.9880232510783421,0.9899985812205188
281,0.013266985236815694,0.00017601289727388558,9.455032678571931e-05,0.9777061728028381,0.9774628941743425,0.9777061728028381,0.9768206630350824,0.97863504780283
282,0.01468061094494699,0.00021552033771689739,9.570663320988464e-05,1.0163565244108503,1.0161586428126534,1.0163565244108503,1.0155370031455597,1.0171848694359382
283,0.016253242724676053,0.00026416789906723504,0.00024293493336174088,1.0064145338090762,1.0060553884606227,1.0064145338090762,1.0051193493546902,1.007622215719861
284,0.012123571896556135,0.00014698099553096572,0.0008619040165369055,1.0298492081596726,1.0297069030898123,1.0298492081596726,1.0264595595809725,1.0327223297501757
285,0.015951126028610624,0.0002544384215806193,0.00016412145841052607,0.9732660497857188,0.973106146103452,0.9732660497857188,0.9724724173298143,0.9741311653537347
286,0.016296176290655707,0.0002655653616961292,0.0006402008434044989,1.0041462112976776,1.0037662149498967,1.0041462112976776,1.0020068857969455,1.0067385753413298
287,0.011635499145866982,0.00013538484037347128,0.0009383119570959838,0.9772004275065586,0.9770622909395618,0.9772004275065586,0.9736278061385522,0.9811887642002711
288,0.01937361756023232,0.00037533705737014217,0.0005327362515365507,0.9901946872404674,0.9897700435345484,0.9901946872404674,0.9881736642201434,0.992154878256415
289,0.013778752397516506,0.00018985401763206686,0.00023990795116150476,1.0196940194850754,1.0194794212424547,1.0196940194850754,1.0185496486480812,1.020779271829712
290,0.01852849599853399,0.0003433051639676901,0.0012345621446073676,1.0157515966274167,1.0153971838199949,1.0157515966274167,1.0111526598863294,1.0199320850117166
291,0.009621996076039417,9.258280848731794e-05,0.0005713261155323928,1.009782950439842,1.0096861845578817,1.009782950439842,1.0077125233612538,1.0118066327324393
292,0.016807824208081718,0.0002825029546097778,0.0005258253137954654,1.0084181560375558,1.0080933718340885,1.0084181560375558,1.0065032174943964,1.0108004030648416
293,0.015526710975321323,0.00024107875371116362,0.0009024531867647439,0.9847061568856794,0.984438655468953,0.9847061568856794,0.9814118503713223,0.9877360811660753
294,0.011984203306996876,0.00014362112890343488,0.001003700991855632,0.9911763021956541,0.9909630921706126,0.9911763021956541,0.9880283118252362,0.9959211703045625
295,0.019420372941386897,0.00037715088518255234,0.0005996295486485013,1.0159172901353515,1.0154329188522324,1.0159172901353515,1.0134047114343685,1.0179061712296866
296,0.012726293299153105,0.00016195854113606922,0.00023439152921781768,0.977051377705458,0.976874746801372,0.977051377705458,0.9760254365162697,0.9781127895573105
297,0.012864291783342682,0.00016549000308697804,0.0012582009897344516,0.9926907469714853,0.9925029630778861,0.9926907469714853,0.9877206592444399,0.9976018858300338
298,0.013729185077419864,0.00018849052289004827,0.0007132624054638498,0.9742280649248265,0.9740029040365127,0.9742280649248265,0.9719055030962731,0.9768262038353029
299,0.008635631547754598,7.457413222857448e-05,0.0004904882048699295,1.0014927194837822,1.0014199725189827,1.0014927194837822,0.9994857116627883,1.003328415930854
300,0.01028979708625025,0.00010587992407620413,0.0009286337558728342,0.9918847377436073,0.9917376320238402,0.9918847377436073,0.9883378739622783,0.9951704253127969
301,0.014608350530311693,0.00021340390521645792,0.000316309537710782,1.0158013687464726,1.0157684872831656,1.0158013687464726,1.0144537227590191,1.0169721361234478
302,0.013944956048346556,0.0001944617991903172,0.0011930495421191298,0.9761695739805533,0.976054950719381,0.9761695739805533,0.9718352115714789,0.9806699991179485
303,0.012928210940260188,0.0001671386381158632,0.0009158656071175858,1.0255935118985493,1.0254013202611734,1.0255935118985493,1.0218324740412532,1.0287391095257619
304,0.02037809003881376,0.0004152665536300006,1.0157558878799228e-05,0.9841177858461901,0.9836902634607386,0.9841177858461901,0.9833540837641406,0.9848716117052928
305,0.012334345866975033,0.0001521360879661641,7.231725827463328e-05,1.0139597941992584,1.01378484493959,1.0139597941992584,1.0132559612676628,1.0148966595778208
306,0.01371963936973747,0.00018822850443565037,0.0006712174293050654,0.9787805340937296,0.9785767624778193,0.9787805340937296,0.9763486565399091,0.9814140498369871
307,0.008060358611177236,6.496938094077901e-05,7.620260378910847e-05,0.9820931457002383,0.9820244086867359,0.9820931457002383,0.9812917622478484,0.9829465039522942
308,0.009180615374105541,8.428369864726303e-05,8.122488534751651e-05,1.0197861505208068,1.019699590625402,1.0197861505208068,1.0189353886430643,1.0205796116442776
309,0.00981226104021961,9.628046672141162e-05,4.467979870585469e-05,1.0169615420679516,1.0168393563181848,1.0169615420679516,1.0163081250140007,1.017739990665313
310,0.013774668299778726,0.00018974148676892896,0.00034448654607589286,0.9675015334849518,0.9673658495637615,0.9675015334849518,0.965944997325953,0.96928671975009
311,0.018892804085698156,0.00035693804622057295,0.0004653606930412027,1.042514456354037,1.0421052069922163,1.042514456354037,1.0408644171307226,1.0439727719894611
312,0.012585765074089981,0.0001584014825001832,0.0003100306323752354,0.9950121849607424,0.9948667179470656,0.9950121849607424,0.9935188808647637,0.9963928526006434
313,0.016192858986794706,0.0002622086821662181,0.0005487967654045712,0.9501186440911715,0.9498545615985338,0.9501186440911717,0.9483982917661822,0.9522965142074132
314,0.01649064746364406,0.0002719414537701903,0.0003990571894215942,1.0101074326404582,1.0097817452740943,1.0101074326404582,1.0084854113232262,1.0115448745742965
315,0.01801737915884843,0.0003246259517537058,0.00020798436246656136,0.9780736130583694,0.9776657502194935,0.9780736130583694,0.976877535770171,0.979070624331414
316,0.011529857754450009,0.00013293761983785099,0.0004003601322181337,0.9741245227312899,0.9739632724850709,0.9741245227312899,0.9724177593619241,0.975708681749689
317,0.013068947391588245,0.0001707973859241012,3.8355798653557155e-05,1.0324088221040915,1.0322226847356775,1.0324088221040915,1.031517544716942,1.033301055589314
318,0.011471766952670588,0.00013160143701638504,0.000443560663968716,1.0367296529146872,1.0365761868588383,1.0367296529146872,1.035019086026923,1.0383499231976552
319,0.014488726114530366,0.00020992318442187422,0.0005688125441302878,1.0250246123078794,1.0248786607311486,1.0250246123078794,1.0230574705615831,1.02692191495144
320,0.014057852842510833,0.0001976232265416899,0.00012633888126151416,0.9905366528636015,0.9903322946131002,0.9905366528636015,0.9896854774987582,0.9915063786465501
321,0.009727378512904318,9.462189273331262e-05,8.523206813540589e-05,0.9865411368800763,0.9864353454684911,0.9865411368800763,0.9856167282127726,0.9872874004410171
322,0.013455703979237867,0.00018105596957687778,0.00030519751203845054,0.9711961053009864,0.9709838866817884,0.9711961053009864,0.9697033888993737,0.9725780717858152
323,0.01296594082753416,0.0001681156215431172,0.00022159806184006875,1.0100529152794617,1.0098533160899523,1.0100529152794617,1.0089417395228488,1.011075882844865
324,0.0068033074313071686,4.628499200487934e-05,0.0008591304770582921,0.9989777311054536,0.9989316186666347,0.9989777311054536,0.9957682890277774,1.0018374745498644
325,0.0222776451744898,0.0004962934745204687,0.0007600255772082398,0.980979249352573,0.9804324959345367,0.980979249352573,0.9782857994013465,0.9838956187750884
326,0.014765140523616535,0.00021800937468214316,0.0002938937455145073,0.9824264261891229,0.9821724107880405,0.9824264261891229,0.9811723054971909,0.983601943668777
327,0.009760783756198684,9.527289953527208e-05,0.0005891556211478823,0.9766276453012118,0.9765181126305781,0.9766276453012118,0.9743985983912037,0.9788308114210803
328,0.020910608842688624,0.0004372535621719277,0.0005461159672512929,1.0086914690619753,1.0081178413388445,1.0086914690619753,1.0061862743935088,1.0107115924268457
329,0.011296441482508975,0.00012760959016774957,5.844624332094045e-05,0.9900007477589277,0.9898651898083095,0.9900007477589277,0.9892903545543993,0.9908431214247369
330,0.019549235436751945,0.000382172606161558,0.000332281404924652,1.0156474303956662,1.0154188461391171,1.0156474303956662,1.014225830962056,1.017003381338765
331,0.01709059702575817,0.000292088506696854,0.0003490304270019438,0.9834481478587944,0.9830830476982255,0.9834481478587944,0.9816493682585806,0.984828624972908
332,0.012123812134673609,0.00014698682067685904,0.000862047039516066,1.0070245668404605,1.0069147194623678,1.0070245668404605,1.0036386401745276,1.0098054032190769
333,0.01520026839012365,0.00023104815913179222,0.0006486676072588896,0.9756409336326871,0.9753668427383979,0.9756409336326871,0.973237508316229,0.9781898170996566
334,0.01655794427329461,0.0002741655185575298,0.0016417245811965024,1.0181039210900154,1.017807337014301,1.0181039210900154,1.0122847553257963,1.0242240943192582
335,0.013213763272044599,0.00017460353980963477,0.00033266004775910757,1.0185196141634476,1.018275244486691,1.0185196141634476,1.0168894204976586,1.020059925565488
336,0.009453852850911007,8.937533372667817e-05,8.801844193665343e-05,1.0318653740519794,1.0317617246644963,1.0318653740519794,1.0310464797591294,1.0326209954690682
337,0.012257973941614531,0.0001502579251533009,0.001266581041221791,0.9901540258247923,0.9900613132191242,0.9901540258247923,0.9861725196640317,0.9943752418188824
338,0.009435302687745718,8.902493680938157e-05,0.0009228721087273607,1.0109858192832486,1.0109068269008443,1.0109858192832486,1.0074350197659379,1.0139563151976998
339,0.010905788038993442,0.00011893621275145242,0.0008201981385921524,0.9799895322501726,0.9798504972124109,0.9799895322501726,0.9771063607791863,0.9828090924264126
340,0.010221902435367325,0.00010448728939816845,2.905238556231328e-06,1.0447169895018764,1.0445986049609723,1.0447169895018764,1.0438911181056687,1.0455072763687279
341,0.012529239106545647,0.00015698183258899275,0.0004136919708344533,0.9834944982372024,0.9833466843219284,0.9834944982372024,0.981518853662313,0.9849754049861206
342,0.013738782340175648,0.00018875414019072225,0.0012616015003030557,1.0070095570812647,1.006863138821214,1.0070095570812647,1.003184061567775,1.0114166732325993
343,0.013691395419571404,0.00018745430853506082,0.0008548443400724524,0.9764230141467926,0.9761862217745998,0.9764230141467926,0.9733724040997831,0.9799634268909256
344,0.01686656651887348,0.00028448106613558383,0.00010100557122572274,1.0095153219552173,1.009207828285012,1.0095153219552173,1.0086068326493025,1.010436028114759
345,0.011981077615540646,0.00014354622082960914,0.0006878541094202575,0.9339521564611861,0.9337760738644278,0.9339521564611861,0.9315242943170783,0.9361243061967716
346,0.013761480063684153,0.0001893783335431764,0.000476024376291851,1.000993429310508,1.000810233735348,1.000993429310508,0.9991677257764711,1.00271287600691
347,0.011441976817252722,0.0001309188334865487,0.00019879411273790077,1.023694776673454,1.0235588801915623,1.023694776673454,1.0227107316313422,1.0248458448056348
348,0.01158813325455434,0.00013428483232530815,0.0003529641840363666,0.9893822621219265,0.9892049808800626,0.9893822621219265,0.9879462619873484,0.9910951551329237
349,0.015080082366274231,0.000227408884173615,8.402754989141726e-05,1.0043101316157967,1.0039937040247569,1.0043101316157967,1.003296847524384,1.0051573042532718
350,0.009929504466797088,9.859505895614331e-05,0.0013129996987891292,1.0022931331679332,1.0021771554649124,1.0022931331679332,0.9978051603360995,1.007167445236525
351,0.014008509303316168,0.00019623833290109563,0.0009156233876994911,1.0202416310586837,1.020023482540962,1.0202416310586837,1.0171870348760879,1.0238542505443715
352,0.013783413983269358,0.00018998250103418528,0.00023133841747016953,1.0111231768360085,1.010902824183143,1.0111231768360085,1.0099712726790304,1.0122067746103183
353,0.01770207174559896,0.00031336334408633304,0.0007490028943538517,0.9911548895887151,0.9910985548565774,0.9911548895887151,0.9885947109264769,0.9939442661371996
354,0.022100842949379418,0.000488447259073134,2.595627663286613e-05,1.024797704780624,1.0242160651653482,1.024797704780624,1.0237514627835904,1.0254844234889737
355,0.014350046203432398,0.00020592382604064458,0.0001423178819928934,1.0072190855962342,1.006896042148043,1.0072190855962342,1.0062175147405474,1.0081313620084735
356,0.012095139094252865,0.00014629238970932402,0.0007499539188931867,0.9965008913338451,0.9963419547976675,0.9965008913338451,0.9937436890957391,0.9990549601260863
357,0.02147753389730297,0.00046128446230979815,0.0003576654160999357,1.0269473469364554,1.0262595846975875,1.0269473469364556,1.0250534433859437,1.028321449318408
358,0.02336683821907356,0.0005460091283563568,1.504660691479582e-05,1.0097211240375232,1.0090492476325041,1.0097211240375232,1.0084088760977108,1.0104391323977988
359,0.013794779997940118,0.00019029595519156877,0.00048689380610624443,1.0051707231118956,1.0048997648324067,1.0051707231118956,1.0032297316063883,1.007160497533059
360,0.013968740401599736,0.00019512570840728478,0.0005364758578774492,1.0243912007798552,1.0242292139100078,1.0243912007798552,1.0226215476549774,1.0265756999737705
361,0.020761853210763365,0.00043105454874528505,0.0013572071098617523,0.9892703042046286,0.9887586665941555,0.9892703042046286,0.9840452076825171,0.9944381570879083
362,0.012337790833419196,0.00015222108264920274,7.318455836956496e-05,0.9931026677859607,0.9929549883893974,0.9931026677859607,0.9923902438524119,0.9939159438140549
363,0.014775711060577217,0.0002183216373456639,0.0005038260920784529,0.9992873478010424,0.9990302055179336,0.9992873478010424,0.9972885549051291,1.001419917820712
364,0.01701474133636696,0.00028950142274347445,0.00023972099479318624,0.9881811119404813,0.9880266613910508,0.9881811119404813,0.9871927953306098,0.9892830656574583
365,0.014989579335592642,0.00022468748865802593,0.0005525590287384872,0.9571101885718849,0.9568616483607816,0.9571101885718849,0.9550623671931278,0.9589900518516582
366,0.009371874343413834,8.783202870873849e-05,0.0005027649838926575,0.9704998201921834,0.9704060602810959,0.9704998201921834,0.9684997607070915,0.9723994833113183
367,0.011584427117764392,0.000134198951646795,0.000900907801581196,1.0169549655999974,1.0167837957668113,1.0169549655999974,1.0136302997983553,1.0200999284229397
368,0.014296686181312307,0.00020439523576692626,0.000391138010770156,0.9934756129600992,0.9932008578329243,0.9934756129600992,0.9919810467453896,0.9950440807745011
369,0.014720673474534643,0.0002166982275438678,0.0004656435285983283,1.0005687770057337,1.0003398551486387,1.0005687770057337,0.9986248969166405,1.0020710982009895
370,0.010226727380691724,0.00010458595291898981,5.073455926606275e-05,0.9795204345731972,0.9793881456448879,0.9795204345731972,0.978719514315247,0.9802610326256535
371,0.013738083143449034,0.00018873492845631847,0.00018377045717934466,1.0007878271493622,1.0006185829593004,1.0007878271493622,0.9998014594944244,1.0017917510423076
372,0.009374169661860264,8.787505684934138e-05,0.0004793566024262867,1.0094451220007037,1.0093511694143422,1.0094451220007037,1.0075588508124682,1.0114218917064113
373,0.016141860106923585,0.0002605596477114911,0.0010097789173135277,0.9994997948824355,0.99920433019969,0.9994997948824355,0.9959389770666287,1.0031384566877684
374,0.013494396757040429,0.00018209874383642326,0.0007981515964900312,0.9564955164679955,0.9563491836607878,0.9564955164679955,0.9537021420824342,0.959124832803521
375,0.018935826505579567,0.00035856552544940966,0.00023103385417105055,1.014152968079907,1.0137843500447103,1.014152968079907,1.0126996686174359,1.0151577995625285
376,0.017028731821064475,0.00028997770743373385,0.0015019205971626055,1.0000112245284654,0.9995789424716006,1.0000112245284654,0.9946853009953337,1.0054663056715116
377,0.01397845790402881,0.00019539728537470551,0.0011864101475336335,1.0155753544116748,1.0153530587837294,1.0155753544116748,1.0115465347891806,1.0194822981106428
378,0.012601664726206538,0.0001588019538717181,0.0004970400075010825,1.00095353983232,1.0008556403407252,1.00095353983232,0.9992228656401329,1.0030178402475964
379,0.007493727921820786,5.615595816627647e-05,0.0008178793214673758,1.0162416137674157,1.0161842638741907,1.0162416137674157,1.0128767984914318,1.019648370649754
380,0.015916901823347956,0.0002533477636540975,0.0007054841606077513,0.9876979610094936,0.9874602079422156,0.9876979610094936,0.9851411292392257,0.990151290662951
381,0.014050422325940351,0.00019741436753728306,0.0007377788567705962,0.994301857917554,0.9940525278163335,0.994301857917554,0.991677229845752,0.9967677785256742
382,0.01088979253913045,0.0001185875815453012,0.0012546000509878678,0.9711202642217441,0.9709864055329657,0.9711202642217441,0.9660446570624692,0.9748639854070619
383,0.009528906259060336,9.080005449395924e-05,5.088024990090789e-05,0.97793524806152,0.9778394887115495,0.97793524806152,0.9770919987123927,0.9786830784659961
384,0.01718334325311136,0.00029526728535424765,0.0005846433104223361,1.0074900710139254,1.0071060797447076,1.0074900710139254,1.00540464227945,1.0095493274534437
385,0.01255532929709814,0.00015763629375857086,0.0004238220980134492,1.0034666067496658,1.0033205240328669,1.0034666067496658,1.0021643203585067,1.0051148908102971
386,0.013141393627772604,0.0001726962264800624,0.0009101925257337101,1.0335179574978919,1.0333309551158911,1.0335179574978919,1.0303211842387865,1.036528133123223
387,0.009471190653015566,8.970345238576942e-05,0.0014058233655227556,0.9920480920409662,0.991940213070424,0.9920480920409662,0.98750731756785,0.9967883806041364
388,0.01166787895527918,0.00013613939931504676,0.0002160030989857423,0.989758248090698,0.989594410639405,0.989758248090698,0.988811197718679,0.9907979281073974
389,0.013688064067863433,0.00018736309792593403,0.00021900624092182304,1.0082229108431175,1.0079922329595932,1.0082229108431175,1.007068824115769,1.0092476438151803
390,0.013681899999278681,0.00018719438759026198,0.0006226368877164734,0.9956992954684722,0.9954915585754245,0.9956992954684722,0.9935672196336631,0.9979652739379116
391,0.013569143292313282,0.00018412164968733053,0.0012596679382442634,0.9751225933925343,0.9749085231905689,0.9751225933925343,0.9701732629912879,0.9792009658926566
392,0.010471777284494232,0.0001096581194960494,0.0006261850567691724,1.0054672978135626,1.0053430405679387,1.0054672978135626,1.003002545214435,1.0075859218987553
393,0.01942764117955721,0.000377433241801627,0.0007163696979693975,1.0355595604973555,1.0352141466448301,1.0355595604973555,1.0330296769066107,1.0384109564298238
394,0.018547419735991777,0.0003440067788630573,3.448764317892737e-05,1.0055479768219495,1.0051429527725215,1.0055479768219495,1.0046145001255251,1.0063261316429106
395,0.013293151812352987,0.0001767078851062635,0.00027650724226644676,0.9898535327259469,0.9896308338196175,0.9898535327259469,0.9884528810289782,0.9911402702407685
396,0.01537229354792382,0.0002363074089235403,6.464960990427619e-06,1.0047056724241576,1.0045163588943935,1.0047056724241576,1.0040631722968427,1.0053929659623169
397,0.012291110892396123,0.00015107140696917862,9.437864830961289e-05,1.035477936646898,1.0353172135288813,1.035477936646898,1.034578796017698,1.0363347307646829
398,0.014763458862638155,0.0002179597175888091,0.0004033214199672246,1.020860231690555,1.0206140102480785,1.020860231690555,1.0194346919526687,1.0224059288293381
399,0.01316219976349382,0.00017324350261411676,0.0004975142113791206,1.0208857002500198,1.0206337087488164,1.0208857002500198,1.0186207937559861,1.02309304808099
400,0.01599385674351679,0.0002558034535321375,0.0002054478668015045,1.0118605907718639,1.0115980961057816,1.0118605907718639,1.010758293389361,1.0128891960417292
401,0.01802350966950681,0.0003248469008068055,0.0006256968126175852,0.9914968390539773,0.991155729890054,0.9914968390539773,0.9893538380761603,0.9940650231272978
402,0.01765529882726496,0.0003117095766800235,0.0004259034257659338,1.0010813740768962,1.0006452083946882,1.0010813740768962,0.9994101703981959,1.002576167596961
403,0.014326862584985502,0.00020525899152905747,0.0004588514446110103,1.016325448931512,1.0160775819562036,1.016325448931512,1.0143191175935542,1.0184751204383093
404,0.01080145078952449,0.00011667133915851923,0.0020093621578562023,1.023391134069396,1.0232535252869666,1.023391134069396,1.015694908445987,1.0297925941906707
405,0.015207116567490917,0.00023125639429725673,0.00024596761426388833,0.9998819185162791,0.9995909476894305,0.9998819185162791,0.9985312968937335,1.0010100079157704
406,0.013323060132573384,0.00017750393129616632,0.0005824703125008839,0.9988612349513003,0.9985661282418445,0.9988612349513003,0.9963947316136833,1.0012186923521487
407,0.01744625069076921,0.0003043716631651651,0.001381526595146251,1.0137248932430987,1.0133500655172964,1.0137248932430987,1.0085777993463791,1.0185116774462104
408,0.015302614762276899,0.00023417001856265487,0.0005611306443186921,0.9844367311881053,0.9841003020077831,0.9844367311881053,0.982494894998223,0.9865670675690799
409,0.019186185771042637,0.00036810972444095897,0.00017022481521538333,0.9801914181441356,0.9796858735157792,0.9801914181441356,0.9790238118548927,0.9811073734233597
410,0.01971343282885395,0.0003886194338977367,0.0006983384391200979,1.0463154733900315,1.04588054965851,1.0463154733900315,1.0435708905905132,1.0487458474273466
411,0.01675556952287774,0.00028074911003598933,0.00031559209909942854,1.0290242768083153,1.0286560141950727,1.0290242768083153,1.0275676619859129,1.0302863342684017
412,0.015765559613221226,0.0002485528699180322,0.0006619480002636539,1.0006020680119354,1.0003071789158557,1.0006020680119354,0.9983235722478858,1.0031161919241884
413,0.015086857959189449,0.00022761328308075802,0.0006084307609459981,1.00968058466909,1.0094471171504638,1.00968058466909,1.0075502416468303,1.0121389635072344
414,0.02112229969493399,0.0004461515444026085,0.0004048794992421356,0.9912017243371073,0.9907661734832433,0.9912017243371073,0.9897224661020183,0.9928749980541871
415,0.014130840046331678,0.00019968064041501107,0.000243317130779606,0.9942254210615109,0.9939983892416671,0.9942254210615109,0.9931354006601896,0.9953118772618718
416,0.020065036820479172,0.00040260570260718494,0.0012406734224365398,0.9795239067834816,0.9793208294437225,0.9795239067834816,0.9736819482057535,0.9832795304940553
417,0.015376304184859784,0.0002364307303853365,9.323614262449482e-05,0.9885110794212051,0.9882038663883882,0.9885110794212051,0.9876202247584296,0.9892597386065616
418,0.008234073025844908,6.779995859494671e-05,4.59895560579649e-05,1.0204505103494759,1.0203680047916224,1.0204505103494759,1.0197106366057167,1.0211842098606938
419,0.010815299588201313,0.00011697070518254749,0.00027329842597422085,1.0018706448726271,1.0017571971401167,1.0018706448726271,1.0006047749938032,1.0030481286765027
420,0.01566190489728424,0.0002452952650115761,0.00017001941993500098,0.9849345859316411,0.9846645747982736,0.9849345859316411,0.9839698377725611,0.9858441300153085
421,0.018691108026804775,0.0003493575192696859,0.0006085575206712998,0.9750642719804475,0.9746938218620377,0.9750642719804475,0.9729213707228292,0.977079949741231
422,0.011240430789574448,0.00012634728433521327,0.0007952928623062251,1.0192752137237244,1.019146592511547,1.0192752137237244,1.0163288046770815,1.0221303771729129
423,0.01347303392510951,0.0001815226431471518,0.00026372639146359254,1.0320194916298306,1.0317624623226638,1.0320194916298306,1.0307077362561756,1.0334171683307753
424,0.017508042447634407,0.0003065315503481682,0.0001972548602120411,0.9806648190892788,0.9802904766249456,0.9806648190892788,0.9793380330560018,0.9815883667280336
425,0.017800365447007308,0.0003168530100470117,0.00039503706175696054,0.9945987529078939,0.9943102709888506,0.9945987529078939,0.9929793176832616,0.9963371415725963
426,0.010367485118661864,0.0001074847476856752,5.014122101200493e-05,0.9900157563476524,0.9898980651273359,0.9900157563476524,0.9893187486949703,0.9907743849817723
427,0.014460199351181896,0.00020909736527592132,0.0003249585295254555,0.9955140321313188,0.9952719126582985,0.9955140321313188,0.9941191192345499,0.9968742608196808
428,0.010905924547785075,0.0001189391902419811,0.000479045591717473,1.0244631516049953,1.0243272447553606,1.0244631516049953,1.0227798255211986,1.0262618633222267
429,0.015479573155011982,0.00023961718506136762,0.00046111137211458605,0.9861841750916407,0.985916116336623,0.9861841750916407,0.9844084520103716,0.9878329295669469
430,0.013033869778088627,0.00016988176139217206,0.00012023086038960129,0.9894589679650846,0.9892680014907769,0.9894589679650846,0.9884239809639677,0.990422695666908
431,0.01995283634447101,0.0003981156781892432,0.000263672928077276,0.9991017969673573,0.9986070491498313,0.9991017969673573,0.997836834300621,1.0004450807419198
432,0.01618612050886084,0.0002619904971273655,0.00023794489203313456,0.9949481041196446,0.9946877495890083,0.9949481041196446,0.9937422801891398,0.995991253802648
433,0.01511029747065768,0.00022832108965176388,0.00022369814263986797,1.00820248400275,1.0079868314567142,1.00820248400275,1.0070274319334362,1.009225934343028
434,0.012277021338158547,0.00015072525293760027,0.0011164080893565542,1.009482647660223,1.0092514396844778,1.009482647660223,1.0057346200147532,1.0130318459150813
435,0.010523904055054024,0.00011075255655998253,0.0008062687050222414,1.0135854775220188,1.0134704618788977,1.0135854775220188,1.0101804154619565,1.0165545142922305
436,0.015383595078242718,0.00023665499753133356,6.121042807024702e-05,0.9896413909577665,0.9893618499354953,0.9896413909577665,0.9887269827819586,0.9904591145640862
437,0.01807836119270964,0.00032682714341407,0.0007320472755094749,0.9854726862738653,0.9851149678630037,0.9854726862738653,0.9828700903529074,0.988334991186328
438,0.01248975676709475,0.0001559940241011891,0.0009739438184615515,1.0184154042631102,1.018229002815159,1.0184154042631102,1.015046373688255,1.021558060275451
439,0.00934410929168304,8.731237845491733e-05,0.0016527859970283966,1.0180907624042361,1.0180440921556742,1.0180907624042361,1.01275254911498,1.0232107534943058
440,0.009488032730512838,9.00227650952829e-05,6.887275911255312e-05,1.0126955756110947,1.0126097366093767,1.0126955756110947,1.0118792119914402,1.0135129986913458
441,0.015184261021239289,0.0002305617827611268,0.0007470833740490317,1.0215320922134536,1.0212981783552069,1.0215320922134536,1.0189377137373012,1.0244673169393166
442,0.00922859789885828,8.516701917881145e-05,0.0009744574220518886,0.9601100616093958,0.9600219731692919,0.9601100616093958,0.9567433656129611,0.9639606911172817
443,0.021064925310148065,0.0004437310783221166,0.0008532952499414829,0.9833201420693035,0.9829765241214226,0.9833201420693035,0.9801839828875853,0.9862536805889238
444,0.017732304842566472,0.0003144346350297064,0.0007589946688958558,1.0140375887454818,1.0135173203298364,1.0140375887454818,1.0114439706217064,1.016550928200897
445,0.011393918328512925,0.00012982137487682277,0.0007723911241610592,0.9889473643662099,0.9887880460779118,0.9889473643662099,0.9860674041050578,0.9920168884549522
446,0.011819419120228315,0.00013969866833961868,7.031241257412405e-05,1.0096099279393254,1.0095276481418791,1.0096099279393254,1.0088312033423323,1.010406993688165
447,0.011836193017684318,0.000140095465151879,0.0003666174194205763,1.0200320288286349,1.0198666277432074,1.0200320288286349,1.0184882704678033,1.0215036488198834
448,0.012451480514610487,0.00015503936700572463,0.0002530611243876712,1.0074767074633797,1.0073424065205892,1.0074767074633797,1.0061467382501137,1.008672726003724
449,0.01927717628865568,0.00037160952566390874,0.0005453089800779415,0.9722113100618482,0.9717744437543832,0.9722113100618482,0.9698576440546195,0.974242450306249
450,0.013715684992646143,0.00018812001481749864,0.0005205018147812535,1.0072629693319093,1.0070548800782646,1.0072629693319093,1.0053495412192237,1.0097418046423814
451,0.013496063555294667,0.00018214373148855292,0.00023913691145938196,0.9590133374471885,0.9588354197296757,0.9590133374471885,0.9579967196417309,0.9601237140206619
452,0.013981863357977473,0.0001954925029611531,0.0010013426093762004,0.9571839037743463,0.956946441345625,0.9571839037743463,0.9537321075674434,0.9608635418836051
453,0.01182660319719897,0.0001398685431839969,0.00036966217067848506,0.9835767299530609,0.9834289699528348,0.9835767299530609,0.9819661442422998,0.9850878274811029
454,0.010080481562703128,0.00010161610853599769,0.0007387970694910227,1.0337772097212339,1.0336451695308846,1.0337772097212339,1.0305964324811623,1.0361842944400619
455,0.015022393876419632,0.00022567231777829004,0.00014765686690934216,0.9819814436117005,0.9817346587888478,0.9819814436117005,0.9809734462730486,0.9827921735239394
456,0.014832589971090514,0.0002200057252504949,0.00034897359124270945,1.0244995415437144,1.0241855687634205,1.0244995415437144,1.0229939438721853,1.0258793347246558
457,0.018684197506563343,0.00034909923646426783,6.137752454569795e-05,1.0075323989952987,1.0071761160717037,1.0075323989952987,1.0067615102573793,1.0082373925988146
458,0.01631160757125914,0.0002660685415587585,0.00015430311646669594,1.0583501029102007,1.058023000629445,1.0583501029102007,1.0574459088284391,1.0593700933576113
459,0.014153472838338949,0.00020032079338559838,0.0001876315626072413,1.0160609172871045,1.0157858872393155,1.0160609172871045,1.014977179677512,1.017013623552609
460,0.015612911175913138,0.00024376299538695338,0.00038452128237689766,1.0021374485762158,1.001903030728245,1.0021374485762158,1.0005757486022757,1.0035571191913022
461,0.01464101668489631,0.0002143593695674121,0.0006978080513760228,1.0048110897847555,1.0045623978928793,1.0048110897847555,1.0018357307454453,1.007702425390426
462,0.01320318481650601,0.00017432408929881485,0.00041187863034290945,0.9928414290447357,0.9927224376706345,0.9928414290447359,0.9913106756531388,0.9944253378425009
463,0.013067590298417508,0.00017076191620729538,0.0008964709058122433,1.002211366928605,1.0019710889704776,1.002211366928605,0.9986286588169732,1.0053753350335286
464,0.0122379487300631,0.00014976738911965306,0.0009139554214149552,1.0020143164978694,1.001876387196186,1.0020143164978694,0.9983207632856199,1.0056589116682388
465,0.01628894916543426,0.0002653298649141015,0.00046874315748520606,1.009426992663067,1.0091457690320915,1.009426992663067,1.0071399304302315,1.0113171744129381
466,0.015092894066748809,0.0002277954513101014,0.00033651729200330147,0.9852542295825724,0.9851944448013819,0.9852542295825724,0.9838300262416604,0.9866701598080247
467,0.012347784333284017,0.00015246777794129422,0.0004944070729588481,0.9836177550881964,0.9834325754114058,0.9836177550881964,0.9817158058396775,0.9855793012727466
468,0.01354247268105517,0.0001833985663171256,0.0004052087315957023,0.9701469326963703,0.9699607570377177,0.9701469326963703,0.9683076656857156,0.9715928398928165
469,0.012973873225388066,0.00016832138646844135,0.0001477553763100819,1.0219748074766566,1.0217401841314908,1.0219748074766566,1.0210053464365583,1.0228159685461973
470,0.010579106244681679,0.0001119174889362629,0.00013233046601978163,1.0387198246675704,1.0387017808144152,1.0387198246675704,1.03794464820167,1.0395164963251526
471,0.0089563218511606,8.021570110157684e-05,4.148545734584252e-05,1.0015707691522262,1.0014825684971116,1.0015707691522262,1.0007779843477218,1.00255436914872
472,0.011421316399745814,0.00013044646830310267,0.00030573945461998583,0.9928504695846787,0.9926702395503681,0.9928504695846787,0.9913037295295428,0.9940285901865532
473,0.01007808771335187,0.00010156785195801393,0.001128147544138462,1.0035896472830377,1.0035387301231964,1.0035896472830377,0.9999818058219861,1.0074918351769835
474,0.01711945218900963,0.00029307564325178664,0.0005403986032189775,1.0126922621112955,1.012349799722108,1.0126922621112955,1.0101469801937413,1.0148497612172143
475,0.009000363133494031,8.100653653475849e-05,0.0005846176238982558,0.9851449814245901,0.9851268786478382,0.9851449814245901,0.9830587638029069,0.9871369067519195
476,0.01778285054207047,0.00031622977340161604,0.0006796003882626036,0.9798591390515208,0.9794424149582338,0.9798591390515208,0.9773183364714816,0.9824304338695834
477,0.014469702841961161,0.0002093723003346589,0.0005937913592497878,1.0120721484253261,1.0119391276444547,1.0120721484253261,1.0098619362777213,1.014230003981839
478,0.011576411228555718,0.0001340132969326309,0.0010588588721563504,1.0216945141713145,1.0215274539251231,1.0216945141713145,1.0182945369864433,1.0253769142240174
479,0.014649453678500495,0.0002146064930785317,0.00030519527057543545,1.023970007124942,1.0237386376312207,1.023970007124942,1.0224824763665379,1.0254998895306515
480,0.0138285256939965,0.00019122812286952138,0.00020836906618811006,0.9696498481947736,0.9694470997880084,0.9696498481947736,0.9684771864950076,0.9706196487383649
481,0.009878402098760777,9.758282802480133e-05,0.0005299152310266934,0.9898494707566212,0.9897519668459505,0.9898494707566212,0.9879150496052402,0.9917365411146275
482,0.01590674437784766,0.0002530245167021881,0.0010113493160622737,0.9862635621189586,0.9860395362114808,0.9862635621189586,0.982662375888884,0.9896362398913308
483,0.010785561661042544,0.00011632834034415081,0.0001414820413405255,0.9867514722001433,0.9865988232033694,0.9867514722001433,0.985852368791296,0.9875821498026636
484,0.015505642660289183,0.0002404249543085798,0.0001130525133695046,0.9775461371711555,0.9772482252171992,0.9775461371711555,0.9767772881555775,0.9784809289675139
485,0.01190188423538209,0.00014165484835243673,0.0004483925358187015,1.0139108402608379,1.013779102063252,1.0139108402608379,1.0121166298636992,1.0155936294895591
486,0.008993113382733254,8.087608831469595e-05,0.000660615618727481,1.0225788632346233,1.0224826082709688,1.0225788632346233,1.02012304085697,1.0247059431297247
487,0.015253588139154941,0.0002326719511189683,0.0009223228179415576,1.0030321154091262,1.0027791817584826,1.0030321154091262,0.9999854284873972,1.0061299112332363
488,0.010528196630226472,0.00011084292428471203,1.0187756213009292e-05,0.9992281713690414,0.9990771257015365,0.9992281713690414,0.9983601521254198,1.0000390941749853
489,0.010215180761614812,0.00010434991799246537,1.1450174099864957e-05,0.9850969869430833,0.9849739772621653,0.9850969869430833,0.9843964400103206,0.9858597573230056
490,0.010606485733398813,0.00011249753961279255,0.0006794108762501567,1.0114984999325938,1.0113745038512827,1.0114984999325938,1.0090890279475946,1.0136448550756514
491,0.011308923540217715,0.00012789175163849037,0.00024189327209961535,0.9779813851088374,0.977829375277686,0.9779813851088374,0.9769363218892236,0.9790961622716934
492,0.017276281792644167,0.00029846991257884836,0.0006785082764437038,0.9940293369348691,0.9937205285514998,0.9940293369348691,0.9914585362677363,0.9963840301060654
493,0.011876486581779946,0.0001410509335271991,0.000314346379390866,0.9989295142936298,0.9988480607941433,0.9989295142936298,0.9976005083557479,1.0003661783100426
494,0.013584883393461757,0.000184549056813953,0.0008627864963817281,0.9870599892499647,0.9868571269199359,0.9870599892499647,0.9842538091712204,0.989878327708299
495,0.015390533430265535,0.000236868519268121,0.0007575188283811011,0.9724915653105578,0.9722164897554829,0.9724915653105578,0.969519375761839,0.9748515890337164
496,0.01038826340462725,0.00010791601656391775,0.0006701959877166299,1.0231388443023066,1.0230084434645774,1.0231388443023066,1.0208608829168255,1.0255015832023564
497,0.011800124772135266,0.00013924294463796036,0.00027515023326112823,0.9802670025330016,0.9800501766703803,0.9802670025330016,0.9791302791600108,0.9814054775409061
498,0.01759078534283418,0.0003094357289776698,9.195702796859106e-06,1.021442165107904,1.0211844110613453,1.021442165107904,1.0206645036600501,1.022145509277201
499,0.01774922353512227,0.0003150349360997383,0.00045634848429547403,1.0033802678654005,1.002892626023475,1.0033802678654005,1.001461984656406,1.004961270069304
