time,phase,segment_id,observed,posterior_mean,residual,predictive_q03,predictive_q97
9.88,-0.12,pilot,1.0005119644812597,0.9986183840795227,0.0018935804017369273,0.9941978573553728,1.001572399382422
9.88406779661017,-0.1159322033898305,pilot,1.0001507771048663,0.9986183840795227,0.0015323930253435813,0.9951722712827701,1.0055869626356082
9.88813559322034,-0.111864406779661,pilot,1.0006746008423344,0.9986183840795227,0.0020562167628116468,0.9930304146610952,1.0055100845819591
9.892203389830508,-0.1077966101694915,pilot,0.9999045945985044,0.9986183840795227,0.0012862105189817008,0.9937102292053837,1.002172013949425
9.896271186440678,-0.103728813559322,pilot,0.9993060040374954,0.9986183840795227,0.0006876199579726183,0.9947485594602268,1.0022012792395514
9.900338983050847,-0.0996610169491525,pilot,1.000126953584807,0.9986183840795227,0.0015085695052842185,0.9927382248128722,1.0013836180749736
9.904406779661016,-0.095593220338983,pilot,1.0003763213448953,0.9986183840795227,0.0017579372653725445,0.992582265818916,1.0031326289000158
9.908474576271187,-0.0915254237288135,pilot,0.9986972047997268,0.9986183840795227,7.882072020404252e-05,0.9941494574897594,1.0026348351974774
9.912542372881356,-0.087457627118644,pilot,0.999885967771292,0.9986183840795227,0.0012675836917692695,0.9952155736319365,1.0034121922136716
9.916610169491523,-0.0833898305084745,pilot,0.9995904021451572,0.9986183840795227,0.0009720180656344057,0.9924074770337585,1.0028995453730636
9.920677966101694,-0.079322033898305,pilot,0.9994919937671334,0.9986183840795227,0.0008736096876106325,0.9929905587726835,1.0021640457113783
9.924745762711863,-0.0752542372881355,pilot,1.0002287788269544,0.9986183840795227,0.0016103947474316316,0.9929612218951416,1.0036571822428753
9.928813559322034,-0.071186440677966,pilot,0.9995278721647496,0.9986183840795227,0.0009094880852268394,0.9923461948727751,1.002085498845425
9.932881355932205,-0.0671186440677966,pilot,1.0002075456710684,0.9986183840795227,0.0015891615915456514,0.9923884560089765,1.0003326165281283
9.936949152542374,-0.0630508474576271,pilot,0.9989761736138182,0.9986183840795227,0.00035778953429543847,0.9952791114395875,1.0037604658960597
9.941016949152544,-0.0589830508474576,pilot,0.9996210886434734,0.9986183840795227,0.0010027045639506849,0.993752943228318,1.0023831891332011
9.945084745762712,-0.0549152542372881,pilot,1.0008526856133826,0.9986183840795227,0.0022343015338598393,0.9933857272092097,1.0038818350946315
9.94915254237288,-0.0508474576271186,pilot,0.9997700035760516,0.9986183840795227,0.0011516194965288662,0.9933058554292412,1.002870461768326
9.953220338983051,-0.0467796610169491,pilot,0.9977636884281436,0.9986183840795227,-0.0008546956513791892,0.9916010887458341,1.0029295288928486
9.95728813559322,-0.0427118644067796,pilot,0.994888035089972,0.9986183840795227,-0.0037303489895507136,0.9935984844868505,1.002255691032324
9.96135593220339,-0.0386440677966101,pilot,0.9932095507813732,0.9986183840795227,-0.005408833298149562,0.9937601213949201,1.0021448634073329
9.96542372881356,-0.0345762711864406,pilot,0.9933126073896106,0.9986183840795227,-0.005305776689912167,0.993310484336888,1.000333246148983
9.969491525423727,-0.0305084745762711,pilot,0.9924808717160808,0.9986183840795227,-0.006137512363441955,0.9925878381729669,1.0022357569067
9.973559322033898,-0.0264406779661016,pilot,0.9930285869764912,0.9986183840795227,-0.005589797103031535,0.9957545822205799,1.0025264039155677
9.977627118644069,-0.0223728813559321,pilot,0.9941671826526663,0.9986183840795227,-0.004451201426856399,0.994332680805305,1.001217990309955
9.981694915254238,-0.0183050847457627,pilot,0.9930594927740144,0.9986183840795227,-0.005558891305508351,0.9927315313170897,1.003296712566324
9.985762711864409,-0.0142372881355932,pilot,0.9940010502899868,0.9986183840795227,-0.004617333789535993,0.9925028038586893,1.005009951667716
9.989830508474576,-0.0101694915254237,pilot,0.9932667171251705,0.9986183840795227,-0.0053516669543522966,0.9931265845918302,1.0029730731591116
9.993898305084748,-0.0061016949152542,pilot,0.9928294942924762,0.9986183840795227,-0.005788889787046503,0.9947413903500378,1.0044889570930131
9.997966101694916,-0.0020338983050847,pilot,0.9928879188217384,0.9986183840795227,-0.005730465257784312,0.9949938415595831,1.0036552783773511
10.002033898305084,0.0020338983050847,pilot,0.9936798382506872,0.9986183840795227,-0.004938545828835572,0.9963041559134524,1.0064200274940054
10.006101694915252,0.0061016949152542,pilot,0.9926542875464888,0.9986183840795227,-0.00596409653303398,0.9919395447482952,1.003527024791087
10.010169491525424,0.0101694915254237,pilot,0.9936051617367908,0.9986183840795227,-0.005013222342731938,0.9931737404028314,1.003555336275046
10.014237288135591,0.0142372881355932,pilot,0.9924691045299538,0.9986183840795227,-0.006149279549568898,0.9953798017069061,1.0037453211377738
10.018305084745762,0.0183050847457627,pilot,0.9931768965178458,0.9986183840795227,-0.00544148756167695,0.9926723166730519,1.0032516183025944
10.022372881355931,0.0223728813559322,pilot,0.9923728210863751,0.9986183840795227,-0.006245562993147602,0.9937400485046469,1.00301916886863
10.026440677966102,0.0264406779661016,pilot,0.9930534209922686,0.9986183840795227,-0.005564963087254182,0.9921802053591023,1.0027396618717501
10.030508474576273,0.0305084745762712,pilot,0.9940419047953808,0.9986183840795227,-0.004576479284141954,0.9958475864855009,1.0043145726197238
10.03457627118644,0.0345762711864406,pilot,0.9931678117696364,0.9986183840795227,-0.005450572309886326,0.9928976884480489,1.0025953598506285
10.03864406779661,0.0386440677966101,pilot,0.9935931946371744,0.9986069365938522,-0.0050137419566778085,0.9931777845275053,1.0034814728523045
10.04271186440678,0.0427118644067796,pilot,0.9934475857339102,0.998597579438378,-0.005149993704467781,0.9927232647238011,1.0027510371035844
10.046779661016949,0.0467796610169491,pilot,0.9967395310337872,0.9985909020755734,-0.0018513710417862317,0.9937335822428137,1.0024312995558284
10.05084745762712,0.0508474576271186,pilot,0.9979871328089592,0.9985857077387671,-0.0005985749298078602,0.9943570813304504,1.0038206733888064
10.054915254237288,0.0549152542372881,pilot,0.9992508663064098,0.9985817005709341,0.0006691657354757075,0.9934243076359484,1.0026213041571606
10.058983050847456,0.0589830508474576,pilot,1.000768673806294,0.9985787543018215,0.0021899195044724484,0.9951270203417443,1.0027076238560246
10.063050847457626,0.0630508474576271,pilot,1.0000735512193513,0.9985768049239571,0.0014967462953942023,0.9939104055202452,1.0040950270529838
10.067118644067795,0.0671186440677966,pilot,1.0006622278988575,0.998575818979543,0.002086408919314553,0.9948327339637754,1.0021486063323257
10.071186440677966,0.0711864406779661,pilot,0.999897191024948,0.9985757817944968,0.0013214092304512093,0.9925405119606439,1.003652459895029
10.075254237288137,0.0752542372881356,pilot,1.0006185357947102,0.998576692849813,0.0020418429448971764,0.9957364738620813,1.0063273444650778
10.079322033898306,0.079322033898305,pilot,0.9996442153647436,0.9985785655926793,0.0010656497720642477,0.9946782286165551,1.003821426267916
10.083389830508477,0.0833898305084746,pilot,1.00023726419424,0.9985814317172352,0.0016558324770048483,0.9929663821064747,1.0029243843676654
10.087457627118644,0.087457627118644,pilot,1.00007152457262,0.998585352086042,0.001486172486577897,0.9936189241899372,1.0014578523228583
10.091525423728813,0.0915254237288135,pilot,1.0015572204020111,0.9985904459164796,0.0029667744855315092,0.99278890021949,1.0046264982755577
10.095593220338984,0.095593220338983,pilot,1.0004935242412485,0.998596986875938,0.00189653736531048,0.9914394243228696,1.0019612380644345
10.099661016949153,0.0996610169491525,pilot,0.9999438735777136,0.9986059903679404,0.0013378832097732385,0.9945750449043499,1.0038014639235102
10.103728813559322,0.103728813559322,pilot,1.0011335223431457,0.9986183840795227,0.002515138263622929,0.9948595643812942,1.0031126328733553
10.107796610169492,0.1077966101694915,pilot,1.0008340035690693,0.9986183840795227,0.0022156194895465164,0.9927553141911512,1.0045393015648185
10.11186440677966,0.111864406779661,pilot,1.000132890459546,0.9986183840795227,0.0015145063800231506,0.990884334777913,1.003041749984244
10.11593220338983,0.1159322033898305,pilot,1.0000560108230363,0.9986183840795227,0.0014376267435135537,0.9930628389196822,1.0035040798154045
10.12,0.12,pilot,0.999077541219386,0.9986183840795227,0.00045915713986321993,0.9941449765713194,1.0026272155078084
