phase,time,exposure_time_seconds,segment_id,normalized_flux,normalized_flux_err,raw_flux,raw_flux_err
-0.15000000000000002,-0.14999999999999999,1765,synthetic_segment_000,0.99965938757243133,0.00016000000000000001,0.97966619982098269,0.00015680000000000002
-0.12916666666666665,-0.12916666666666665,1765,synthetic_segment_000,0.99982072078009332,0.00016135593220338985,0.97982430636449147,0.00015812881355932204
-0.10833333333333334,-0.10833333333333334,1765,synthetic_segment_000,0.99981358490909322,0.00016271186440677967,0.97981731321091137,0.00015945762711864407
-0.087500000000000022,-0.087499999999999994,1765,synthetic_segment_000,0.99944696292200164,0.00016406779661016951,0.97945802366356161,0.00016078644067796613
-0.066666666666666652,-0.066666666666666666,1765,synthetic_segment_000,1.0000564979309305,0.00016542372881355935,0.98005536797231196,0.00016211525423728815
-0.045833333333333337,-0.045833333333333337,1765,synthetic_segment_000,1.0009171365780505,0.00016677966101694917,0.98089879384648948,0.00016344406779661018
-0.025000000000000022,-0.024999999999999994,1765,synthetic_segment_000,0.99878163015213661,0.00016813559322033901,0.97880599754909381,0.00016477288135593223
-0.0041666666666666519,-0.0041666666666666796,1765,synthetic_segment_000,0.99526343082202018,0.00016949152542372882,0.9753581622055798,0.00016610169491525423
0.016666666666666607,0.016666666666666663,1765,synthetic_segment_000,0.9963663458200217,0.00017084745762711867,0.97643901890362128,0.00016743050847457629
0.037499999999999978,0.037500000000000006,1765,synthetic_segment_000,0.99963536538991404,0.00017220338983050848,0.9796426580821157,0.00016875932203389832
0.058333333333333348,0.05833333333333332,1765,synthetic_segment_000,1.0002515875987166,0.00017355932203389832,0.98024655584674225,0.00017008813559322034
0.079166666666666607,0.079166666666666663,1765,synthetic_segment_000,0.99965825995201296,0.00017491525423728814,0.9796650947529727,0.00017141694915254237
0.099999999999999978,0.10000000000000001,1765,synthetic_segment_000,1.0002454325736589,0.00017627118644067798,0.98024052392218575,0.00017274576271186442
0.12083333333333335,0.12083333333333332,1765,synthetic_segment_000,1.000189246783876,0.00017762711864406779,0.98018546184819844,0.00017407457627118642
0.14166666666666661,0.14166666666666664,1765,synthetic_segment_000,1.0004645670835057,0.00017898305084745764,0.98045527574183555,0.00017540338983050848
-0.14999999999999991,0.84999999999999998,1765,synthetic_segment_000,1.0005924740227217,0.00018033898305084748,0.98058062454226724,0.00017673220338983053
-0.12916666666666687,0.87083333333333324,1765,synthetic_segment_000,1.0004058500999689,0.00018169491525423729,0.9803977330979694,0.00017806101694915253
-0.10833333333333339,0.8916666666666665,1765,synthetic_segment_000,1.0009307724646836,0.00018305084745762714,0.98091215701538992,0.00017938983050847459
-0.087499999999999911,0.91249999999999998,1765,synthetic_segment_000,1.0000966609494826,0.00018440677966101695,0.98009472773049289,0.00018071864406779661
-0.066666666666666874,0.93333333333333324,1765,synthetic_segment_000,0.99996508596245437,0.00018576271186440679,0.97996578424320524,0.00018204745762711864
-0.045833333333333393,0.9541666666666665,1765,synthetic_segment_000,0.99956394850219676,0.00018711864406779663,0.97957266953215283,0.0001833762711864407
-0.024999999999999911,0.97499999999999998,1765,synthetic_segment_000,0.99918269274616589,0.00018847457627118645,0.9791990388912426,0.00018470508474576272
-0.0041666666666668739,0.99583333333333324,1765,synthetic_segment_000,0.99448133013762008,0.00018983050847457629,0.97459170353486768,0.00018603389830508475
0.016666666666666607,1.0166666666666666,1765,synthetic_segment_000,0.99681562744370533,0.00019118644067796611,0.97687931489483126,0.00018736271186440678
0.037500000000000089,1.0375000000000001,1765,synthetic_segment_000,0.9995497237797496,0.00019254237288135595,0.97955872930415455,0.00018869152542372883
0.058333333333333348,1.0583333333333333,1765,synthetic_segment_000,1.0000771113064495,0.00019389830508474579,0.98007556908032045,0.00019002033898305086
0.079166666666666607,1.0791666666666666,1765,synthetic_segment_000,0.99979813955357799,0.00019525423728813558,0.97980217676250636,0.00019134915254237286
0.10000000000000009,1.1000000000000001,1765,synthetic_segment_000,1.0001580270084918,0.00019661016949152545,0.98015486646832195,0.00019267796610169494
0.12083333333333335,1.1208333333333333,1765,synthetic_segment_000,0.99951067614842859,0.00019796610169491526,0.97952046262546,0.00019400677966101694
0.14166666666666661,1.1416666666666666,1765,synthetic_segment_000,0.99927555113936928,0.0001993220338983051,0.97929004011658183,0.00019533559322033899
-0.14999999999999991,1.8500000000000001,1765,synthetic_segment_000,0.99965030734554372,0.00020067796610169492,0.97965730119863281,0.00019666440677966102
-0.12916666666666687,1.8708333333333331,1765,synthetic_segment_000,0.99983906790192023,0.00020203389830508476,0.97984228654388184,0.00019799322033898305
-0.10833333333333339,1.8916666666666666,1765,synthetic_segment_000,1.0001567289453024,0.00020338983050847457,0.98015359436639637,0.00019932203389830508
-0.087499999999999911,1.9125000000000001,1765,synthetic_segment_000,0.9991248399674616,0.00020474576271186444,0.97914234316811233,0.00020065084745762716
-0.066666666666666874,1.9333333333333331,1765,synthetic_segment_000,1.0000418557381372,0.00020610169491525423,0.98004101862337445,0.00020197966101694913
-0.045833333333333393,1.9541666666666666,1765,synthetic_segment_000,0.99965197714574161,0.0002074576271186441,0.97965893760282674,0.00020330847457627121
-0.024999999999999911,1.9750000000000001,1765,synthetic_segment_000,0.99908844182468559,0.00020881355932203391,0.97910667298819187,0.00020463728813559324
-0.0041666666666668739,1.9958333333333331,1765,synthetic_segment_000,0.99486513422137957,0.0002101694915254237,0.97496783153695199,0.00020596610169491521
0.016666666666666607,2.0166666666666666,1765,synthetic_segment_000,0.99590192006263401,0.00021152542372881357,0.97598388166138128,0.00020729491525423729
0.037500000000000089,2.0375000000000001,1765,synthetic_segment_000,0.99941463562896315,0.00021288135593220341,0.97942634291638386,0.00020862372881355935
0.058333333333333126,2.0583333333333331,1765,synthetic_segment_000,0.9996476952656137,0.00021423728813559323,0.9796547413603014,0.00020995254237288135
0.079166666666666607,2.0791666666666666,1765,synthetic_segment_000,1.0002372946750342,0.00021559322033898304,0.98023254878153354,0.00021128135593220337
0.10000000000000009,2.1000000000000001,1765,synthetic_segment_000,0.99963152211894357,0.00021694915254237288,0.9796388916765647,0.00021261016949152543
0.12083333333333313,2.1208333333333331,1765,synthetic_segment_000,0.99947545790917935,0.0002183050847457627,0.97948594875099571,0.00021393898305084743
0.14166666666666661,2.1416666666666666,1765,synthetic_segment_000,0.99990710728039145,0.00021966101694915254,0.97990896513478365,0.00021526779661016948
-0.14999999999999991,2.8500000000000001,1765,synthetic_segment_000,1.0005493385273019,0.00022101694915254236,0.98053835175675585,0.00021659661016949151
-0.12916666666666687,2.8708333333333331,1765,synthetic_segment_000,0.99946323519465752,0.00022237288135593222,0.97947397049076435,0.00021792542372881356
-0.10833333333333339,2.8916666666666666,1765,synthetic_segment_000,0.99979325749415693,0.00022372881355932204,0.97979739234427377,0.00021925423728813559
-0.087499999999999911,2.9125000000000001,1765,synthetic_segment_000,0.99905614957857092,0.00022508474576271188,0.97907502658699952,0.00022058305084745764
-0.066666666666666874,2.9333333333333331,1765,synthetic_segment_000,1.0007427651077954,0.0002264406779661017,0.9807279098056394,0.00022191186440677965
-0.045833333333333393,2.9541666666666666,1765,synthetic_segment_000,1.0000941891043889,0.00022779661016949154,0.98009230532230107,0.0002232406779661017
-0.024999999999999911,2.9750000000000001,1765,synthetic_segment_000,0.99926419869186134,0.00022915254237288135,0.97927891471802408,0.00022456949152542373
-0.0041666666666668739,2.9958333333333331,1765,synthetic_segment_000,0.99474450138557635,0.00023050847457627119,0.97484961135786485,0.00022589830508474575
0.016666666666666607,3.0166666666666666,1765,synthetic_segment_000,0.99563593670165074,0.00023186440677966101,0.97572321796761774,0.00022722711864406778
0.037500000000000089,3.0375000000000001,1765,synthetic_segment_000,0.99933375174486894,0.00023322033898305082,0.97934707670997156,0.00022855593220338981
0.058333333333333126,3.0583333333333331,1765,synthetic_segment_000,1.0004953265006937,0.00023457627118644067,0.98048541997067984,0.00022988474576271184
0.079166666666666607,3.0791666666666666,1765,synthetic_segment_000,1.0002203637413065,0.00023593220338983053,0.98021595646648041,0.00023121355932203392
0.10000000000000009,3.1000000000000001,1765,synthetic_segment_000,0.9997100127008901,0.00023728813559322035,0.97971581244687234,0.00023254237288135594
0.12083333333333313,3.1208333333333331,1765,synthetic_segment_000,1.0002856064785863,0.00023864406779661014,0.98027989434901464,0.00023387118644067794
0.14166666666666661,3.1416666666666666,1765,synthetic_segment_000,1.0001098166276103,0.00024000000000000001,0.98010762029505816,0.0002352
-0.14305555555555555,4.8569444444444443,1765,synthetic_segment_001,0.99971997130702439,0.00016000000000000001,0.99971997130702439,0.00016000000000000001
-0.12222222222222223,4.8777777777777782,1765,synthetic_segment_001,0.99953107777003314,0.00016135593220338985,0.99953107777003314,0.00016135593220338985
-0.10138888888888886,4.8986111111111112,1765,synthetic_segment_001,0.99976880909755073,0.00016271186440677967,0.99976880909755073,0.00016271186440677967
-0.080555555555555547,4.9194444444444443,1765,synthetic_segment_001,0.99964076912845157,0.00016406779661016951,0.99964076912845157,0.00016406779661016951
-0.059722222222222232,4.9402777777777782,1765,synthetic_segment_001,0.99954495281438915,0.00016542372881355935,0.99954495281438915,0.00016542372881355935
-0.038888888888888862,4.9611111111111112,1765,synthetic_segment_001,1.0004350192914284,0.00016677966101694917,1.0004350192914284,0.00016677966101694917
-0.018055555555555547,4.9819444444444443,1765,synthetic_segment_001,0.99803729500194927,0.00016813559322033901,0.99803729500194927,0.00016813559322033901
0.0027777777777777679,5.0027777777777782,1765,synthetic_segment_001,0.9951446466649303,0.00016949152542372882,0.9951446466649303,0.00016949152542372882
0.023611111111111138,5.0236111111111112,1765,synthetic_segment_001,0.9980467453846289,0.00017084745762711867,0.9980467453846289,0.00017084745762711867
0.044444444444444509,5.0444444444444443,1765,synthetic_segment_001,0.99909432579709756,0.00017220338983050848,0.99909432579709756,0.00017220338983050848
0.065277777777777768,5.0652777777777782,1765,synthetic_segment_001,0.99962419717538475,0.00017355932203389832,0.99962419717538475,0.00017355932203389832
0.086111111111111138,5.0861111111111112,1765,synthetic_segment_001,0.99969992680973074,0.00017491525423728814,0.99969992680973074,0.00017491525423728814
0.10694444444444451,5.1069444444444443,1765,synthetic_segment_001,0.99922750640576175,0.00017627118644067798,0.99922750640576175,0.00017627118644067798
0.12777777777777777,5.1277777777777782,1765,synthetic_segment_001,0.99969738489995663,0.00017762711864406779,0.99969738489995663,0.00017762711864406779
0.14861111111111103,5.1486111111111112,1765,synthetic_segment_001,1.0002475843486089,0.00017898305084745764,1.0002475843486089,0.00017898305084745764
-0.14305555555555549,5.8569444444444443,1765,synthetic_segment_001,0.99999918159600609,0.00018033898305084748,0.99999918159600609,0.00018033898305084748
-0.12222222222222223,5.8777777777777782,1765,synthetic_segment_001,1.0004809714555598,0.00018169491525423729,1.0004809714555598,0.00018169491525423729
-0.10138888888888897,5.8986111111111112,1765,synthetic_segment_001,0.99982287941563563,0.00018305084745762714,0.99982287941563563,0.00018305084745762714
-0.080555555555555491,5.9194444444444443,1765,synthetic_segment_001,0.99994685027543007,0.00018440677966101695,0.99994685027543007,0.00018440677966101695
-0.059722222222222232,5.9402777777777782,1765,synthetic_segment_001,0.99912028795582142,0.00018576271186440679,0.99912028795582142,0.00018576271186440679
-0.038888888888888973,5.9611111111111112,1765,synthetic_segment_001,0.99902415044880732,0.00018711864406779663,0.99902415044880732,0.00018711864406779663
-0.018055555555555491,5.9819444444444443,1765,synthetic_segment_001,0.99788845542170601,0.00018847457627118645,0.99788845542170601,0.00018847457627118645
0.0027777777777777679,6.0027777777777782,1765,synthetic_segment_001,0.99539291910628613,0.00018983050847457629,0.99539291910628613,0.00018983050847457629
0.023611111111111027,6.0236111111111112,1765,synthetic_segment_001,0.99815935888407192,0.00019118644067796611,0.99815935888407192,0.00019118644067796611
0.044444444444444509,6.0444444444444443,1765,synthetic_segment_001,1.0007263258853976,0.00019254237288135595,1.0007263258853976,0.00019254237288135595
0.065277777777777768,6.0652777777777782,1765,synthetic_segment_001,1.0000818855575073,0.00019389830508474579,1.0000818855575073,0.00019389830508474579
0.086111111111111027,6.0861111111111112,1765,synthetic_segment_001,1.000080760643699,0.00019525423728813558,1.000080760643699,0.00019525423728813558
0.10694444444444451,6.1069444444444443,1765,synthetic_segment_001,1.0002555546511014,0.00019661016949152545,1.0002555546511014,0.00019661016949152545
0.12777777777777777,6.1277777777777782,1765,synthetic_segment_001,1.0002131159944057,0.00019796610169491526,1.0002131159944057,0.00019796610169491526
0.14861111111111103,6.1486111111111112,1765,synthetic_segment_001,1.0004927188029513,0.0001993220338983051,1.0004927188029513,0.0001993220338983051
-0.14305555555555571,6.8569444444444443,1765,synthetic_segment_001,0.99991529606184293,0.00020067796610169492,0.99991529606184293,0.00020067796610169492
-0.12222222222222268,6.8777777777777773,1765,synthetic_segment_001,1.000287705692847,0.00020203389830508476,1.000287705692847,0.00020203389830508476
-0.10138888888888875,6.8986111111111112,1765,synthetic_segment_001,1.0004782632429288,0.00020338983050847457,1.0004782632429288,0.00020338983050847457
-0.080555555555555713,6.9194444444444443,1765,synthetic_segment_001,1.0001673283263282,0.00020474576271186444,1.0001673283263282,0.00020474576271186444
-0.059722222222222676,6.9402777777777773,1765,synthetic_segment_001,1.0004315216170001,0.00020610169491525423,1.0004315216170001,0.00020610169491525423
-0.038888888888888751,6.9611111111111112,1765,synthetic_segment_001,1.0000898186819516,0.0002074576271186441,1.0000898186819516,0.0002074576271186441
-0.018055555555555713,6.9819444444444443,1765,synthetic_segment_001,0.9966667324977394,0.00020881355932203391,0.9966667324977394,0.00020881355932203391
0.0027777777777773238,7.0027777777777773,1765,synthetic_segment_001,0.99556753451962943,0.0002101694915254237,0.99556753451962943,0.0002101694915254237
0.023611111111110805,7.0236111111111104,1765,synthetic_segment_001,0.99729266214126144,0.00021152542372881357,0.99729266214126144,0.00021152542372881357
0.044444444444444287,7.0444444444444443,1765,synthetic_segment_001,1.0000381091952359,0.00021288135593220341,1.0000381091952359,0.00021288135593220341
0.065277777777777324,7.0652777777777773,1765,synthetic_segment_001,1.0003957536349655,0.00021423728813559323,1.0003957536349655,0.00021423728813559323
0.086111111111110805,7.0861111111111104,1765,synthetic_segment_001,0.99915289491847425,0.00021559322033898304,0.99915289491847425,0.00021559322033898304
0.10694444444444429,7.1069444444444443,1765,synthetic_segment_001,1.0012470031075487,0.00021694915254237288,1.0012470031075487,0.00021694915254237288
0.12777777777777732,7.1277777777777773,1765,synthetic_segment_001,0.99942592942105768,0.0002183050847457627,0.99942592942105768,0.0002183050847457627
0.14861111111111081,7.1486111111111104,1765,synthetic_segment_001,0.99940483180740458,0.00021966101694915254,0.99940483180740458,0.00021966101694915254
-0.14305555555555571,7.8569444444444443,1765,synthetic_segment_001,1.0005972515803323,0.00022101694915254236,1.0005972515803323,0.00022101694915254236
-0.12222222222222268,7.8777777777777773,1765,synthetic_segment_001,0.99977887732007098,0.00022237288135593222,0.99977887732007098,0.00022237288135593222
-0.10138888888888919,7.8986111111111104,1765,synthetic_segment_001,0.99972224208391969,0.00022372881355932204,0.99972224208391969,0.00022372881355932204
-0.080555555555555713,7.9194444444444443,1765,synthetic_segment_001,0.99980608235284429,0.00022508474576271188,0.99980608235284429,0.00022508474576271188
-0.059722222222222676,7.9402777777777773,1765,synthetic_segment_001,1.0006419722098907,0.0002264406779661017,1.0006419722098907,0.0002264406779661017
-0.038888888888889195,7.9611111111111104,1765,synthetic_segment_001,1.0000840801938735,0.00022779661016949154,1.0000840801938735,0.00022779661016949154
-0.018055555555555713,7.9819444444444443,1765,synthetic_segment_001,0.9978115333287817,0.00022915254237288135,0.9978115333287817,0.00022915254237288135
0.0027777777777773238,8.0027777777777764,1765,synthetic_segment_001,0.99536108526042855,0.00023050847457627119,0.99536108526042855,0.00023050847457627119
0.023611111111110805,8.0236111111111104,1765,synthetic_segment_001,0.9985128371922164,0.00023186440677966101,0.9985128371922164,0.00023186440677966101
0.044444444444444287,8.0444444444444443,1765,synthetic_segment_001,0.99987998233520203,0.00023322033898305082,0.99987998233520203,0.00023322033898305082
0.065277777777777324,8.0652777777777764,1765,synthetic_segment_001,1.000757424214465,0.00023457627118644067,1.000757424214465,0.00023457627118644067
0.086111111111110805,8.0861111111111104,1765,synthetic_segment_001,0.99972413623482204,0.00023593220338983053,0.99972413623482204,0.00023593220338983053
0.10694444444444429,8.1069444444444443,1765,synthetic_segment_001,1.0003594756132301,0.00023728813559322035,1.0003594756132301,0.00023728813559322035
0.12777777777777732,8.1277777777777764,1765,synthetic_segment_001,0.99965388331923044,0.00023864406779661014,0.99965388331923044,0.00023864406779661014
0.14861111111111081,8.1486111111111104,1765,synthetic_segment_001,0.99989635037678581,0.00024000000000000001,0.99989635037678581,0.00024000000000000001
-0.13611111111111107,9.8638888888888889,1765,synthetic_segment_002,1.0004875786136664,0.00016000000000000001,1.0204973301859397,0.00016320000000000001
-0.11527777777777776,9.8847222222222229,1765,synthetic_segment_002,1.0000289750974369,0.00016145454545454549,1.0200295545993856,0.0001646836363636364
-0.094444444444444442,9.905555555555555,1765,synthetic_segment_002,0.99991049134157117,0.00016290909090909092,1.0199087011684027,0.00016616727272727273
-0.073611111111111072,9.9263888888888889,1765,synthetic_segment_002,0.99962117101942272,0.0001643636363636364,1.0196135944398113,0.00016765090909090914
-0.052777777777777757,9.9472222222222229,1765,synthetic_segment_002,1.0001383049854111,0.00016581818181818182,1.0201410710851193,0.00016913454545454547
-0.031944444444444442,9.968055555555555,1765,synthetic_segment_002,0.99925174409478135,0.0001672727272727273,1.019236778976677,0.00017061818181818186
-0.011111111111111072,9.9888888888888889,1765,synthetic_segment_002,0.99584433978883025,0.00016872727272727273,1.0157612265846068,0.00017210181818181819
0.0097222222222221877,10.009722222222223,1765,synthetic_segment_002,0.99569447197461491,0.00017018181818181821,1.0156083614141072,0.00017358545454545458
0.030555555555555558,10.030555555555555,1765,synthetic_segment_002,0.99897792433575594,0.00017163636363636364,1.018957482822471,0.00017506909090909091
0.051388888888888928,10.051388888888889,1765,synthetic_segment_002,1.000632134400866,0.00017309090909090912,1.0206447770888833,0.0001765527272727273
0.072222222222222188,10.072222222222223,1765,synthetic_segment_002,1.0011239366903057,0.00017454545454545457,1.0211464154241119,0.00017803636363636366
0.093055555555555558,10.093055555555555,1765,synthetic_segment_002,0.99957598751008192,0.00017600000000000002,1.0195675072602837,0.00017952000000000002
0.11388888888888893,10.113888888888889,1765,synthetic_segment_002,1.0003665096166974,0.00017745454545454548,1.0203738398090314,0.00018100363636363638
0.13472222222222219,10.134722222222223,1765,synthetic_segment_002,0.99981999195991245,0.00017890909090909093,1.0198163917991108,0.00018248727272727276
-0.13611111111111107,10.863888888888889,1765,synthetic_segment_002,0.99990202655683269,0.00018036363636363638,1.0199000670879694,0.00018397090909090912
-0.11527777777777781,10.884722222222223,1765,synthetic_segment_002,0.99956698649548381,0.00018181818181818183,1.0195583262253936,0.00018545454545454548
-0.094444444444444553,10.905555555555555,1765,synthetic_segment_002,0.99955682453169437,0.00018327272727272729,1.0195479610223284,0.00018693818181818184
-0.073611111111111072,10.926388888888889,1765,synthetic_segment_002,0.99944274262044974,0.00018472727272727271,1.0194315974728587,0.00018842181818181817
-0.052777777777777812,10.947222222222223,1765,synthetic_segment_002,0.99965134546701961,0.00018618181818181819,1.01964437237636,0.00018990545454545456
-0.031944444444444553,10.968055555555555,1765,synthetic_segment_002,0.99960480228955095,0.00018763636363636365,1.0195968983353421,0.00019138909090909092
-0.011111111111111072,10.988888888888889,1765,synthetic_segment_002,0.99541123720363767,0.0001890909090909091,1.0153194619477104,0.00019287272727272728
0.0097222222222221877,11.009722222222223,1765,synthetic_segment_002,0.99449970272311128,0.00019054545454545455,1.0143896967775736,0.00019435636363636364
0.030555555555555447,11.030555555555555,1765,synthetic_segment_002,0.99986230597359549,0.000192,1.0198595520930673,0.00019584
0.051388888888888928,11.051388888888889,1765,synthetic_segment_002,0.9991963900482822,0.00019345454545454546,1.0191803178492478,0.00019732363636363638
0.072222222222222188,11.072222222222223,1765,synthetic_segment_002,0.99951543172531798,0.00019490909090909094,1.0195057403598244,0.00019880727272727277
0.093055555555555447,11.093055555555555,1765,synthetic_segment_002,1.0000512371593195,0.00019636363636363636,1.0200522619025059,0.0002002909090909091
0.11388888888888893,11.113888888888889,1765,synthetic_segment_002,1.0000075849888748,0.00019781818181818182,1.0200077366886522,0.00020177454545454546
0.13472222222222219,11.134722222222223,1765,synthetic_segment_002,0.99981355211067513,0.00019927272727272727,1.0198098231528887,0.00020325818181818182
-0.13611111111111107,11.863888888888889,1765,synthetic_segment_002,0.99984879352784606,0.00020072727272727275,1.0198457693984031,0.00020474181818181821
-0.11527777777777803,11.884722222222223,1765,synthetic_segment_002,1.0003394050283381,0.0002021818181818182,1.0203461931289048,0.00020622545454545456
-0.094444444444444553,11.905555555555555,1765,synthetic_segment_002,1.0007871016619903,0.00020363636363636363,1.0208028436952301,0.0002077090909090909
-0.073611111111111072,11.926388888888889,1765,synthetic_segment_002,0.99898133084483121,0.00020509090909090908,1.0189609574617278,0.00020919272727272726
-0.052777777777778034,11.947222222222223,1765,synthetic_segment_002,0.99914736437229168,0.00020654545454545456,1.0191303116597374,0.00021067636363636367
-0.031944444444444553,11.968055555555555,1765,synthetic_segment_002,1.0010389422381687,0.00020800000000000001,1.0210597210829322,0.00021216000000000003
-0.011111111111111072,11.988888888888889,1765,synthetic_segment_002,0.99565418179869258,0.00020945454545454549,1.0155672654346664,0.00021364363636363642
0.0097222222222219656,12.009722222222223,1765,synthetic_segment_002,0.994896233928938,0.00021090909090909089,1.0147941586075169,0.00021512727272727272
0.030555555555555447,12.030555555555555,1765,synthetic_segment_002,0.99940599708222699,0.00021236363636363637,1.0193941170238716,0.00021661090909090911
0.051388888888888928,12.051388888888889,1765,synthetic_segment_002,1.0007219700951666,0.00021381818181818183,1.0207364094970699,0.00021809454545454547
0.072222222222221966,12.072222222222223,1765,synthetic_segment_002,0.99973640394065832,0.00021527272727272731,1.0197311320194715,0.00021957818181818185
0.093055555555555447,12.093055555555555,1765,synthetic_segment_002,1.0000267084418011,0.0002167272727272727,1.0200272426106372,0.00022106181818181816
0.11388888888888893,12.113888888888889,1765,synthetic_segment_002,0.99905636796397401,0.00021818181818181818,1.0190374953232535,0.00022254545454545454
0.13472222222222197,12.134722222222223,1765,synthetic_segment_002,1.0001999354594011,0.00021963636363636364,1.0202039341685891,0.0002240290909090909
-0.13611111111111107,12.863888888888889,1765,synthetic_segment_002,0.99990338322759764,0.00022109090909090909,1.0199014508921496,0.00022551272727272729
-0.11527777777777803,12.884722222222223,1765,synthetic_segment_002,0.99988397840951793,0.00022254545454545457,1.0198816579777084,0.00022699636363636368
-0.094444444444444553,12.905555555555555,1765,synthetic_segment_002,1.0004789650733601,0.00022400000000000002,1.0204885443748273,0.00022848000000000004
-0.073611111111111072,12.926388888888889,1765,synthetic_segment_002,1.0004102484908548,0.00022545454545454545,1.0204184534606719,0.00022996363636363637
-0.052777777777778034,12.947222222222223,1765,synthetic_segment_002,1.0005277664631929,0.0002269090909090909,1.0205383217924566,0.00023144727272727273
-0.031944444444444553,12.968055555555555,1765,synthetic_segment_002,0.99976937470214056,0.00022836363636363638,1.0197647621961834,0.00023293090909090911
-0.011111111111111072,12.988888888888889,1765,synthetic_segment_002,0.99547684481223697,0.00022981818181818181,1.0153863817084818,0.00023441454545454545
0.0097222222222219656,13.009722222222223,1765,synthetic_segment_002,0.99555974168607064,0.00023127272727272726,1.015470936519792,0.0002358981818181818
0.030555555555555447,13.030555555555555,1765,synthetic_segment_002,0.99975178225618533,0.00023272727272727271,1.0197468179013089,0.00023738181818181816
0.051388888888888928,13.051388888888889,1765,synthetic_segment_002,0.99905666280581662,0.00023418181818181819,1.019037796061933,0.00023886545454545455
0.072222222222221966,13.072222222222223,1765,synthetic_segment_002,0.99906048430786321,0.00023563636363636365,1.0190416939940206,0.00024034909090909094
0.093055555555555447,13.093055555555555,1765,synthetic_segment_002,1.0009388650859303,0.00023709090909090913,1.020957642387649,0.00024183272727272732
0.11388888888888893,13.113888888888889,1765,synthetic_segment_002,0.99908359523579326,0.00023854545454545453,1.0190652671405092,0.00024331636363636363
0.13472222222222197,13.134722222222223,1765,synthetic_segment_002,0.99927475984463177,0.00024000000000000001,1.0192602550415244,0.00024479999999999999
