phase,time,exposure_time_seconds,segment_id,normalized_flux,normalized_flux_err
-0.15000000000000002,-0.14999999999999999,1765.46,synthetic_segment_000,1.0004643665854429,0.00047999999999999996
-0.12916666666666665,-0.12916666666666665,1765.46,synthetic_segment_000,1.0002931612458741,0.00048406779661016946
-0.10833333333333334,-0.10833333333333334,1765.46,synthetic_segment_000,1.0003713831681325,0.00048813559322033895
-0.087500000000000022,-0.087499999999999994,1765.46,synthetic_segment_000,1.000601732685882,0.00049220338983050845
-0.066666666666666652,-0.066666666666666666,1765.46,synthetic_segment_000,1.0007621007410614,0.00049627118644067795
-0.045833333333333337,-0.045833333333333337,1765.46,synthetic_segment_000,1.0002675313420637,0.00050033898305084745
-0.025000000000000022,-0.024999999999999994,1765.46,synthetic_segment_000,0.9996613398714973,0.00050440677966101695
-0.0041666666666666519,-0.0041666666666666796,1765.46,synthetic_segment_000,0.99875286126032436,0.00050847457627118645
0.016666666666666607,0.016666666666666663,1765.46,synthetic_segment_000,0.99931635897211324,0.00051254237288135595
0.037499999999999978,0.037500000000000006,1765.46,synthetic_segment_000,1.0003366560002673,0.00051661016949152534
0.058333333333333348,0.05833333333333332,1765.46,synthetic_segment_000,1.0000966336735411,0.00052067796610169494
0.079166666666666607,0.079166666666666663,1765.46,synthetic_segment_000,1.0000063727479298,0.00052474576271186433
0.099999999999999978,0.10000000000000001,1765.46,synthetic_segment_000,0.99943789412941053,0.00052881355932203383
0.12083333333333335,0.12083333333333332,1765.46,synthetic_segment_000,0.99942663943715404,0.00053288135593220333
0.14166666666666661,0.14166666666666664,1765.46,synthetic_segment_000,0.99991495530258623,0.00053694915254237283
-0.14999999999999991,0.84999999999999998,1765.46,synthetic_segment_000,0.99965564024515197,0.00054101694915254233
-0.12916666666666687,0.87083333333333324,1765.46,synthetic_segment_000,0.99956764459783531,0.00054508474576271183
-0.10833333333333339,0.8916666666666665,1765.46,synthetic_segment_000,1.0001147376015787,0.00054915254237288132
-0.087499999999999911,0.91249999999999998,1765.46,synthetic_segment_000,1.0008134065849565,0.00055322033898305082
-0.066666666666666874,0.93333333333333324,1765.46,synthetic_segment_000,0.99957163378464153,0.00055728813559322032
-0.045833333333333393,0.9541666666666665,1765.46,synthetic_segment_000,1.0001851984265839,0.00056135593220338982
-0.024999999999999911,0.97499999999999998,1765.46,synthetic_segment_000,1.0000668226984952,0.00056542372881355932
-0.0041666666666668739,0.99583333333333324,1765.46,synthetic_segment_000,1.0000441877105142,0.00056949152542372882
0.016666666666666607,1.0166666666666666,1765.46,synthetic_segment_000,0.99949641267230471,0.00057355932203389832
0.037500000000000089,1.0375000000000001,1765.46,synthetic_segment_000,0.99915934786948057,0.00057762711864406781
0.058333333333333348,1.0583333333333333,1765.46,synthetic_segment_000,0.99927735074604251,0.00058169491525423731
0.079166666666666607,1.0791666666666666,1765.46,synthetic_segment_000,1.0006725956308289,0.0005857627118644067
0.10000000000000009,1.1000000000000001,1765.46,synthetic_segment_000,1.0003791182314872,0.0005898305084745762
0.12083333333333335,1.1208333333333333,1765.46,synthetic_segment_000,0.99977593381296248,0.0005938983050847457
0.14166666666666661,1.1416666666666666,1765.46,synthetic_segment_000,0.99955738865681087,0.0005979661016949152
-0.14999999999999991,1.8500000000000001,1765.46,synthetic_segment_000,1.0004084256177594,0.0006020338983050847
-0.12916666666666687,1.8708333333333331,1765.46,synthetic_segment_000,1.000289484882289,0.0006061016949152542
-0.10833333333333339,1.8916666666666666,1765.46,synthetic_segment_000,0.9991041039106856,0.00061016949152542369
-0.087499999999999911,1.9125000000000001,1765.46,synthetic_segment_000,1.0006178493923705,0.00061423728813559319
-0.066666666666666874,1.9333333333333331,1765.46,synthetic_segment_000,1.0014827233378327,0.00061830508474576258
-0.045833333333333393,1.9541666666666666,1765.46,synthetic_segment_000,0.99932943929825901,0.00062237288135593219
-0.024999999999999911,1.9750000000000001,1765.46,synthetic_segment_000,1.0005807877841377,0.00062644067796610158
-0.0041666666666668739,1.9958333333333331,1765.46,synthetic_segment_000,1.0004490860008186,0.00063050847457627108
0.016666666666666607,2.0166666666666666,1765.46,synthetic_segment_000,0.9986660140141973,0.00063457627118644058
0.037500000000000089,2.0375000000000001,1765.46,synthetic_segment_000,1.000297157575754,0.00063864406779661018
0.058333333333333126,2.0583333333333331,1765.46,synthetic_segment_000,0.99967471604504865,0.00064271186440677957
0.079166666666666607,2.0791666666666666,1765.46,synthetic_segment_000,0.99935753472563216,0.00064677966101694907
0.10000000000000009,2.1000000000000001,1765.46,synthetic_segment_000,0.99911675416460932,0.00065084745762711857
0.12083333333333313,2.1208333333333331,1765.46,synthetic_segment_000,0.99990018471608499,0.00065491525423728796
0.14166666666666661,2.1416666666666666,1765.46,synthetic_segment_000,1.0001136339035446,0.00065898305084745757
-0.14999999999999991,2.8500000000000001,1765.46,synthetic_segment_000,1.000909914118731,0.00066305084745762696
-0.12916666666666687,2.8708333333333331,1765.46,synthetic_segment_000,1.000291902866643,0.00066711864406779656
-0.10833333333333339,2.8916666666666666,1765.46,synthetic_segment_000,0.99960888262306513,0.00067118644067796595
-0.087499999999999911,2.9125000000000001,1765.46,synthetic_segment_000,1.0003050098739723,0.00067525423728813556
-0.066666666666666874,2.9333333333333331,1765.46,synthetic_segment_000,1.0008027425993686,0.00067932203389830495
-0.045833333333333393,2.9541666666666666,1765.46,synthetic_segment_000,0.99939901049077873,0.00068338983050847456
-0.024999999999999911,2.9750000000000001,1765.46,synthetic_segment_000,0.99829363419518979,0.00068745762711864395
-0.0041666666666668739,2.9958333333333331,1765.46,synthetic_segment_000,0.99886291980919395,0.00069152542372881356
0.016666666666666607,3.0166666666666666,1765.46,synthetic_segment_000,0.99996946614453841,0.00069559322033898295
0.037500000000000089,3.0375000000000001,1765.46,synthetic_segment_000,0.99952417768244095,0.00069966101694915234
0.058333333333333126,3.0583333333333331,1765.46,synthetic_segment_000,0.99826165481869611,0.00070372881355932194
0.079166666666666607,3.0791666666666666,1765.46,synthetic_segment_000,1.0005511485465486,0.00070779661016949155
0.10000000000000009,3.1000000000000001,1765.46,synthetic_segment_000,1.000551574055361,0.00071186440677966094
0.12083333333333313,3.1208333333333331,1765.46,synthetic_segment_000,1.0008888364257207,0.00071593220338983033
0.14166666666666661,3.1416666666666666,1765.46,synthetic_segment_000,0.99974209016381832,0.00071999999999999994
-0.13958333333333334,4.8604166666666666,1765.46,synthetic_segment_001,0.9994333359771217,0.00047999999999999996
-0.11875000000000002,4.8812499999999996,1765.46,synthetic_segment_001,1.0004125483040813,0.0004843636363636364
-0.097916666666666652,4.9020833333333336,1765.46,synthetic_segment_001,1.0005124786457129,0.00048872727272727273
-0.077083333333333337,4.9229166666666666,1765.46,synthetic_segment_001,1.0006701124926414,0.00049309090909090906
-0.056250000000000022,4.9437499999999996,1765.46,synthetic_segment_001,0.999749583698466,0.00049745454545454539
-0.035416666666666652,4.9645833333333336,1765.46,synthetic_segment_001,0.9999864889774942,0.00050181818181818183
-0.014583333333333337,4.9854166666666666,1765.46,synthetic_segment_001,0.99980919718665817,0.00050618181818181817
0.0062499999999999778,5.0062499999999996,1765.46,synthetic_segment_001,0.99936491178604481,0.0005105454545454545
0.027083333333333348,5.0270833333333336,1765.46,synthetic_segment_001,1.0006999814907218,0.00051490909090909083
0.047916666666666607,5.0479166666666666,1765.46,synthetic_segment_001,0.99941911864165001,0.00051927272727272727
0.068749999999999978,5.0687499999999996,1765.46,synthetic_segment_001,1.0005107133893119,0.0005236363636363636
0.089583333333333348,5.0895833333333336,1765.46,synthetic_segment_001,1.0004772229174674,0.00052799999999999993
0.11041666666666661,5.1104166666666666,1765.46,synthetic_segment_001,0.99997442108428647,0.00053236363636363637
0.13124999999999998,5.1312499999999996,1765.46,synthetic_segment_001,1.0009764328084525,0.0005367272727272727
-0.13958333333333339,5.8604166666666666,1765.46,synthetic_segment_001,0.99981013902007787,0.00054109090909090904
-0.11875000000000013,5.8812499999999996,1765.46,synthetic_segment_001,0.99975977269157035,0.00054545454545454548
-0.097916666666666874,5.9020833333333336,1765.46,synthetic_segment_001,0.99975662744126681,0.00054981818181818181
-0.077083333333333393,5.9229166666666666,1765.46,synthetic_segment_001,0.99949930183007263,0.00055418181818181814
-0.056250000000000133,5.9437499999999996,1765.46,synthetic_segment_001,1.0002995480584147,0.00055854545454545447
-0.035416666666666874,5.9645833333333336,1765.46,synthetic_segment_001,1.0005008430710569,0.00056290909090909091
-0.014583333333333393,5.9854166666666666,1765.46,synthetic_segment_001,0.99933784600254438,0.00056727272727272724
0.0062499999999998668,6.0062499999999996,1765.46,synthetic_segment_001,1.0005815434872052,0.00057163636363636357
0.027083333333333126,6.0270833333333336,1765.46,synthetic_segment_001,1.0008203873261385,0.00057599999999999991
0.047916666666666607,6.0479166666666666,1765.46,synthetic_segment_001,1.0007825882893666,0.00058036363636363635
0.068749999999999867,6.0687499999999996,1765.46,synthetic_segment_001,1.000434887298782,0.00058472727272727268
0.089583333333333126,6.0895833333333336,1765.46,synthetic_segment_001,0.99955854633584962,0.00058909090909090901
0.11041666666666661,6.1104166666666666,1765.46,synthetic_segment_001,1.0005322946544517,0.00059345454545454534
0.13124999999999987,6.1312499999999996,1765.46,synthetic_segment_001,0.99992088585014494,0.00059781818181818178
-0.13958333333333339,6.8604166666666666,1765.46,synthetic_segment_001,0.99957005563092438,0.00060218181818181811
-0.11875000000000036,6.8812499999999996,1765.46,synthetic_segment_001,1.0010187105072279,0.00060654545454545455
-0.097916666666666874,6.9020833333333336,1765.46,synthetic_segment_001,0.99987903503150044,0.00061090909090909078
-0.077083333333333393,6.9229166666666666,1765.46,synthetic_segment_001,0.99983630055780726,0.00061527272727272722
-0.056250000000000355,6.9437499999999996,1765.46,synthetic_segment_001,1.0004817042456007,0.00061963636363636355
-0.035416666666666874,6.9645833333333336,1765.46,synthetic_segment_001,0.99883099016786703,0.00062399999999999999
-0.014583333333333393,6.9854166666666666,1765.46,synthetic_segment_001,1.0001188467601108,0.00062836363636363632
0.0062499999999996447,7.0062499999999996,1765.46,synthetic_segment_001,1.000185024570255,0.00063272727272727265
0.027083333333333126,7.0270833333333336,1765.46,synthetic_segment_001,1.0010409334614132,0.00063709090909090898
0.047916666666666607,7.0479166666666666,1765.46,synthetic_segment_001,1.0002976397921011,0.00064145454545454542
0.068749999999999645,7.0687499999999996,1765.46,synthetic_segment_001,0.99992475016708893,0.00064581818181818176
0.089583333333333126,7.0895833333333336,1765.46,synthetic_segment_001,0.99951959269966428,0.00065018181818181809
0.11041666666666661,7.1104166666666666,1765.46,synthetic_segment_001,0.99885239370313783,0.00065454545454545442
0.13124999999999964,7.1312499999999996,1765.46,synthetic_segment_001,0.99952458918960252,0.00065890909090909086
-0.13958333333333339,7.8604166666666666,1765.46,synthetic_segment_001,1.001452496635957,0.00066327272727272719
-0.11875000000000036,7.8812499999999996,1765.46,synthetic_segment_001,0.99910901453667988,0.00066763636363636363
-0.097916666666666874,7.9020833333333336,1765.46,synthetic_segment_001,0.99949267788700891,0.00067199999999999996
-0.077083333333333393,7.9229166666666666,1765.46,synthetic_segment_001,1.0005260006073791,0.00067636363636363629
-0.056250000000000355,7.9437499999999996,1765.46,synthetic_segment_001,1.0008273135211352,0.00068072727272727263
-0.035416666666666874,7.9645833333333336,1765.46,synthetic_segment_001,1.0000919001385917,0.00068509090909090907
-0.014583333333333393,7.9854166666666666,1765.46,synthetic_segment_001,0.99941803815802266,0.00068945454545454529
0.0062499999999996447,8.0062499999999996,1765.46,synthetic_segment_001,1.0001808743274425,0.00069381818181818173
0.027083333333333126,8.0270833333333336,1765.46,synthetic_segment_001,0.99842584736613216,0.00069818181818181806
0.047916666666666607,8.0479166666666657,1765.46,synthetic_segment_001,1.0004152745410941,0.0007025454545454545
0.068749999999999645,8.0687499999999996,1765.46,synthetic_segment_001,0.99968744114513119,0.00070690909090909083
0.089583333333333126,8.0895833333333336,1765.46,synthetic_segment_001,1.0003797459291464,0.00071127272727272727
0.11041666666666661,8.1104166666666657,1765.46,synthetic_segment_001,1.0000718329410136,0.0007156363636363635
0.13124999999999964,8.1312499999999996,1765.46,synthetic_segment_001,0.99984499132525684,0.00071999999999999994
